meta_ID,meta_yearID,meta_teamID,meta_franchID,ctx_mlb_rpg,ctx_era_1,ctx_era_2,ctx_era_3,ctx_era_4,ctx_era_5,ctx_era_6,ctx_era_7,ctx_era_8,ctx_decade_1910,ctx_decade_1920,ctx_decade_1930,ctx_decade_1940,ctx_decade_1950,ctx_decade_1960,ctx_decade_1970,ctx_decade_1980,ctx_decade_1990,ctx_decade_2000,ctx_decade_2010,raw_R,raw_RA,raw_AB,raw_H,raw_2B,raw_3B,raw_HR,raw_BB,raw_SO,raw_SB,raw_ER,raw_CG,raw_SHO,raw_SV,raw_IPouts,raw_HA,raw_HRA,raw_BBA,raw_SOA,raw_E,raw_DP,season_G,core_R_pg,core_RA_pg,core_RDiff_pg,core_Pythag_win_pct,core_R_adj,core_RA_adj,core_RDiff_adj,bat_AVG,bat_OBP_approx,bat_SLG,bat_OPS_approx,bat_ISO,bat_HR_per_AB,bat_BB_rate_approx,bat_SO_rate_approx,bat_XBH_per_H,bat_SB_per_onbase_approx,pitch_ERA,pitch_WHIP,pitch_K_BB,pitch_K9,pitch_BB9,pitch_H9,pitch_HR9,pitch_CG_pg,pitch_SHO_pg,pitch_SV_pg,field_FP,field_E_pg,field_DP_pg
1756,1940,PIT,PIT,4.451573849878935,0,0,0,1,0,0,0,0,0,0,0,0,1,0,0,0,0,0,0,588,653,5221,1340,199,57,110,383,752.0,24,572,37,8,24,4128,1406,142,469,662,162,140.0,157.0,3.745222929936306,4.159235668789809,-0.4140127388535032,0.4521776723060523,0.8413255752318163,0.9343292527659456,-0.09300367753412934,0.2566558130626317,0.30745895788722344,0.3798122964949243,0.6872712543821478,0.12315648343229263,0.02106876077379812,0.06834403997144896,0.13418986438258387,0.27313432835820894,0.013929193267556587,3.74,1.3626453488372092,1.4115138592750534,4.329941860465117,3.0675872093023253,9.196220930232558,0.9287790697674418,0.2356687898089172,0.050955414012738856,0.15286624203821655,0.973,1.0318471337579618,0.89171974522293
1282,1951,WS1,MIN,4.525174825174825,0,0,0,1,0,0,0,0,0,0,0,0,0,1,0,0,0,0,0,707,778,5417,1353,215,40,167,597,840.0,47,681,49,14,23,4296,1415,163,570,914,174,150.0,161.0,4.391304347826087,4.832298136645963,-0.4409937888198758,0.45633069279822175,0.9704165070918411,1.0678699328393952,-0.09745342574755407,0.24976924496954034,0.3242434319920186,0.3967140483662544,0.720957480358273,0.14694480339671406,0.030828872069411112,0.09926837379447954,0.13967409378117726,0.31189948263118994,0.024102564102564103,4.28,1.386173184357542,1.6035087719298247,5.744413407821229,3.5824022346368714,8.893156424581006,1.024441340782123,0.30434782608695654,0.08695652173913043,0.14285714285714285,0.971,1.0807453416149069,0.9316770186335404
351,1966,BOS,BOS,4.07245632065776,0,0,0,0,1,0,0,0,0,0,0,0,0,1,0,0,0,0,0,743,736,5494,1381,234,37,197,658,923.0,41,639,30,7,41,4398,1423,155,685,935,157,178.0,162.0,4.58641975308642,4.54320987654321,0.043209876543209874,0.5043305528499239,1.1262047747010944,1.1155945009152157,0.010610273785878411,0.25136512559155444,0.3314369310793238,0.4149981798325446,0.7464351109118684,0.16363305424099017,0.03585729887149618,0.10695708712613784,0.15003250975292587,0.3388848660391021,0.020107896027464444,3.92,1.4379263301500682,1.364963503649635,5.740109140518418,4.205320600272851,8.736016371077763,0.9515688949522509,0.18518518518518517,0.043209876543209874,0.25308641975308643,0.975,0.9691358024691358,1.0987654320987654
421,1926,CHN,CHC,4.810679611650485,0,1,0,0,0,0,0,0,0,0,1,0,0,0,0,0,0,0,0,828,710,5451,1578,340,66,84,577,641.0,49,611,80,8,8,4155,1448,54,524,541,169,141.0,156.0,5.3076923076923075,4.551282051282051,0.7564102564102564,0.56987941283088,1.1033144453931538,0.946078811870941,0.15723563352221273,0.2894881673087507,0.3574983410749834,0.4223078334250596,0.7798061745000431,0.1328196661163089,0.015410016510731976,0.09571997345719974,0.10633709356337094,0.3105196451204056,0.022737819025522042,3.97,1.423826714801444,1.032442748091603,3.5155234657039713,3.4050541516245487,9.409386281588448,0.35090252707581226,0.5128205128205128,0.05128205128205128,0.05128205128205128,0.973,1.0833333333333333,0.9038461538461539
57,2001,ARI,ARI,4.7754219843557015,0,0,0,0,0,0,1,0,0,0,0,0,0,0,0,0,0,1,0,818,677,5595,1494,284,35,208,587,1052.0,71,627,12,13,34,4379,1352,195,461,1297,84,148.0,162.0,5.049382716049383,4.179012345679013,0.8703703703703703,0.5857005538710865,1.0573689053221218,0.8751084949915361,0.1822604103305858,0.2670241286863271,0.3366224522808153,0.4418230563002681,0.7784455085810833,0.174798927613941,0.03717605004468275,0.09495308961501132,0.17017146554513102,0.3527443105756359,0.03411821239788563,3.87,1.242064398264444,2.8134490238611716,7.997031285681662,2.8424297784882393,8.336149805891756,1.2023292989266956,0.07407407407407407,0.08024691358024691,0.20987654320987653,0.986,0.5185185185185185,0.9135802469135802
1557,1961,KC1,OAK,3.8888028895768834,0,0,0,0,1,0,0,0,0,0,0,0,0,0,1,0,0,0,0,691,564,5494,1383,195,25,160,542,1018.0,80,498,57,18,36,4407,1229,131,501,999,117,157.0,161.0,4.291925465838509,3.5031055900621118,0.7888198757763976,0.5918567943810057,1.1036623834399297,0.9008185011000296,0.20284388233990028,0.2517291590826356,0.3189198144466534,0.38369129959956316,0.7026111140462166,0.13196214051692756,0.029122679286494358,0.08979456593770709,0.1686547382372432,0.274765003615329,0.04155844155844156,3.05,1.1776718856364874,1.9940119760479043,6.120490129339687,3.069434989788972,7.529611980939415,0.8025867937372362,0.35403726708074534,0.11180124223602485,0.2236024844720497,0.981,0.7267080745341615,0.9751552795031055
846,2008,COL,COL,4.477759472817134,0,0,0,0,0,0,0,1,0,0,0,0,0,0,0,0,0,0,1,845,860,5614,1544,318,47,204,494,1330.0,66,779,2,9,37,4288,1532,181,547,1223,110,148.0,162.0,5.216049382716049,5.308641975308642,-0.09259259259259259,0.49195063442570114,1.164879313947256,1.185557644964071,-0.020678331016815193,0.2750267189169932,0.3336607727570399,0.4574278589241183,0.7910886316811583,0.1824011400071251,0.03633772711079444,0.08087753765553372,0.2177472167648985,0.36852331606217614,0.0323846908734053,4.91,1.4545242537313434,2.235831809872029,7.7007929104477615,3.444263059701493,9.646455223880599,1.1396921641791045,0.012345679012345678,0.05555555555555555,0.22839506172839505,0.982,0.6790123456790124,0.9135802469135802
1658,1953,PHI,PHI,3.993808049535603,0,0,0,0,1,0,0,0,0,0,0,0,0,1,0,0,0,0,0,696,640,5607,1448,224,49,117,510,969.0,56,579,52,15,23,4377,1439,137,412,928,113,147.0,162.0,4.296296296296297,3.950617283950617,0.345679012345679,0.5383006013582913,1.0757393051966697,0.9891855679969376,0.08655373719973204,0.25824861779917957,0.3200915481445153,0.3782771535580524,0.6983687017025677,0.12002853575887285,0.02086677367576244,0.08337420304070622,0.15841098577734183,0.26933701657458564,0.028600612870275793,3.57,1.2686771761480466,2.2524271844660193,5.72446881425634,2.541466758053461,8.876627827278957,0.8450993831391364,0.32098765432098764,0.09259259259259259,0.1419753086419753,0.982,0.6975308641975309,0.9074074074074074
112,1942,BSN,ATL,4.206225680933852,0,0,1,0,0,0,0,0,0,0,0,1,0,0,0,0,0,0,0,721,728,5441,1453,229,25,101,520,510.0,82,624,57,7,13,4173,1474,99,557,404,193,160.0,154.0,4.681818181818182,4.7272727272727275,-0.045454545454545456,0.49557979091413756,1.1130687074257841,1.123875199730889,-0.010806492305104701,0.2670464988053667,0.33098473410501594,0.3740121301231391,0.704996864228155,0.10696563131777242,0.018562764197757764,0.08723368562321758,0.08555611474584801,0.24432209222298693,0.04156107450582869,4.04,1.460100647016535,0.725314183123878,2.6139468008626885,3.603882099209202,9.537023723939612,0.6405463695183322,0.37012987012987014,0.045454545454545456,0.08441558441558442,0.969,1.2532467532467533,1.0389610389610389
2075,1955,SLN,STL,4.470518307180218,0,0,0,0,0,1,0,0,0,0,0,0,0,0,1,0,0,0,0,737,688,5527,1490,252,56,96,489,823.0,134,612,26,10,31,4338,1420,139,532,768,139,174.0,162.0,4.549382716049383,4.246913580246914,0.30246913580246915,0.5314340555209162,1.0176409989737651,0.9499823708194715,0.06765862815429374,0.2695856703455763,0.3289561170212766,0.3875520173692781,0.7165081343905546,0.11796634702370179,0.01736927808937941,0.08128324468085106,0.13680186170212766,0.27114093959731544,0.06771096513390601,3.81,1.3499308437067774,1.443609022556391,4.780082987551867,3.311203319502075,8.83817427385892,0.8651452282157677,0.16049382716049382,0.06172839506172839,0.19135802469135801,0.978,0.8580246913580247,1.0740740740740742
1946,1937,NY1,SFG,4.451573849878935,0,0,0,1,0,0,0,0,0,0,0,0,1,0,0,0,0,0,0,540,650,5190,1268,192,45,145,402,659.0,67,579,31,9,28,4134,1287,144,551,765,144,143.0,154.0,3.5064935064935066,4.220779220779221,-0.7142857142857143,0.41598246534872835,0.7876974806536949,0.9481543748609291,-0.16045689420723414,0.2443159922928709,0.2986409155937053,0.38246628131021193,0.6811071969039173,0.13815028901734103,0.027938342967244702,0.07188841201716738,0.11784692417739628,0.30126182965299686,0.040119760479041915,3.78,1.3338171262699565,1.3883847549909256,4.996371552975327,3.5986937590711174,8.40566037735849,0.9404934687953556,0.2012987012987013,0.05844155844155844,0.18181818181818182,0.976,0.935064935064935,0.9285714285714286
180,2013,ATL,ATL,4.477759472817134,0,0,0,0,0,0,0,1,0,0,0,0,0,0,0,0,0,0,1,649,779,5514,1404,295,27,122,502,1240.0,75,725,1,9,39,4343,1414,177,547,1227,101,134.0,161.0,4.031055900621118,4.838509316770186,-0.8074534161490683,0.41723890572536565,0.9002394892115595,1.080564810625277,-0.1803253214137176,0.2546245919477693,0.3168218085106383,0.38429452303228145,0.7011163315429197,0.12966993108451214,0.02212549873050417,0.0834441489361702,0.20611702127659576,0.3162393162393162,0.039349422875131164,4.51,1.354593598894773,2.243144424131627,7.628137232327884,3.400644715634354,8.790697674418604,1.1003914344922863,0.006211180124223602,0.055900621118012424,0.2422360248447205,0.983,0.6273291925465838,0.8322981366459627
533,1930,CHA,CHW,4.86468952734013,0,1,0,0,0,0,0,0,0,0,1,0,0,0,0,0,0,0,0,738,750,5314,1460,262,42,74,580,405.0,46,662,80,8,8,4080,1443,105,574,436,145,133.0,153.0,4.823529411764706,4.901960784313726,-0.0784313725490196,0.49262134347414244,0.9915390046283324,1.0076615900694437,-0.016122585441111097,0.2747459540835529,0.3461146929080421,0.3816334211516748,0.7277481140597168,0.10688746706812191,0.013925479864508844,0.09840515778758059,0.06871394638615541,0.2589041095890411,0.022549019607843137,4.38,1.4830882352941177,0.759581881533101,2.8852941176470592,3.7985294117647057,9.549264705882353,0.6948529411764706,0.5228758169934641,0.05228758169934641,0.05228758169934641,0.976,0.9477124183006536,0.869281045751634
756,1936,CLE,CLE,4.167874396135265,0,0,1,0,0,0,0,0,0,0,0,1,0,0,0,0,0,0,0,643,677,5481,1458,270,50,70,512,593.0,48,575,48,7,18,4257,1428,40,621,524,164,192.0,155.0,4.148387096774194,4.367741935483871,-0.21935483870967742,0.476444054937417,0.9953244033987344,1.0479543096437687,-0.05262990624503417,0.2660098522167488,0.3287168363090272,0.3718299580368546,0.7005467943458819,0.10582010582010581,0.01277139208173691,0.08543300517270148,0.09894877356916403,0.2674897119341564,0.024365482233502538,3.65,1.4439746300211416,0.8438003220611916,3.3234672304439745,3.938689217758985,9.05708245243129,0.2536997885835095,0.3096774193548387,0.04516129032258064,0.11612903225806452,0.974,1.0580645161290323,1.238709677419355
1547,1951,PHA,OAK,4.525174825174825,0,0,0,1,0,0,0,0,0,0,0,0,0,1,0,0,0,0,0,683,863,5423,1342,216,47,90,580,772.0,58,745,32,5,23,4245,1519,141,629,703,174,160.0,162.0,4.216049382716049,5.327160493827161,-1.1111111111111112,0.3945865054547552,0.9316876243677871,1.1772275546550517,-0.24553993028726456,0.24746450304259635,0.3201732467099783,0.35441637470035037,0.6745896214103286,0.10695187165775402,0.016595980084823898,0.0966183574879227,0.1286023654839247,0.2630402384500745,0.030176899063475548,4.74,1.5180212014134276,1.1176470588235294,4.471378091872792,4.000706713780919,9.661484098939928,0.8968197879858657,0.19753086419753085,0.030864197530864196,0.1419753086419753,0.972,1.0740740740740742,0.9876543209876543
1677,1972,PHI,PHI,4.409177365668093,0,0,0,0,0,1,0,0,0,0,0,0,0,0,0,1,0,0,0,739,713,5483,1386,266,39,154,589,1154.0,153,621,22,11,39,4353,1473,130,553,874,137,157.0,161.0,4.590062111801243,4.428571428571429,0.16149068322981366,0.5163801852509567,1.0410246019000284,1.004398567191773,0.036626034708255394,0.25278132409265003,0.3252635046113307,0.3997811417107423,0.725044646322073,0.14699981761809228,0.028086813788072224,0.09700263504611331,0.19005270092226614,0.33116883116883117,0.07746835443037975,3.85,1.3962784286698828,1.5804701627486437,5.421088904203997,3.430048242591316,9.13645761543763,0.8063404548587182,0.13664596273291926,0.06832298136645963,0.2422360248447205,0.978,0.8509316770186336,0.9751552795031055
1456,1966,NYA,NYY,3.99484270242393,0,0,0,0,1,0,0,0,0,0,0,0,0,0,1,0,0,0,0,730,575,5555,1496,231,36,120,470,616.0,163,516,62,15,37,4365,1300,97,448,674,126,141.0,159.0,4.591194968553459,3.6163522012578615,0.9748427672955975,0.6074901486120063,1.1492805375710247,0.9052552179497797,0.24402531962124496,0.2693069306930693,0.32630705394190873,0.38865886588658866,0.7149659198284974,0.11935193519351933,0.021602160216021602,0.07800829875518672,0.10224066390041493,0.2586898395721925,0.08290946083418108,3.19,1.2013745704467353,1.5044642857142858,4.169072164948454,2.7711340206185566,8.041237113402062,0.6,0.389937106918239,0.09433962264150944,0.23270440251572327,0.98,0.7924528301886793,0.8867924528301887
1860,2002,SDN,SDP,4.103472882968601,0,0,0,0,0,1,0,0,0,0,0,0,0,0,1,0,0,0,0,614,834,5358,1327,229,37,97,522,702.0,123,736,28,4,20,4257,1540,155,567,630,141,174.0,160.0,3.8375,5.2125,-1.375,0.3634511164623465,0.9351834676250652,1.2702654918555447,-0.3350820242304794,0.24766703994027622,0.31445578231292515,0.35852930197835015,0.6729850842912752,0.11086226203807392,0.018103770063456513,0.08877551020408163,0.11938775510204082,0.27354935945742276,0.06652244456462952,4.67,1.4848484848484849,1.1111111111111112,3.995771670190275,3.596194503171247,9.767441860465116,0.9830866807610994,0.175,0.025,0.125,0.978,0.88125,1.0875
355,1970,BOS,BOS,4.214101904271745,0,0,0,0,1,0,0,0,0,0,0,0,0,0,1,0,0,0,0,738,647,5513,1472,235,30,147,581,799.0,114,584,67,10,33,4320,1417,158,499,808,127,162.0,162.0,4.555555555555555,3.993827160493827,0.5617283950617284,0.5599165729985874,1.0810264343483689,0.9477291368880686,0.13329729746030022,0.2670052602938509,0.33688874302592714,0.40050789044077634,0.7373966334667035,0.13350263014692543,0.02666424814075821,0.09533967837216935,0.13111256974072857,0.2798913043478261,0.05552849488553337,3.65,1.3305555555555555,1.6192384769539079,5.05,3.11875,8.85625,0.9875,0.41358024691358025,0.06172839506172839,0.2037037037037037,0.979,0.7839506172839507,1.0
1877,1979,SEA,SEA,4.789679276315789,0,0,0,0,0,0,1,0,0,0,0,0,0,0,0,0,1,0,0,859,855,5628,1553,321,28,234,558,1081.0,115,783,17,7,31,4272,1530,196,528,1156,125,139.0,161.0,5.3354037267080745,5.3105590062111805,0.024844720496894408,0.5021353467870159,1.1139375767999344,1.1087504402374204,0.005187136562514246,0.27594171997157074,0.3412544455221468,0.46766169154228854,0.8089161370644353,0.1917199715707178,0.04157782515991471,0.09020368574199807,0.17474943420627223,0.37540244687701224,0.05447655139744197,4.95,1.4452247191011236,2.1893939393939394,7.306179775280899,3.3370786516853936,9.669943820224718,1.2387640449438202,0.10559006211180125,0.043478260869565216,0.19254658385093168,0.979,0.7763975155279503,0.8633540372670807
1608,2015,OAK,OAK,4.037277147487845,1,0,0,0,0,0,0,0,1,0,0,0,0,0,0,0,0,0,0,693,636,5400,1433,257,78,73,383,578.0,156,509,77,20,11,4365,1407,40,512,667,213,112.0,159.0,4.3584905660377355,4.0,0.3584905660377358,0.5391873475716388,1.0795618945183791,0.9907667603372139,0.08879513418116539,0.26537037037037037,0.3140238630468615,0.3824074074074074,0.6964312704542689,0.11703703703703705,0.013518518518518518,0.0662286010721079,0.09994812381117067,0.2847173761339846,0.08590308370044053,3.15,1.3189003436426117,1.302734375,4.125773195876288,3.167010309278351,8.703092783505154,0.24742268041237114,0.48427672955974843,0.12578616352201258,0.06918238993710692,0.968,1.3396226415094339,0.7044025157232704
1387,2007,NYN,NYM,3.725780624499599,1,0,0,0,0,0,0,0,1,0,0,0,0,0,0,0,0,0,0,598,526,5220,1354,195,91,27,312,548.0,163,394,123,15,1,4140,1180,29,311,684,275,90.0,155.0,3.858064516129032,3.393548387096774,0.4645161290322581,0.5584243638662432,1.0355050135693913,0.9108288246446485,0.12467618892474276,0.25938697318007664,0.30115690527838035,0.3471264367816092,0.6482833420599896,0.08773946360153256,0.005172413793103448,0.05639913232104121,0.09906001446131597,0.2311669128508124,0.09783913565426171,2.57,1.0804347826086957,2.1993569131832795,4.460869565217392,2.0282608695652176,7.695652173913044,0.1891304347826087,0.7935483870967742,0.0967741935483871,0.0064516129032258064,0.958,1.7741935483870968,0.5806451612903226
1819,2006,PIT,PIT,4.124935732647815,0,0,0,0,1,0,0,0,0,0,0,0,0,0,1,0,0,0,0,541,830,5415,1239,196,27,99,564,900.0,85,735,25,7,19,4335,1536,124,715,855,170,126.0,162.0,3.3395061728395063,5.1234567901234565,-1.7839506172839505,0.3136194825327436,0.8095898674028218,1.2420694823370464,-0.43247961493422454,0.22880886426592797,0.30155544405418966,0.3298245614035088,0.6313800054576985,0.10101569713758082,0.018282548476454295,0.09433015554440542,0.15052684395383845,0.2598870056497175,0.04714364947310039,4.58,1.5577854671280278,1.1958041958041958,5.325259515570934,4.453287197231834,9.566782006920416,0.772318339100346,0.15432098765432098,0.043209876543209874,0.11728395061728394,0.973,1.0493827160493827,0.7777777777777778
1473,1984,NYA,NYY,5.0355094838994265,0,0,0,0,0,0,1,0,0,0,0,0,0,0,0,0,1,0,0,871,787,5628,1621,293,28,162,632,909.0,96,744,6,9,52,4320,1469,143,610,1139,91,146.0,162.0,5.3765432098765435,4.8580246913580245,0.5185185185185185,0.5462640690965294,1.0677257638114952,0.9647533594944279,0.10297240431706726,0.2880241648898365,0.3599041533546326,0.43638948116560056,0.7962936345202332,0.14836531627576405,0.028784648187633263,0.10095846645367412,0.14520766773162938,0.29796421961752007,0.0426098535286285,4.65,1.44375,1.8672131147540985,7.1187499999999995,3.8125,9.18125,0.8937499999999999,0.037037037037037035,0.05555555555555555,0.32098765432098764,0.985,0.5617283950617284,0.9012345679012346
1042,1974,KCA,KCR,4.307728781412992,0,0,0,0,0,1,0,0,0,0,0,0,0,0,0,1,0,0,0,696,767,5598,1515,273,54,109,397,722.0,182,679,19,8,49,4311,1535,133,471,593,164,178.0,163.0,4.269938650306749,4.705521472392638,-0.43558282208588955,0.45567641150405613,0.9912273652720894,1.0923439499478342,-0.10111658467574475,0.27063236870310825,0.3189324437030859,0.3971061093247588,0.7160385530278447,0.12647374062165057,0.019471239728474456,0.06622185154295246,0.12043369474562135,0.2877887788778878,0.09518828451882845,4.25,1.395963813500348,1.2590233545647558,3.7139874739039667,2.9498956158663883,9.613778705636744,0.8329853862212944,0.1165644171779141,0.049079754601226995,0.3006134969325153,0.974,1.0061349693251533,1.0920245398773005
1741,1925,PIT,PIT,4.488745980707395,0,1,0,0,0,0,0,0,0,0,0,1,0,0,0,0,0,0,0,690,643,5297,1417,233,65,56,547,516.0,59,531,71,8,12,4122,1392,66,492,410,194,130.0,156.0,4.423076923076923,4.121794871794871,0.30128205128205127,0.5322304415626286,0.9853702887370511,0.9182508632723533,0.06711942546469768,0.2675099112705305,0.33607118412046544,0.36775533320747594,0.7038265173279414,0.10024542193694547,0.01057202189918822,0.09360027378507871,0.08829568788501027,0.24982357092448837,0.03004073319755601,3.48,1.3711790393013101,0.8333333333333334,2.685589519650655,3.222707423580786,9.117903930131003,0.43231441048034935,0.4551282051282051,0.05128205128205128,0.07692307692307693,0.968,1.2435897435897436,0.8333333333333334
1058,1991,KCA,KCR,4.7754219843557015,0,0,0,0,0,0,1,0,0,0,0,0,0,0,0,0,0,1,0,729,858,5643,1503,277,37,152,406,898.0,100,779,5,1,30,4320,1537,209,576,911,117,204.0,162.0,4.5,5.296296296296297,-0.7962962962962963,0.42600671893729347,0.9423251002198372,1.109073986266969,-0.16674888604713167,0.266347687400319,0.3155893536121673,0.4093567251461988,0.7249460787583661,0.1430090377458798,0.026936026936026935,0.06711853198875847,0.1484542899652835,0.3100465735196274,0.05238344683080147,4.87,1.4673611111111111,1.5815972222222223,5.69375,3.6,9.606250000000001,1.3062500000000001,0.030864197530864196,0.006172839506172839,0.18518518518518517,0.981,0.7222222222222222,1.2592592592592593
369,1985,BOS,BOS,4.138095238095239,0,0,0,0,0,1,0,0,0,0,0,0,0,0,0,1,0,0,0,813,689,5545,1569,310,39,124,623,728.0,65,629,26,14,37,4278,1415,143,493,1085,93,123.0,162.0,5.018518518518518,4.253086419753086,0.7654320987654321,0.5751381961747486,1.2127605165579844,1.0277884328517237,0.18497208370626086,0.2829576194770063,0.3553826199740597,0.4200180342651037,0.7754006542391634,0.13706041478809738,0.02236248872858431,0.10100518806744488,0.11802853437094682,0.301465901848311,0.029653284671532845,3.97,1.338008415147265,2.2008113590263694,6.847826086956522,3.111500701262272,8.930575035063113,0.9025245441795231,0.16049382716049382,0.08641975308641975,0.22839506172839505,0.984,0.5740740740740741,0.7592592592592593
1180,2005,LAN,LAD,4.250102923013586,0,0,0,0,0,0,0,1,0,0,0,0,0,0,0,0,0,0,1,667,595,5385,1346,263,26,187,563,1258.0,59,553,6,21,47,4337,1317,145,395,1396,75,133.0,162.0,4.117283950617284,3.6728395061728394,0.4444444444444444,0.5520701316200043,0.9687492338886408,0.8641766029441398,0.10457263094450095,0.2499535747446611,0.32094821788836586,0.412627669452182,0.7335758873405478,0.1626740947075209,0.034726090993500464,0.09465366509751177,0.21149966375252185,0.3536404160475483,0.030906233630172867,3.44,1.184228729536546,3.5341772151898736,8.69080009222965,2.4590730919990778,8.198985473829836,0.902697717316117,0.037037037037037035,0.12962962962962962,0.29012345679012347,0.988,0.46296296296296297,0.8209876543209876
1229,2009,MIL,MIL,3.607282184655397,1,0,0,0,0,0,0,0,1,0,0,0,0,0,0,0,0,0,0,518,664,4956,1180,144,65,26,306,855.0,233,477,115,13,1,3966,1331,15,451,558,273,78.0,151.0,3.4304635761589406,4.397350993377484,-0.9668874172185431,0.38831474774683117,0.9509828731312996,1.2190205169096195,-0.26803764377831996,0.23809523809523808,0.282402128468263,0.30912025827280065,0.5915223867410637,0.07102502017756257,0.005246166263115416,0.05815279361459521,0.16248574686431014,0.19915254237288135,0.15679676985195154,3.25,1.3479576399394857,1.237250554323725,3.7987897125567325,3.0703479576399397,9.061270801815432,0.1021180030257186,0.7615894039735099,0.08609271523178808,0.006622516556291391,0.955,1.8079470198675496,0.5165562913907285
101,1931,BSN,ATL,4.930343926861124,0,1,0,0,0,0,0,0,0,0,1,0,0,0,0,0,0,0,0,683,714,5370,1460,233,44,83,375,440.0,30,621,62,12,20,4077,1512,78,405,462,169,120.0,152.0,4.493421052631579,4.697368421052632,-0.20394736842105263,0.4797036019842236,0.911380852794237,0.9527466016033459,-0.04136574880910886,0.2718808193668529,0.31940818102698,0.3780260707635009,0.6974342517904809,0.10614525139664804,0.015456238361266294,0.06527415143603134,0.07658833768494343,0.2465753424657534,0.01634877384196185,4.11,1.4105960264900663,1.1407407407407408,3.0596026490066226,2.6821192052980134,10.013245033112582,0.5165562913907285,0.40789473684210525,0.07894736842105263,0.13157894736842105,0.972,1.111842105263158,0.7894736842105263
1964,1955,NY1,SFG,4.124935732647815,0,0,0,0,1,0,0,0,0,0,0,0,0,0,1,0,0,0,0,634,723,5482,1380,228,38,93,548,869.0,107,604,27,11,25,4317,1409,116,559,756,175,153.0,162.0,3.9135802469135803,4.462962962962963,-0.5493827160493827,0.44019041858030117,0.9487615081948041,1.0819472719634753,-0.13318576376867122,0.2517329441809559,0.3197346600331675,0.35808099233856255,0.67781565237173,0.10634804815760668,0.01696461145567311,0.09087893864013268,0.14411276948590382,0.26014492753623186,0.05549792531120332,3.78,1.3676164002779707,1.3524150268336315,4.728283530229326,3.4961779013203613,8.812369701181376,0.7255038220986796,0.16666666666666666,0.06790123456790123,0.15432098765432098,0.972,1.0802469135802468,0.9444444444444444
1581,1986,OAK,OAK,4.789679276315789,0,0,0,0,0,0,1,0,0,0,0,0,0,0,0,0,1,0,0,804,866,5490,1413,295,13,149,633,1122.0,131,770,12,4,39,4302,1555,179,529,922,141,155.0,162.0,4.962962962962963,5.345679012345679,-0.38271604938271603,0.46606656258326984,1.0361785574044664,1.1160828740202335,-0.0799043166157673,0.2573770491803279,0.3341499265066144,0.39726775956284155,0.7314176860694559,0.13989071038251366,0.027140255009107467,0.10338069573738363,0.18324350808427242,0.32342533616418967,0.06402737047898338,4.83,1.4532775453277544,1.7429111531190926,5.7866108786610875,3.3200836820083683,9.759414225941422,1.1234309623430963,0.07407407407407407,0.024691358024691357,0.24074074074074073,0.977,0.8703703703703703,0.9567901234567902
252,1974,BAL,BAL,4.470518307180218,0,0,0,0,0,1,0,0,0,0,0,0,0,0,1,0,0,0,0,719,653,5494,1433,231,25,148,560,945.0,90,603,65,11,23,4353,1414,124,494,737,106,189.0,161.0,4.46583850931677,4.055900621118012,0.40993788819875776,0.5439364206567969,0.9989531867354324,0.9072551195246695,0.09169806721076293,0.2608299963596651,0.329203832177073,0.39279213687659265,0.7219959690536657,0.13196214051692756,0.02693847834000728,0.09250082590023125,0.15609514370664024,0.2819260293091417,0.04515805318615153,3.74,1.3149552033080634,1.491902834008097,4.571330117160579,3.0640937284631287,8.770503101309442,0.7691247415575465,0.40372670807453415,0.06832298136645963,0.14285714285714285,0.983,0.6583850931677019,1.173913043478261
1618,1910,PHI,PHI,5.128664495114006,0,1,0,0,0,0,0,0,0,1,0,0,0,0,0,0,0,0,0,812,930,5412,1598,288,58,100,456,542.0,48,753,69,8,9,4050,1753,117,444,371,211,147.0,153.0,5.30718954248366,6.078431372549019,-0.7712418300653595,0.4382414369253258,1.0348092661432098,1.1851879526024445,-0.1503786864592349,0.295269770879527,0.3500340831629175,0.4253510716925351,0.7753851548554527,0.13008130081300812,0.018477457501847747,0.07770961145194274,0.09236537150647581,0.27909887359199,0.023369036027263874,5.02,1.6274074074074074,0.8355855855855856,2.473333333333333,2.96,11.686666666666667,0.78,0.45098039215686275,0.05228758169934641,0.058823529411764705,0.965,1.3790849673202614,0.9607843137254902
2257,1984,MON,WSN,4.650947281713345,0,0,0,0,0,0,1,0,0,0,0,0,0,0,0,0,0,1,0,641,825,5491,1376,269,26,117,534,1095.0,81,742,2,8,28,4302,1496,190,588,1063,123,143.0,161.0,3.981366459627329,5.124223602484472,-1.1428571428571428,0.3865570770572374,0.8560334526433611,1.1017591239169624,-0.2457256712736013,0.25059187761792023,0.31701244813278007,0.3729739573848115,0.6899864055175915,0.12238207976689125,0.021307594245128392,0.08863070539419086,0.1817427385892116,0.29941860465116277,0.042408376963350786,4.66,1.4532775453277544,1.8078231292517006,6.671548117154812,3.690376569037657,9.389121338912135,1.192468619246862,0.012422360248447204,0.049689440993788817,0.17391304347826086,0.98,0.7639751552795031,0.8881987577639752
773,1954,CLE,CLE,4.460518198642813,0,0,0,1,0,0,0,0,0,0,0,0,0,1,0,0,0,0,0,682,745,5484,1341,202,22,180,502,939.0,35,663,45,12,31,4323,1410,174,594,780,139,168.0,162.0,4.209876543209877,4.598765432098766,-0.3888888888888889,0.45966562304263037,0.943808848149258,1.0309935364680312,-0.0871846883187731,0.24452954048140044,0.3078850651520214,0.38785557986870894,0.6957406450207304,0.1433260393873085,0.03282275711159737,0.0838623454727698,0.15686602071500166,0.3012677106636838,0.018990775908844276,4.14,1.3907009021512837,1.3131313131313131,4.871616932685635,3.7099236641221376,8.806384455239417,1.0867453157529494,0.2777777777777778,0.07407407407407407,0.19135802469135801,0.977,0.8580246913580247,1.037037037037037
1350,1967,NYN,NYM,4.470518307180218,0,0,0,0,0,1,0,0,0,0,0,0,0,0,1,0,0,0,0,587,663,5410,1319,227,30,88,529,887.0,98,600,27,12,28,4299,1378,118,490,911,134,132.0,162.0,3.623456790123457,4.092592592592593,-0.4691358024691358,0.4445285792608678,0.8105227495218456,0.9154626625774848,-0.10493991305563927,0.24380776340110905,0.31116349553796935,0.3456561922365989,0.6568196877745682,0.10184842883548983,0.016266173752310535,0.08907223438289275,0.14935174271762924,0.26156178923426837,0.05303030303030303,3.77,1.3035589672016747,1.8591836734693878,5.721563154221911,3.0774598743893926,8.65457083042568,0.741102581995813,0.16666666666666666,0.07407407407407407,0.1728395061728395,0.978,0.8271604938271605,0.8148148148148148
545,1944,CHA,CHW,4.607258064516129,0,0,0,1,0,0,0,0,0,0,0,1,0,0,0,0,0,0,0,648,737,5204,1340,207,66,43,702,596.0,62,651,57,10,17,4089,1362,108,693,502,135,180.0,154.0,4.207792207792208,4.785714285714286,-0.577922077922078,0.44139168859737754,0.9132964007810849,1.0387337150858942,-0.1254373143048095,0.25749423520368947,0.3457500846596681,0.3474250576479631,0.6931751423076312,0.08993082244427364,0.008262874711760184,0.11886217406027769,0.10091432441584829,0.23582089552238805,0.030362389813907934,4.3,1.5077035950110051,0.7243867243867244,3.3147468818782095,4.57593543653705,8.993396918561995,0.7131327953044754,0.37012987012987014,0.06493506493506493,0.11038961038961038,0.978,0.8766233766233766,1.1688311688311688
1006,1984,HOU,HOU,4.1170465337132,0,0,0,0,0,1,0,0,0,0,0,0,0,0,0,0,1,0,0,608,668,5480,1350,255,38,96,506,1025.0,139,603,5,12,45,4377,1386,114,539,978,112,125.0,162.0,3.753086419753086,4.1234567901234565,-0.37037037037037035,0.4570492845656624,0.911596793725852,1.0015570036330084,-0.08996020990715645,0.24635036496350365,0.31005679919812895,0.3593065693430657,0.6693633685411946,0.11295620437956205,0.017518248175182483,0.0845305713331106,0.17123287671232876,0.28814814814814815,0.07489224137931035,3.72,1.319396847155586,1.8144712430426717,6.032899246058944,3.324880054832077,8.549691569568196,0.7032213845099383,0.030864197530864196,0.07407407407407407,0.2777777777777778,0.982,0.691358024691358,0.7716049382716049
2156,1964,WS2,TEX,4.722802850356294,0,0,0,0,0,1,0,0,0,0,0,0,0,0,0,1,0,0,0,823,849,5564,1478,264,35,194,567,1081.0,120,743,20,3,27,4332,1388,199,760,1103,148,148.0,162.0,5.080246913580247,5.2407407407407405,-0.16049382716049382,0.4857742244823508,1.0756847309849036,1.1096674806879505,-0.03398274970304677,0.26563623292595256,0.3335508073723699,0.43026599568655644,0.7638168030589263,0.16462976276060387,0.03486700215672178,0.0924808351003099,0.17631707714891534,0.33355886332882273,0.05867970660146699,4.63,1.4875346260387812,1.4513157894736841,6.874653739612188,4.7368421052631575,8.650969529085874,1.2403047091412742,0.12345679012345678,0.018518518518518517,0.16666666666666666,0.976,0.9135802469135802,0.9135802469135802
1828,2015,PIT,PIT,4.256769596199525,0,0,0,0,0,1,0,0,0,0,0,0,0,0,0,1,0,0,0,686,634,5504,1425,207,42,109,472,810.0,152,565,13,17,44,4380,1327,122,563,812,138,144.0,162.0,4.234567901234568,3.9135802469135803,0.32098765432098764,0.5360017069232005,0.9947843794541339,0.919377983343908,0.07540639611022588,0.25890261627906974,0.3174364123159304,0.3711845930232558,0.6886210053391861,0.11228197674418605,0.019803779069767442,0.07898259705488621,0.1355421686746988,0.2512280701754386,0.08012651555086979,3.48,1.2945205479452055,1.4422735346358793,5.005479452054795,3.4705479452054795,8.18013698630137,0.752054794520548,0.08024691358024691,0.10493827160493827,0.2716049382716049,0.977,0.8518518518518519,0.8888888888888888
409,1912,CHN,CHC,3.587810745789896,1,0,0,0,0,0,0,0,1,0,0,0,0,0,0,0,0,0,0,552,567,5135,1229,194,67,17,415,599.0,127,409,79,16,9,4212,1303,34,374,654,267,121.0,157.0,3.515923566878981,3.611464968152866,-0.09554140127388536,0.48773630985191657,0.9799634975185716,1.006592940385924,-0.026629442867352488,0.23933787731256087,0.29621621621621624,0.3131450827653359,0.6093612989815522,0.07380720545277505,0.003310613437195716,0.07477477477477477,0.10792792792792792,0.22620016273393004,0.07725060827250609,2.62,1.1944444444444444,1.7486631016042782,4.1923076923076925,2.3974358974358974,8.352564102564102,0.21794871794871792,0.5031847133757962,0.10191082802547771,0.05732484076433121,0.959,1.7006369426751593,0.7707006369426752
757,1937,CLE,CLE,4.006843800322061,0,0,0,1,0,0,0,0,0,0,0,1,0,0,0,0,0,0,0,537,638,5242,1285,233,56,79,506,697.0,57,558,63,16,13,4164,1282,84,649,789,147,147.0,156.0,3.4423076923076925,4.089743589743589,-0.6474358974358975,0.4218014672035602,0.8591070338282235,1.0206895485705894,-0.16158251474236607,0.24513544448683708,0.3115866388308977,0.356161770316673,0.6677484091475707,0.11102632582983593,0.01507058374666158,0.08803061934585943,0.12125956854558108,0.2863813229571984,0.031825795644891124,3.62,1.3912103746397695,1.2157164869029276,5.11599423631124,4.20821325648415,8.312680115273775,0.5446685878962536,0.40384615384615385,0.10256410256410256,0.08333333333333333,0.975,0.9423076923076923,0.9423076923076923
1610,1892,PHI,PHI,3.792771084337349,1,0,0,0,0,0,0,0,1,0,0,0,0,0,0,0,0,0,0,589,463,4916,1216,202,39,58,460,600.0,121,331,98,20,8,4122,1161,26,342,652,216,99.0,153.0,3.849673202614379,3.026143790849673,0.8235294117647058,0.6083732579322979,1.0150027821378447,0.7978714569266928,0.2171313252111518,0.24735557363710334,0.3117559523809524,0.3397070789259561,0.6514630313069085,0.09235150528885275,0.011798209926769731,0.08556547619047619,0.11160714285714286,0.24588815789473684,0.07219570405727924,2.17,1.0938864628820961,1.9064327485380117,4.270742358078603,2.2401746724890828,7.604803493449782,0.1703056768558952,0.6405228758169934,0.13071895424836602,0.05228758169934641,0.966,1.411764705882353,0.6470588235294118
1467,1977,NYA,NYY,4.138095238095239,0,0,0,0,0,1,0,0,0,0,0,0,0,0,0,1,0,0,0,772,748,5592,1469,272,12,148,588,935.0,146,689,16,5,43,4368,1512,157,487,861,134,161.0,161.0,4.795031055900621,4.645962732919255,0.14906832298136646,0.5144445488226113,1.1587531895732222,1.1227297743533293,0.03602341521989292,0.2626967095851216,0.33284789644012946,0.3950286123032904,0.7278765087434198,0.1323319027181688,0.026466380543633764,0.09514563106796116,0.15129449838187703,0.29407760381211706,0.07097715119105494,4.26,1.3729395604395604,1.7679671457905544,5.322115384615385,3.0103021978021975,9.346153846153847,0.9704670329670331,0.09937888198757763,0.031055900621118012,0.2670807453416149,0.978,0.8322981366459627,1.0
1749,1933,PIT,PIT,4.607258064516129,0,0,0,1,0,0,0,0,0,0,0,1,0,0,0,0,0,0,0,681,760,5214,1350,191,41,126,548,554.0,48,689,53,9,15,4068,1452,142,535,556,132,173.0,154.0,4.422077922077922,4.935064935064935,-0.512987012987013,0.4499547036607625,0.9598068656356771,1.0711500996815193,-0.11134323404584213,0.25891829689298046,0.32939951405761886,0.38377445339470656,0.7131739674523254,0.1248561565017261,0.024165707710011506,0.09510586601874349,0.09614717112113849,0.2651851851851852,0.02528977871443625,4.57,1.4653392330383481,1.0392523364485982,3.690265486725664,3.5508849557522124,9.637168141592921,0.9424778761061947,0.34415584415584416,0.05844155844155844,0.09740259740259741,0.978,0.8571428571428571,1.1233766233766234
630,1916,CIN,CIN,4.636547811993517,0,1,0,0,0,0,0,0,0,1,0,0,0,0,0,0,0,0,0,747,651,5320,1541,242,120,35,454,333.0,51,535,88,14,8,4224,1449,40,324,424,183,160.0,157.0,4.75796178343949,4.146496815286624,0.6114649681528662,0.56260144098681,1.026186286946488,0.894306924768626,0.13187936217786192,0.28966165413533834,0.3455143747835123,0.4,0.7455143747835123,0.11033834586466168,0.006578947368421052,0.07862833391063388,0.05767232421198476,0.25762491888384165,0.02556390977443609,3.42,1.2592329545454546,1.308641975308642,2.710227272727273,2.071022727272727,9.262073863636363,0.2556818181818182,0.5605095541401274,0.08917197452229299,0.050955414012738856,0.972,1.1656050955414012,1.019108280254777
2072,1952,SLN,STL,4.124935732647815,0,0,0,0,1,0,0,0,0,0,0,0,0,0,1,0,0,0,0,677,643,5620,1492,216,46,83,531,752.0,172,570,37,13,20,4419,1399,97,616,794,147,192.0,161.0,4.204968944099379,3.9937888198757765,0.2111801242236025,0.523555945062583,1.0194022929419535,0.9682063136804667,0.05119597926148658,0.26548042704626335,0.32888961144529344,0.36459074733096086,0.6934803587762544,0.09911032028469752,0.014768683274021352,0.08632742643472606,0.12225654365143879,0.2312332439678284,0.08502224419179437,3.48,1.3679565512559402,1.2889610389610389,4.85132382892057,3.763747454175153,8.54786150712831,0.5926680244399185,0.22981366459627328,0.08074534161490683,0.12422360248447205,0.977,0.9130434782608695,1.1925465838509317
508,2016,CHN,CHC,3.385450160771704,1,0,0,0,0,0,0,0,1,0,0,0,0,0,0,0,0,0,0,537,470,5027,1127,145,41,3,463,855.0,209,349,107,23,10,4242,1170,11,284,623,233,82.0,156.0,3.4423076923076925,3.0128205128205128,0.42948717948717946,0.5606685278988088,1.0167946739239628,0.8899320237323325,0.12686265019163037,0.2241893773622439,0.2896174863387978,0.27113586632186193,0.5607533526606597,0.04694648895961803,0.0005967774020290431,0.08433515482695811,0.1557377049180328,0.16770186335403728,0.13144654088050314,2.22,1.0282885431400284,2.193661971830986,3.9653465346534653,1.8076379066478077,7.446958981612447,0.07001414427157002,0.6858974358974359,0.14743589743589744,0.0641025641025641,0.966,1.4935897435897436,0.5256410256410257
97,1927,BSN,ATL,5.549027552674231,0,1,0,0,0,0,0,0,0,0,1,0,0,0,0,0,0,0,0,693,835,5356,1503,246,78,66,332,397.0,69,743,71,6,11,4083,1624,117,475,424,178,167.0,154.0,4.5,5.422077922077922,-0.922077922077922,0.4155386173214956,0.8109529025191674,0.9771221841320415,-0.16616928161287411,0.2806198655713219,0.32260900140646975,0.3926437640029873,0.715252765409457,0.11202389843166538,0.012322628827483197,0.058368495077355836,0.06979606188466948,0.25948103792415167,0.03760217983651226,4.91,1.5422483468038206,0.8926315789473684,2.80382072005878,3.141072740631888,10.739162380602497,0.7736958119030125,0.461038961038961,0.03896103896103896,0.07142857142857142,0.971,1.155844155844156,1.0844155844155845
1740,1924,PIT,PIT,4.679611650485437,0,1,0,0,0,0,0,0,0,0,0,1,0,0,0,0,0,0,0,809,783,5466,1511,276,68,76,553,494.0,69,672,49,8,24,4164,1569,72,492,491,217,160.0,156.0,5.185897435897436,5.019230769230769,0.16666666666666666,0.5149403472291528,1.1081897010320247,1.0725742100223428,0.03561549100968188,0.2764361507500915,0.3429141053331118,0.3935236004390779,0.7364377057721897,0.11708744968898643,0.013904134650567142,0.09187572686492773,0.08207343412526998,0.27796161482461945,0.03343023255813953,4.36,1.4848703170028819,0.9979674796747967,3.1837175792507204,3.1902017291066285,10.173631123919309,0.46685878962536026,0.3141025641025641,0.05128205128205128,0.15384615384615385,0.966,1.391025641025641,1.0256410256410255
1652,1947,PHI,PHI,4.313915857605178,0,0,0,1,0,0,0,0,0,0,0,0,0,1,0,0,0,0,0,546,691,5169,1235,196,44,99,448,1054.0,45,613,45,6,16,4125,1423,133,439,736,155,129.0,154.0,3.5454545454545454,4.487012987012987,-0.9415584415584416,0.3938868136203268,0.821864557048353,1.0401252910630256,-0.21826073401467252,0.23892435674211646,0.29962613494748086,0.3513252079705939,0.6509513429180748,0.11240085122847746,0.019152640742890307,0.0797578778707495,0.18764465016912943,0.2744939271255061,0.026737967914438502,4.01,1.3541818181818182,1.6765375854214124,4.817454545454545,2.8734545454545453,9.314181818181819,0.8705454545454546,0.2922077922077922,0.03896103896103896,0.1038961038961039,0.974,1.0064935064935066,0.8376623376623377
462,1967,CHN,CHC,3.686390532544378,0,0,0,0,1,0,0,0,0,0,0,0,0,0,1,0,0,0,0,685,567,5247,1346,206,40,133,565,815.0,69,500,54,19,32,4194,1329,112,421,824,132,148.0,156.0,4.391025641025641,3.6346153846153846,0.7564102564102564,0.5856421459071759,1.191144997324773,0.9859550561797754,0.20518994114499733,0.25652753954640745,0.3288024776324845,0.38707833047455686,0.7158808081070414,0.13055079092814942,0.02534781780064799,0.09721266345492086,0.14022711631108054,0.2815750371471025,0.03610675039246468,3.22,1.251788268955651,1.9572446555819478,5.304721030042918,2.7103004291845494,8.555793991416309,0.721030042918455,0.34615384615384615,0.12179487179487179,0.20512820512820512,0.979,0.8461538461538461,0.9487179487179487
1764,1948,PIT,PIT,4.035670356703567,0,0,0,0,1,0,0,0,0,0,0,0,0,1,0,0,0,0,0,663,636,5566,1469,225,54,121,408,970.0,39,564,42,14,29,4329,1429,92,476,951,177,179.0,162.0,4.092592592592593,3.925925925925926,0.16666666666666666,0.5190120445882982,1.0141047783534831,0.9728063937146535,0.04129838463882963,0.26392382321236074,0.3141948443254101,0.3889687387711103,0.7031635830965204,0.12504491555874958,0.021739130434782608,0.06829594911282223,0.16237027117509206,0.27229407760381213,0.02077783697389451,3.52,1.32016632016632,1.9978991596638656,5.9313929313929314,2.9688149688149688,8.912681912681911,0.5738045738045738,0.25925925925925924,0.08641975308641975,0.17901234567901234,0.972,1.0925925925925926,1.1049382716049383
1495,2008,NYA,NYY,3.896523848019402,1,0,0,0,0,0,0,0,1,0,0,0,0,0,0,0,0,0,0,623,492,5146,1310,256,51,24,376,855.0,190,337,117,19,0,4149,1137,21,409,895,265,95.0,152.0,4.098684210526316,3.236842105263158,0.8618421052631579,0.6063521221229426,1.0518822341122516,0.8306999344835116,0.22118229962873986,0.2545666537116207,0.30532415791379935,0.33812670034978626,0.6434508582635856,0.08356004663816557,0.004663816556548776,0.06809127127852227,0.15483520463600145,0.25267175572519085,0.11269276393831554,2.19,1.1178597252349964,2.1882640586797066,5.8242950108459866,2.6616052060737525,7.399132321041215,0.13665943600867678,0.7697368421052632,0.125,0.0,0.957,1.743421052631579,0.625
1056,1989,KCA,KCR,5.0846375617792425,0,0,0,0,0,0,1,0,0,0,0,0,0,0,0,0,1,0,0,856,921,5624,1584,294,52,151,535,932.0,127,844,11,3,29,4261,1607,202,643,831,125,189.0,161.0,5.316770186335404,5.720496894409938,-0.40372670807453415,0.4665656974491545,1.0456537209851655,1.1250549965272632,-0.07940127554209783,0.28165007112375534,0.3440493586621205,0.4329658605974395,0.7770152192595601,0.15131578947368418,0.026849217638691324,0.0868647507712291,0.15132326676408508,0.31376262626262624,0.059933931099575274,5.35,1.5841351795353205,1.2923794712286159,5.265665336775406,4.074395681764845,10.18282093405304,1.2799812250645388,0.06832298136645963,0.018633540372670808,0.18012422360248448,0.98,0.7763975155279503,1.173913043478261
591,1991,CHA,CHW,4.789679276315789,0,0,0,0,0,0,1,0,0,0,0,0,0,0,0,0,1,0,0,861,931,5585,1516,291,38,198,551,916.0,127,837,8,4,42,4315,1569,211,580,911,140,161.0,163.0,5.282208588957055,5.711656441717792,-0.4294478527607362,0.46430046599890284,1.1028313764298887,1.1924924639445138,-0.0896610875146251,0.27144136078782455,0.336864406779661,0.44350940017905105,0.7803738069587121,0.1720680393912265,0.035452103849597134,0.08979791395045632,0.14928292046936115,0.3476253298153034,0.06144170295113691,5.24,1.4940903823870222,1.5706896551724139,5.70034762456547,3.629200463499421,9.817612977983778,1.3202780996523755,0.049079754601226995,0.024539877300613498,0.25766871165644173,0.977,0.8588957055214724,0.9877300613496932
1369,1987,NYN,NYM,5.0846375617792425,0,0,0,0,0,0,1,0,0,0,0,0,0,0,0,0,1,0,0,853,711,5572,1553,297,14,181,717,994.0,150,691,5,7,49,4369,1372,167,617,1172,68,147.0,163.0,5.233128834355829,4.361963190184049,0.8711656441717791,0.5825425058170914,1.0292039050517152,0.8578710158168459,0.17133288923486933,0.27871500358937545,0.3609476864366354,0.43449389806173727,0.7954415844983727,0.15577889447236182,0.03248384781048098,0.11400858642073462,0.15805374463348704,0.3168061815840309,0.06607929515418502,4.27,1.3657587548638133,1.899513776337115,7.242847333485924,3.813000686655986,8.478828107118334,1.0320439459830626,0.03067484662576687,0.04294478527607362,0.3006134969325153,0.989,0.4171779141104294,0.901840490797546
1799,1984,PIT,PIT,4.618301731244848,0,0,0,0,0,0,1,0,0,0,0,0,0,0,0,0,0,1,0,641,730,5330,1300,263,20,142,537,1109.0,86,664,2,7,47,4238,1447,163,572,920,115,177.0,161.0,3.981366459627329,4.53416149068323,-0.5527950310559007,0.44079712630116547,0.8620845261563637,0.9817811296320523,-0.11969660347568857,0.24390243902439024,0.313107209817624,0.38067542213883676,0.6937826319564608,0.13677298311444652,0.026641651031894933,0.09152889040395432,0.18902335094596898,0.3269230769230769,0.046815459989112684,4.23,1.4292118924020765,1.6083916083916083,5.861255309108069,3.644171779141104,9.218735252477583,1.0384615384615383,0.012422360248447204,0.043478260869565216,0.2919254658385093,0.982,0.7142857142857143,1.0993788819875776
1114,1936,BRO,LAD,4.006843800322061,0,0,0,1,0,0,0,0,0,0,0,1,0,0,0,0,0,0,0,701,570,5285,1376,233,66,55,691,575.0,100,481,52,14,28,4254,1280,58,671,647,174,154.0,157.0,4.464968152866242,3.6305732484076434,0.8343949044585988,0.593529338513532,1.1143354658615239,0.9060930321555899,0.20824243370593384,0.2603595080416273,0.3458835341365462,0.36064333017975403,0.7065268643163003,0.10028382213812675,0.010406811731315043,0.11562918340026773,0.0962182061579652,0.25726744186046513,0.04837929366231253,3.05,1.3758815232722144,0.9642324888226528,4.106488011283498,4.258815232722144,8.124118476727785,0.36812411847672777,0.33121019108280253,0.08917197452229299,0.17834394904458598,0.972,1.10828025477707,0.9808917197452229
135,1965,ML1,ATL,3.4181538461538463,0,0,0,0,1,0,0,0,0,0,0,0,0,1,0,0,0,0,0,514,549,5552,1399,179,31,80,414,782.0,83,478,44,16,29,4422,1326,87,362,871,125,139.0,163.0,3.1533742331288344,3.3680981595092025,-0.2147239263803681,0.46989855269081343,0.9225372452667847,0.9853559292830054,-0.06281868401622075,0.25198126801152737,0.3038887026483406,0.33861671469740634,0.642505417345747,0.08663544668587897,0.01440922190201729,0.0693932282936641,0.13107609788803218,0.20729092208720515,0.045780474351902925,2.92,1.1451831750339212,2.4060773480662982,5.318181818181818,2.2103120759837176,8.096336499321573,0.5312075983717774,0.26993865030674846,0.09815950920245399,0.17791411042944785,0.98,0.7668711656441718,0.852760736196319
2022,2016,SFN,SFG,4.761169780666125,0,1,0,0,0,0,0,0,0,1,0,0,0,0,0,0,0,0,0,740,750,5349,1552,270,87,67,382,418.0,86,629,79,7,6,4092,1528,70,486,393,191,162.0,154.0,4.805194805194805,4.87012987012987,-0.06493506493506493,0.4938592769690934,1.009246682340011,1.0228851510202814,-0.013638468680270419,0.29014769115722566,0.3374629209562031,0.410730977752851,0.7481938987090542,0.12058328659562534,0.01252570573939054,0.06665503402547548,0.07293666026871401,0.27319587628865977,0.04446742502585315,4.15,1.4765395894428153,0.808641975308642,2.593108504398827,3.206744868035191,10.082111436950147,0.4618768328445748,0.512987012987013,0.045454545454545456,0.03896103896103896,0.969,1.2402597402597402,1.051948051948052
1279,1948,WS1,MIN,4.282591093117409,0,0,0,1,0,0,0,0,0,0,0,0,1,0,0,0,0,0,0,553,747,5156,1240,161,38,121,477,751.0,22,693,28,6,28,4128,1443,156,558,762,118,163.0,156.0,3.5448717948717947,4.788461538461538,-1.2435897435897436,0.3657961675602972,0.8277399634461461,1.1181225184344867,-0.2903825549883406,0.24049650892164467,0.30481093555831706,0.35686578743211794,0.661676722990435,0.11636927851047327,0.023467804499612104,0.08467956683827445,0.13332149831350967,0.25806451612903225,0.0128130460104834,4.53,1.4542151162790697,1.3655913978494623,4.984011627906977,3.6497093023255816,9.438226744186046,1.0203488372093024,0.1794871794871795,0.038461538461538464,0.1794871794871795,0.98,0.7564102564102564,1.044871794871795
1850,1990,SDN,SDP,4.650947281713345,0,0,0,0,0,0,1,0,0,0,0,0,0,0,0,0,0,1,0,637,764,5568,1390,264,27,154,518,1259.0,36,714,3,6,30,4375,1466,165,561,1100,85,149.0,162.0,3.932098765432099,4.716049382716049,-0.7839506172839507,0.4175861068838538,0.8454404075686638,1.0139976002864348,-0.16855719271777128,0.24964080459770116,0.31350640814985214,0.3897270114942529,0.703233419644105,0.1400862068965517,0.027658045977011495,0.08511337495892211,0.20686822214919487,0.32014388489208634,0.018867924528301886,4.41,1.3899428571428571,1.9607843137254901,6.788571428571429,3.4621714285714287,9.047314285714286,1.0182857142857142,0.018518518518518517,0.037037037037037035,0.18518518518518517,0.986,0.5246913580246914,0.9197530864197531
486,1992,CHN,CHC,5.0846375617792425,0,0,0,0,0,0,1,0,0,0,0,0,0,0,0,0,1,0,0,747,920,5482,1411,255,35,189,571,1170.0,60,837,11,6,32,4291,1619,221,529,980,139,135.0,162.0,4.611111111111111,5.679012345679013,-1.0679012345679013,0.4058364125877929,0.9068711496316695,1.1168961949948275,-0.21002504536315778,0.2573878146661802,0.32744093837766397,0.42010215249908794,0.747543090876752,0.16271433783290773,0.03447646844217439,0.09433338840244507,0.19329258219064926,0.33947554925584694,0.030272452068617558,5.27,1.5017478443253323,1.8525519848771266,6.166394779771615,3.3285947331624333,10.187135865765557,1.3905849452342112,0.06790123456790123,0.037037037037037035,0.19753086419753085,0.977,0.8580246913580247,0.8333333333333334
1968,1959,SFN,SFG,4.103472882968601,0,0,0,0,0,1,0,0,0,0,0,0,0,0,1,0,0,0,0,613,594,5364,1331,240,41,117,554,814.0,87,534,42,17,29,4365,1377,84,453,840,146,118.0,162.0,3.7839506172839505,3.6666666666666665,0.11728395061728394,0.5144006857186146,0.9221336963110387,0.8935520646146117,0.02858163169642697,0.2481357196122297,0.31851977019263267,0.37360178970917224,0.6921215599018049,0.12546607009694255,0.02181208053691275,0.09361270699560663,0.137546468401487,0.29902329075882794,0.046153846153846156,3.3,1.2577319587628866,1.8543046357615893,5.195876288659793,2.802061855670103,8.517525773195876,0.5195876288659794,0.25925925925925924,0.10493827160493827,0.17901234567901234,0.976,0.9012345679012346,0.7283950617283951
343,1958,BOS,BOS,4.525174825174825,0,0,0,1,0,0,0,0,0,0,0,0,0,1,0,0,0,0,0,729,792,5508,1401,251,37,112,647,847.0,56,687,35,6,30,4326,1472,167,679,831,143,140.0,163.0,4.47239263803681,4.858895705521473,-0.38650306748466257,0.4621514366508217,0.9883358789047502,1.0737476215261483,-0.08541174262139815,0.25435729847494554,0.33273761169780663,0.3743645606390704,0.7071021723368771,0.12000726216412488,0.020334059549745823,0.10511779041429732,0.13761169780666124,0.28551034975017847,0.02734375,4.29,1.4916782246879334,1.223858615611193,5.186546463245492,4.237864077669903,9.187239944521497,1.0423023578363384,0.2147239263803681,0.03680981595092025,0.18404907975460122,0.977,0.8773006134969326,0.8588957055214724
1113,1935,BRO,LAD,4.206225680933852,0,0,1,0,0,0,0,0,0,0,0,1,0,0,0,0,0,0,0,795,724,5418,1468,257,71,57,629,434.0,75,572,61,7,18,4176,1357,74,586,557,230,144.0,155.0,5.129032258064516,4.670967741935484,0.45806451612903226,0.5426952278920483,1.2193906478469756,1.1104890931335978,0.10890155471337769,0.2709486895533407,0.34678352902265586,0.37615356220007384,0.7229370912227298,0.10520487264673312,0.010520487264673311,0.10401852158094924,0.07177112617827022,0.2622615803814714,0.0357653791130186,3.7,1.3958333333333333,0.9505119453924915,3.601293103448276,3.788793103448276,8.773706896551724,0.47844827586206895,0.3935483870967742,0.04516129032258064,0.11612903225806452,0.962,1.4838709677419355,0.9290322580645162
2167,1975,TEX,TEX,5.140181144503911,0,0,0,0,0,0,1,0,0,0,0,0,0,0,0,0,0,1,0,848,974,5648,1601,330,35,173,580,922.0,69,876,3,4,39,4287,1683,202,661,918,135,162.0,162.0,5.234567901234568,6.012345679012346,-0.7777777777777778,0.4369594817909731,1.0183625351086272,1.1696758363158053,-0.1513133012071781,0.2834631728045326,0.35019267822736033,0.4461756373937677,0.7963683156211281,0.1627124645892351,0.030630311614730878,0.09312780989081568,0.14804110468850354,0.3360399750156152,0.03163686382393398,5.52,1.6403079076277116,1.388804841149773,5.781665500349895,4.163051084674597,10.599720083974807,1.27221833449965,0.018518518518518517,0.024691358024691357,0.24074074074074073,0.978,0.8333333333333334,1.0
2197,2008,TEX,TEX,4.307747148288973,0,0,0,0,0,1,0,0,0,0,0,0,0,0,0,0,1,0,0,684,622,5489,1412,295,45,133,499,1043.0,148,569,10,16,60,4386,1301,121,523,971,127,115.0,162.0,4.222222222222222,3.8395061728395063,0.38271604938271603,0.5433614564987643,0.9801462520610753,0.8913025859385802,0.08884366612249513,0.2572417562397522,0.3191382765531062,0.4000728730187648,0.719211149571871,0.1428311167790126,0.024230278739296774,0.08333333333333333,0.1741816967267869,0.334985835694051,0.07744636316064887,3.5,1.2476060191518468,1.8565965583173996,5.977428180574555,3.219562243502052,8.00889192886457,0.7448700410396717,0.06172839506172839,0.09876543209876543,0.37037037037037035,0.98,0.7839506172839507,0.7098765432098766
1044,1976,KCA,KCR,4.330955777460771,0,0,0,0,0,1,0,0,0,0,0,0,0,0,0,1,0,0,0,687,639,5500,1384,261,49,154,473,840.0,128,567,27,11,41,4383,1433,103,463,846,127,160.0,162.0,4.2407407407407405,3.9444444444444446,0.2962962962962963,0.5330882221753287,0.9791697164885569,0.9107561118430684,0.0684136046454887,0.25163636363636366,0.31089904570567556,0.4009090909090909,0.7118081366147664,0.14927272727272722,0.028,0.07918968692449356,0.14063284781516824,0.3352601156069364,0.06892837910608508,3.49,1.297741273100616,1.8272138228941686,5.211498973305956,2.8521560574948666,8.827515400410677,0.6344969199178645,0.16666666666666666,0.06790123456790123,0.25308641975308643,0.98,0.7839506172839507,0.9876543209876543
2172,1980,TEX,TEX,4.591731797614151,0,0,0,0,0,0,1,0,0,0,0,0,0,0,0,0,0,1,0,865,858,5716,1528,311,29,260,495,1112.0,67,794,2,6,46,4320,1589,159,522,932,108,149.0,162.0,5.339506172839506,5.296296296296297,0.043209876543209874,0.5037173054139036,1.1628523633749464,1.1534419974285595,0.009410365946386848,0.26731980405878236,0.32571244566092417,0.468334499650105,0.7940469453110292,0.20101469559132262,0.04548635409377187,0.07969731122202543,0.17903719207857027,0.39267015706806285,0.033119130004943154,4.96,1.4659722222222222,1.78544061302682,5.825,3.2624999999999997,9.93125,0.9937499999999999,0.012345679012345678,0.037037037037037035,0.2839506172839506,0.982,0.6666666666666666,0.9197530864197531
742,1922,CLE,CLE,5.549027552674231,0,1,0,0,0,0,0,0,0,0,1,0,0,0,0,0,0,0,0,890,915,5439,1654,358,59,72,490,461.0,51,737,68,5,14,4080,1663,85,528,441,235,156.0,154.0,5.779220779220779,5.941558441558442,-0.16233766233766234,0.48732877303561095,1.0414835256018167,1.070738680815351,-0.029255155213534178,0.3041000183857327,0.36161241356046553,0.43132928847214563,0.7929417020326112,0.12722927008641294,0.013237727523441808,0.08264462809917356,0.07775341541575308,0.29564691656590086,0.02378731343283582,4.88,1.611029411764706,0.8352272727272727,2.9183823529411765,3.4941176470588236,11.00514705882353,0.5625,0.44155844155844154,0.032467532467532464,0.09090909090909091,0.962,1.525974025974026,1.0129870129870129
368,1984,BOS,BOS,4.722802850356294,0,0,0,0,0,1,0,0,0,0,0,0,0,0,0,1,0,0,0,842,825,5586,1554,273,26,174,606,825.0,77,761,47,13,16,4308,1584,190,517,1034,110,158.0,162.0,5.197530864197531,5.092592592592593,0.10493827160493827,0.5093303740228577,1.1005182788448225,1.078298788654369,0.022219490190453658,0.2781954887218045,0.3488372093023256,0.4298245614035088,0.7786617707058343,0.15162907268170428,0.031149301825993556,0.09786821705426356,0.13323643410852712,0.30437580437580436,0.03564814814814815,4.77,1.463091922005571,2.0,6.4805013927576605,3.2402506963788302,9.927576601671309,1.190807799442897,0.29012345679012347,0.08024691358024691,0.09876543209876543,0.982,0.6790123456790124,0.9753086419753086
1403,1910,NYA,NYY,4.870355411954765,0,1,0,0,0,0,0,0,0,1,0,0,0,0,0,0,0,0,0,758,618,5245,1504,220,75,95,497,532.0,62,525,100,7,14,4179,1402,73,423,458,155,122.0,154.0,4.922077922077922,4.012987012987013,0.9090909090909091,0.5923471036155084,1.010619863592747,0.8239618412932951,0.18665802229945194,0.2867492850333651,0.3484848484848485,0.41163012392755005,0.7601149724123986,0.12488083889418494,0.01811248808388942,0.08655520724486242,0.0926506443747823,0.25930851063829785,0.030984507746126936,3.39,1.3101220387652548,1.08274231678487,2.9590811198851403,2.7329504666188087,9.058147882268486,0.47164393395549176,0.6493506493506493,0.045454545454545456,0.09090909090909091,0.975,1.0064935064935066,0.7922077922077922
248,1970,BAL,BAL,4.214101904271745,0,0,0,0,1,0,0,0,0,0,0,0,0,0,1,0,0,0,0,754,561,5537,1474,229,48,119,648,752.0,146,498,67,14,26,4383,1297,124,475,715,119,184.0,162.0,4.654320987654321,3.462962962962963,1.191358024691358,0.6320633329054218,1.1044633218139162,0.8217558667607519,0.2827074550531642,0.2662091385226657,0.343088116410671,0.3893805309734513,0.7324686473841223,0.12317139245078562,0.021491782553729456,0.1047696038803557,0.1215844785772029,0.26865671641791045,0.06880301602262016,3.07,1.212867898699521,1.5052631578947369,4.404517453798768,2.9260780287474333,7.989733059548255,0.7638603696098563,0.41358024691358025,0.08641975308641975,0.16049382716049382,0.981,0.7345679012345679,1.1358024691358024
637,1925,CIN,CIN,4.467216673903604,0,1,0,0,0,0,0,0,0,0,1,0,0,0,0,0,0,0,0,496,643,5156,1267,208,37,34,349,354.0,30,514,74,13,8,4056,1470,47,257,310,177,139.0,153.0,3.241830065359477,4.2026143790849675,-0.9607843137254902,0.3834309187188754,0.7256934914971692,0.9407679738562092,-0.21507448235904006,0.24573312645461598,0.2935513169845595,0.32020946470131884,0.6137607816858783,0.07447633824670286,0.0065942591155934835,0.0633969118982743,0.06430517711171663,0.2202052091554854,0.018564356435643563,3.42,1.2773668639053255,1.206225680933852,2.0636094674556213,1.7107988165680474,9.785502958579881,0.31286982248520706,0.48366013071895425,0.08496732026143791,0.05228758169934641,0.971,1.1568627450980393,0.9084967320261438
1739,1923,PIT,PIT,4.823720552396425,0,1,0,0,0,0,0,0,0,0,1,0,0,0,0,0,0,0,0,666,721,5269,1453,261,60,63,477,420.0,44,624,53,10,15,4062,1537,70,423,464,168,153.0,153.0,4.352941176470588,4.712418300653595,-0.35947712418300654,0.46376127349371776,0.90240326511204,0.9769260572759474,-0.07452279216390723,0.2757639020687037,0.3358858336233902,0.38394382235718355,0.7198296559805737,0.10817992028847984,0.011956728031884608,0.08301427079707623,0.07309432648799165,0.264280798348245,0.022797927461139896,4.15,1.447562776957164,1.0969267139479906,3.0841949778434268,2.811669128508124,10.216395864106351,0.465288035450517,0.3464052287581699,0.06535947712418301,0.09803921568627451,0.972,1.0980392156862746,1.0
458,1963,CHN,CHC,3.4181538461538463,0,0,0,0,1,0,0,0,0,0,0,0,0,1,0,0,0,0,0,612,611,5458,1319,203,43,130,415,854.0,41,551,46,12,32,4359,1399,138,392,894,119,149.0,163.0,3.754601226993865,3.7484662576687118,0.006134969325153374,0.5007481598700138,1.0984295605122028,1.0966347409688821,0.0017948195433205927,0.24166361304507145,0.295249446620126,0.3660681568340051,0.661317603454131,0.12440454378893367,0.023818248442652987,0.07066235314149498,0.14541120381406436,0.2850644427596664,0.02364475201845444,3.41,1.2326221610461114,2.2806122448979593,5.537508602890571,2.428079834824501,8.665519614590503,0.8547832071576049,0.2822085889570552,0.0736196319018405,0.19631901840490798,0.981,0.7300613496932515,0.9141104294478528
1611,1898,PHI,PHI,3.5641539695268647,1,0,0,0,0,0,0,0,1,0,0,0,0,0,0,0,0,0,0,581,489,4985,1244,223,53,42,399,571.0,149,362,97,25,9,4146,1238,28,295,601,234,119.0,154.0,3.772727272727273,3.175324675324675,0.5974025974025974,0.5782199905599149,1.0585197230489165,0.8909055844594149,0.1676141385895014,0.24954864593781345,0.30516344725111444,0.3408224674022066,0.6459859146533211,0.09127382146439317,0.008425275827482447,0.07410846953937593,0.10605497771173848,0.25562700964630225,0.09068776628119293,2.36,1.109261939218524,2.0372881355932204,3.913892908827786,1.9211287988422576,8.062228654124457,0.18234442836468887,0.6298701298701299,0.16233766233766234,0.05844155844155844,0.963,1.5194805194805194,0.7727272727272727
212,1934,SLA,BAL,4.870863599677159,0,1,0,0,0,0,0,0,0,0,1,0,0,0,0,0,0,0,0,715,1023,5510,1573,327,44,71,514,510.0,30,909,55,2,8,4089,1768,143,653,468,174,166.0,156.0,4.583333333333333,6.5576923076923075,-1.9743589743589745,0.3417448157087731,0.9409693454846726,1.3463099866165316,-0.405340641131859,0.285480943738657,0.3464475431606906,0.3994555353901996,0.7459030785508902,0.11397459165154261,0.012885662431941924,0.08532536520584329,0.0846613545816733,0.2809917355371901,0.014374700527072353,6.0,1.7762289068231842,0.7166921898928025,3.09024211298606,4.311812179016875,11.674247982391783,0.9442406456346295,0.3525641025641026,0.01282051282051282,0.05128205128205128,0.972,1.1153846153846154,1.064102564102564
1299,1968,MIN,MIN,4.103472882968601,0,0,0,0,0,1,0,0,0,0,0,0,0,0,1,0,0,0,0,666,678,5522,1472,259,47,82,604,684.0,99,598,48,9,26,4377,1468,102,520,703,146,171.0,162.0,4.111111111111111,4.185185185185185,-0.07407407407407407,0.49183086704248524,1.001861405780019,1.0199129626409205,-0.018051556860901246,0.266570083303151,0.3388834476003918,0.37504527345164795,0.7139287210520397,0.10847519014849694,0.014849692140528795,0.09859614756774404,0.11165523996082272,0.26358695652173914,0.0476878612716763,3.69,1.3625771076079507,1.351923076923077,4.3365318711446195,3.207676490747087,9.05551747772447,0.6291980808773132,0.2962962962962963,0.05555555555555555,0.16049382716049382,0.977,0.9012345679012346,1.0555555555555556
1252,1921,WS1,MIN,4.810679611650485,0,1,0,0,0,0,0,0,0,0,1,0,0,0,0,0,0,0,0,843,691,5576,1588,308,93,49,481,459.0,72,582,60,7,24,4182,1434,73,498,582,142,148.0,156.0,5.403846153846154,4.42948717948718,0.9743589743589743,0.5899729742846512,1.1233020259256385,0.9207612098631272,0.20254081606251131,0.2847919655667145,0.34158824500577845,0.3997489239598278,0.7413371689656063,0.11495695839311332,0.008787661406025825,0.0794122502889219,0.07578008915304606,0.28337531486146095,0.03479942000966651,3.76,1.3859397417503587,1.1686746987951808,3.757532281205165,3.2152080344332856,9.258249641319944,0.4713055954088953,0.38461538461538464,0.04487179487179487,0.15384615384615385,0.976,0.9102564102564102,0.9487179487179487
322,1937,BOS,BOS,4.679611650485437,0,1,0,0,0,0,0,0,0,0,0,1,0,0,0,0,0,0,0,872,825,5481,1566,301,80,145,590,597.0,55,749,51,4,16,4137,1568,124,625,613,173,156.0,154.0,5.662337662337662,5.357142857142857,0.3051948051948052,0.525326568318679,1.210001616640621,1.1447836395969175,0.06521797704370319,0.2857142857142857,0.3551309504200296,0.44918810436051815,0.8043190547805478,0.16347381864623245,0.026455026455026454,0.0971833305880415,0.0983363531543403,0.33588761174968074,0.025510204081632654,4.89,1.5902828136330673,0.9808,4.000725163161711,4.079042784626541,10.233502538071066,0.8092820884699058,0.33116883116883117,0.025974025974025976,0.1038961038961039,0.972,1.1233766233766234,1.0129870129870129
2234,2008,TOR,TOR,4.307728781412992,0,0,0,0,0,1,0,0,0,0,0,0,0,0,0,1,0,0,0,677,646,5611,1482,297,41,102,509,733.0,138,585,38,15,34,4413,1406,120,479,899,116,130.0,163.0,4.153374233128834,3.96319018404908,0.1901840490797546,0.5214306964553597,0.9641679975419605,0.9200185028243819,0.044149494717578695,0.2641240420602388,0.3253267973856209,0.3862056674389592,0.7115324648245801,0.12208162537872036,0.018178577793619675,0.08316993464052287,0.11977124183006536,0.2968960863697706,0.06931190356604722,3.58,1.2814411964649899,1.8768267223382047,5.500339904826649,2.9306594153636985,8.602311352821209,0.734194425560843,0.2331288343558282,0.09202453987730061,0.2085889570552147,0.981,0.7116564417177914,0.7975460122699386
927,1978,DET,DET,4.722802850356294,0,0,0,0,0,1,0,0,0,0,0,0,0,0,0,1,0,0,0,896,735,5649,1535,274,32,225,653,913.0,106,650,33,10,31,4368,1430,180,563,976,122,147.0,162.0,5.530864197530864,4.537037037037037,0.9938271604938271,0.5896377217131987,1.1710978359203812,0.9606661935284377,0.21043164239194348,0.27172950964772524,0.34719136781973975,0.4510532837670384,0.7982446515867782,0.17932377411931316,0.03983005841741901,0.10361789907965725,0.14487464297048555,0.34592833876221496,0.048446069469835464,4.02,1.3688186813186813,1.733570159857904,6.032967032967033,3.480082417582418,8.839285714285714,1.1126373626373627,0.2037037037037037,0.06172839506172839,0.19135802469135801,0.98,0.7530864197530864,0.9074074074074074
308,1922,BOS,BOS,5.128664495114006,0,1,0,0,0,0,0,0,0,1,0,0,0,0,0,0,0,0,0,639,922,5166,1375,257,64,41,513,422.0,42,732,68,6,6,3978,1615,67,510,310,265,150.0,152.0,4.203947368421052,6.065789473684211,-1.861842105263158,0.33828356884704774,0.8196963112767628,1.18272300312547,-0.36302669184870723,0.2661633759194735,0.33245289663673183,0.36449864498644985,0.6969515416231817,0.09833526906697637,0.007936507936507936,0.09033280507131537,0.07430885719316781,0.26327272727272727,0.022245762711864406,4.97,1.6025641025641026,0.6078431372549019,2.1040723981900453,3.4615384615384617,10.96153846153846,0.45475113122171945,0.4473684210526316,0.039473684210526314,0.039473684210526314,0.956,1.743421052631579,0.9868421052631579
820,2004,CLE,CLE,4.324485596707819,0,0,0,0,0,0,0,1,0,0,0,0,0,0,0,0,0,0,1,667,845,5525,1385,266,24,136,555,1087.0,110,766,2,6,43,4326,1503,174,543,1086,96,157.0,162.0,4.117283950617284,5.216049382716049,-1.0987654320987654,0.39343876603010886,0.9520864062425655,1.2061664366941045,-0.2540800304515392,0.2506787330316742,0.3190789473684211,0.3813574660633484,0.7004364134317695,0.1306787330316742,0.024615384615384615,0.0912828947368421,0.1787828947368421,0.3075812274368231,0.05670103092783505,4.78,1.418862690707351,2.0,6.778085991678225,3.3890429958391124,9.380721220527045,1.085991678224688,0.012345679012345678,0.037037037037037035,0.2654320987654321,0.984,0.5925925925925926,0.9691358024691358
1873,2015,SDN,SDP,4.1170465337132,0,0,0,0,0,1,0,0,0,0,0,0,0,0,0,0,1,0,0,679,799,5564,1466,278,24,149,474,841.0,100,731,21,9,30,4335,1467,129,661,894,112,170.0,162.0,4.191358024691358,4.932098765432099,-0.7407407407407407,0.42609198826559114,1.018049708782654,1.1979701285969668,-0.1799204198143129,0.26347951114306256,0.3212984431931103,0.40240833932422715,0.7237067825173374,0.1389288281811646,0.026779295470884257,0.0785028155018218,0.13928453130175555,0.30763983628922237,0.05154639175257732,4.55,1.4726643598615916,1.3524962178517397,5.568166089965398,4.116955017301038,9.137024221453288,0.8034602076124567,0.12962962962962962,0.05555555555555555,0.18518518518518517,0.982,0.691358024691358,1.0493827160493827
1318,1988,MIN,MIN,5.140181144503911,0,0,0,0,0,0,1,0,0,0,0,0,0,0,0,0,0,1,0,748,880,5615,1516,325,49,116,556,1021.0,90,819,6,4,35,4298,1634,212,516,1042,102,155.0,162.0,4.617283950617284,5.432098765432099,-0.8148148148148148,0.4261908397586157,0.8982726135156287,1.0567913100183868,-0.158518696502758,0.26999109528049864,0.3357640576891914,0.4073018699910953,0.7430659276802867,0.13731077471059666,0.020658949243098843,0.09009884945713822,0.16545130448873765,0.3232189973614776,0.04343629343629344,5.14,1.5006979990693345,2.0193798449612403,6.5458352722196365,3.2415076779897625,10.264774313634248,1.3317822242903676,0.037037037037037035,0.024691358024691357,0.21604938271604937,0.983,0.6296296296296297,0.9567901234567902
1107,1929,BRO,LAD,4.823720552396425,0,1,0,0,0,0,0,0,0,0,1,0,0,0,0,0,0,0,0,708,645,5350,1420,265,57,78,564,639.0,59,570,69,9,13,4230,1431,93,399,528,176,157.0,157.0,4.509554140127388,4.10828025477707,0.4012738853503185,0.5425331115945979,0.9348705197872711,0.8516828887892512,0.08318763099801989,0.26542056074766357,0.3354751437267501,0.38,0.7154751437267501,0.11457943925233643,0.014579439252336448,0.09536692593845113,0.10804869800473453,0.28169014084507044,0.029737903225806453,3.64,1.297872340425532,1.3233082706766917,3.370212765957447,2.5468085106382983,9.134042553191488,0.5936170212765958,0.4394904458598726,0.05732484076433121,0.08280254777070063,0.972,1.1210191082802548,1.0
45,2008,LAA,ANA,4.650947281713345,0,0,0,0,0,0,1,0,0,0,0,0,0,0,0,0,0,1,0,765,697,5540,1486,274,25,159,481,987.0,129,644,7,10,66,4354,1455,160,457,1106,91,159.0,162.0,4.722222222222222,4.302469135802469,0.41975308641975306,0.5424861690011569,1.0153248222763387,0.9250737269628864,0.09025109531345232,0.2682310469314079,0.32668991861816976,0.4128158844765343,0.739505803094704,0.14458483754512635,0.028700361010830323,0.07988706194984221,0.1639262580966617,0.3082099596231494,0.06558210472801221,3.99,1.3174092788240699,2.4201312910284463,6.858520900321544,2.833945796968305,9.022737712448324,0.9921910886541112,0.043209876543209874,0.06172839506172839,0.4074074074074074,0.985,0.5617283950617284,0.9814814814814815
2031,1909,SLN,STL,4.467216673903604,0,1,0,0,0,0,0,0,0,0,1,0,0,0,0,0,0,0,0,687,609,5387,1486,256,61,57,391,528.0,99,517,73,11,16,4146,1391,55,452,635,160,119.0,154.0,4.461038961038961,3.9545454545454546,0.5064935064935064,0.5549136789187735,0.9986171002403507,0.8852369927894812,0.1133801074508695,0.27584926675329496,0.32485289027345104,0.3777612771486913,0.7026141674221423,0.10191201039539632,0.010581028401707816,0.0676704742125303,0.09138110072689512,0.25168236877523553,0.0527437400106553,3.37,1.333574529667149,1.404867256637168,4.135311143270622,2.9435600578871197,9.058610709117222,0.3581765557163531,0.474025974025974,0.07142857142857142,0.1038961038961039,0.973,1.0389610389610389,0.7727272727272727
241,1963,BAL,BAL,3.993808049535603,0,0,0,0,1,0,0,0,0,0,0,0,0,1,0,0,0,0,0,755,601,5529,1426,243,35,175,514,926.0,55,541,23,13,51,4398,1267,127,514,1070,115,142.0,160.0,4.71875,3.75625,0.9625,0.6028764281503093,1.1815164728682173,0.9405184108527134,0.24099806201550392,0.25791282329535176,0.3210325997021347,0.4094773015011756,0.7305099012033103,0.15156447820582386,0.03165129318140713,0.0850570908489161,0.15323514810524574,0.317671809256662,0.028350515463917526,3.32,1.2148703956343794,2.0817120622568095,6.568894952251023,3.1555252387448838,7.77830832196453,0.7796725784447476,0.14375,0.08125,0.31875,0.981,0.71875,0.8875
1606,2013,OAK,OAK,4.512530315278901,1,0,0,0,0,0,0,0,1,0,0,0,0,0,0,0,0,0,0,658,669,5044,1307,214,56,60,490,588.0,153,503,90,20,10,4119,1285,43,598,697,231,113.0,153.0,4.300653594771242,4.372549019607843,-0.0718954248366013,0.4924156303505063,0.9530470255700512,0.9689794226540489,-0.015932397083997817,0.2591197462331483,0.3247199132634622,0.35943695479777954,0.6841568680612418,0.10031720856463122,0.011895321173671689,0.08854354897000362,0.10625225876400433,0.252486610558531,0.08514190317195326,3.3,1.3714493809176984,1.165551839464883,4.568827385287691,3.919883466860888,8.423160961398398,0.28186453022578295,0.5882352941176471,0.13071895424836602,0.06535947712418301,0.963,1.5098039215686274,0.738562091503268
1825,2012,PIT,PIT,4.2881235154394295,0,0,0,0,0,1,0,0,0,0,0,0,0,0,0,1,0,0,0,591,654,5540,1410,195,43,67,563,791.0,239,595,19,9,39,4398,1474,97,536,728,131,157.0,163.0,3.625766871165644,4.012269938650307,-0.38650306748466257,0.45379144750676226,0.8455369482970898,0.9356703285724142,-0.0901333802753243,0.2545126353790614,0.323283631001147,0.34151624548736464,0.6647998764885117,0.08700361010830326,0.012093862815884477,0.09224971325577584,0.12960838931672947,0.21631205673758866,0.12113532691332995,3.65,1.3710777626193724,1.3582089552238805,4.469304229195089,3.290586630286494,9.049113233287857,0.5954979536152797,0.1165644171779141,0.05521472392638037,0.2392638036809816,0.98,0.803680981595092,0.9631901840490797
1411,1920,NYA,NYY,5.549027552674231,0,1,0,0,0,0,0,0,0,0,1,0,0,0,0,0,0,0,0,1062,898,5448,1683,298,110,152,644,569.0,91,741,65,7,15,4101,1566,93,524,572,208,132.0,154.0,6.896103896103896,5.8311688311688314,1.0649350649350648,0.5761436971305113,1.2427589934709318,1.0508451752701478,0.19191381820078418,0.30892070484581496,0.3819763624425476,0.48770190895741555,0.8696782713999631,0.1787812041116006,0.027900146842878122,0.1057124097176625,0.09340118187787262,0.33273915626856804,0.03910614525139665,4.88,1.528895391367959,1.0916030534351144,3.765910753474762,3.4498902706656915,10.31016825164594,0.612289685442575,0.42207792207792205,0.045454545454545456,0.09740259740259741,0.965,1.3506493506493507,0.8571428571428571
1195,1972,ML4,MIL,4.307728781412992,0,0,0,0,0,1,0,0,0,0,0,0,0,0,0,1,0,0,0,764,708,5620,1556,281,57,132,475,665.0,101,649,35,10,43,4362,1513,133,491,689,113,162.0,162.0,4.716049382716049,4.37037037037037,0.345679012345679,0.5347703785989744,1.09478790843678,1.014541674310524,0.08024623412625613,0.27686832740213524,0.3332239540607055,0.4176156583629893,0.7508396124236948,0.14074733096085407,0.023487544483985764,0.07793273174733388,0.10910582444626743,0.30205655526992287,0.04972919743968488,4.02,1.3782668500687758,1.4032586558044806,4.264786795048143,3.0392022008253092,9.365199449793671,0.8232462173314993,0.21604938271604937,0.06172839506172839,0.2654320987654321,0.982,0.6975308641975309,1.0
1857,1999,SDN,SDP,4.250102923013586,0,0,0,0,0,0,0,1,0,0,0,0,0,0,0,0,0,0,1,650,731,5457,1324,260,36,148,426,1327.0,82,655,1,6,41,4321,1371,171,516,1393,92,138.0,162.0,4.012345679012346,4.512345679012346,-0.5,0.4464765577634533,0.9440584738045226,1.0617026836170862,-0.11764420981256357,0.2426241524647242,0.29746727859935407,0.38482682792743267,0.6822941065267867,0.14220267546270846,0.02712112882536192,0.07241203467618562,0.22556518782933876,0.33534743202416917,0.046857142857142854,4.09,1.310113399676001,2.699612403100775,8.70423513075677,3.2242536449895858,8.566766952094422,1.0685026614209674,0.006172839506172839,0.037037037037037035,0.25308641975308643,0.985,0.5679012345679012,0.8518518518518519
603,2005,CHA,CHW,4.384362139917696,0,0,0,0,0,0,0,1,0,0,0,0,0,0,0,0,0,0,1,752,704,5484,1467,263,21,177,467,922.0,160,658,6,11,43,4339,1471,136,490,1149,103,158.0,162.0,4.6419753086419755,4.345679012345679,0.2962962962962963,0.5301391870751112,1.0587572742631874,0.9911770227144732,0.06758025154871408,0.2675054704595186,0.3249873970761217,0.41994894237782643,0.7449363394539481,0.15244347191830782,0.032275711159737416,0.07847420601579566,0.15493194421105697,0.31424676209952285,0.0827300930713547,4.09,1.3558423599907814,2.3448979591836734,7.1498041023277255,3.049089651993547,9.153491587923485,0.8462779442267805,0.037037037037037035,0.06790123456790123,0.2654320987654321,0.983,0.6358024691358025,0.9753086419753086
1938,1929,NY1,SFG,4.578819725141472,0,0,0,1,0,0,0,0,0,0,0,1,0,0,0,0,0,0,0,780,704,5277,1352,210,49,164,599,648.0,51,600,54,15,21,4119,1425,122,556,527,156,134.0,155.0,5.032258064516129,4.541935483870968,0.49032258064516127,0.5467637961233998,1.0990295243302348,0.9919445963185709,0.1070849280116639,0.2562061777525109,0.3320285908781484,0.4078074663634641,0.7398360572416125,0.15160128861095318,0.031078264165245405,0.10194009530292716,0.1102791014295439,0.3128698224852071,0.026140440799589954,3.93,1.4428259286234524,0.947841726618705,3.4544792425345956,3.644573925710124,9.340859431900947,0.7997086671522213,0.34838709677419355,0.0967741935483871,0.13548387096774195,0.974,1.0064516129032257,0.864516129032258
2219,1991,TOR,TOR,4.250102923013586,0,0,0,0,0,0,0,1,0,0,0,0,0,0,0,0,0,0,1,891,670,5509,1480,308,17,232,570,1151.0,88,609,7,10,34,4323,1353,173,397,1117,88,145.0,162.0,5.5,4.135802469135802,1.3641975308641976,0.6275386733545641,1.2940863079381992,0.9731064268446616,0.32097988109353764,0.26865129787620257,0.33722651751932886,0.45707024868397167,0.7942967662033005,0.1884189508077691,0.042112906153566894,0.09376542194439876,0.18934035203158414,0.37635135135135134,0.042926829268292686,3.8,1.2144344205412907,2.81360201511335,6.976405274115198,2.479528105482304,8.450381679389313,1.080499653018737,0.043209876543209874,0.06172839506172839,0.20987654320987653,0.985,0.5432098765432098,0.8950617283950617
2004,1998,SFN,SFG,3.725780624499599,1,0,0,0,0,0,0,0,1,0,0,0,0,0,0,0,0,0,0,602,595,5104,1292,175,66,24,343,855.0,199,401,146,7,2,4104,1286,23,319,529,307,83.0,155.0,3.8838709677419354,3.838709677419355,0.04516129032258064,0.5053507339197524,1.0424314685096547,1.0303101723641936,0.012121296145461102,0.25313479623824453,0.3001652285661832,0.32739028213166144,0.6275555106978447,0.0742554858934169,0.004702194357366771,0.06297044244538277,0.1569671378740591,0.20510835913312694,0.1217125382262997,2.64,1.1732456140350878,1.658307210031348,3.4802631578947367,2.098684210526316,8.460526315789473,0.1513157894736842,0.9419354838709677,0.04516129032258064,0.012903225806451613,0.952,1.9806451612903226,0.535483870967742
1781,1965,PIT,PIT,4.297579496915045,0,0,0,0,0,1,0,0,0,0,0,0,0,0,0,1,0,0,0,724,696,5614,1535,272,40,134,447,862.0,161,621,19,7,39,4398,1434,118,521,933,145,133.0,162.0,4.469135802469136,4.296296296296297,0.1728395061728395,0.5180367625575195,1.0399192861184396,0.9997014131746326,0.04021787294380705,0.27342358389739935,0.32700874443161193,0.4077306733167082,0.7347394177483202,0.13430708941930886,0.02386889918061988,0.07375020623659462,0.14222075565088269,0.29055374592833877,0.08123107971745712,3.81,1.3335607094133697,1.7907869481765835,5.727830832196453,3.19849931787176,8.803547066848568,0.7244201909959072,0.11728395061728394,0.043209876543209874,0.24074074074074073,0.977,0.8950617283950617,0.8209876543209876
427,1932,CHN,CHC,4.870863599677159,0,1,0,0,0,0,0,0,0,0,1,0,0,0,0,0,0,0,0,811,682,5349,1537,253,74,96,538,496.0,71,609,73,11,13,4143,1434,91,502,596,151,141.0,154.0,5.266233766233766,4.428571428571429,0.8376623376623377,0.5785993597245864,1.081170445130677,0.9091963545981773,0.1719740905324998,0.28734342867825763,0.35247154747749276,0.41615255187885586,0.7686240993563487,0.12880912320059823,0.0179472798653954,0.09138780363512825,0.08425343978257177,0.27521145087833443,0.034216867469879515,3.97,1.4018826937002173,1.1872509960159363,3.8841419261404777,3.271542360608255,9.3454018826937,0.5930485155684286,0.474025974025974,0.07142857142857142,0.08441558441558442,0.975,0.9805194805194806,0.9155844155844156
71,2015,ARI,ARI,4.250102923013586,0,0,0,0,0,0,0,1,0,0,0,0,0,0,0,0,0,0,1,720,713,5649,1494,289,48,154,490,1312.0,132,659,1,12,44,4400,1450,182,500,1215,86,146.0,162.0,4.444444444444445,4.401234567901234,0.043209876543209874,0.5044695605983238,1.0457263094450095,1.0355595258809607,0.010166783564048704,0.26447158789166225,0.3231796709561818,0.4144096300230129,0.7375893009791947,0.14993804213135065,0.027261462205700124,0.07981755986316989,0.21371558885812023,0.3286479250334672,0.06653225806451613,4.04,1.3295454545454546,2.43,7.455681818181818,3.068181818181818,8.897727272727272,1.1168181818181817,0.006172839506172839,0.07407407407407407,0.2716049382716049,0.986,0.5308641975308642,0.9012345679012346
2016,2010,SFN,SFG,3.5641539695268647,1,0,0,0,0,0,0,0,1,0,0,0,0,0,0,0,0,0,0,476,629,5030,1223,155,74,25,335,651.0,182,473,58,13,15,4065,1331,31,445,529,273,124.0,153.0,3.111111111111111,4.111111111111111,-1.0,0.3751828531135541,0.8728890888863888,1.1534605817427281,-0.28057149285633926,0.24314115308151094,0.29040074557315937,0.3182902584493042,0.6086910040224636,0.07514910536779326,0.004970178926441352,0.06244175209692451,0.12134203168685927,0.20768601798855274,0.11681643132220795,3.14,1.3107011070110701,1.1887640449438202,3.513653136531365,2.9557195571955717,8.84059040590406,0.2059040590405904,0.3790849673202614,0.08496732026143791,0.09803921568627451,0.957,1.7843137254901962,0.8104575163398693
933,1985,DET,DET,4.597620096959012,0,0,0,0,0,0,1,0,0,0,0,0,0,0,0,0,1,0,0,899,837,5620,1546,282,38,178,765,1122.0,104,742,11,7,36,4308,1547,188,542,828,132,148.0,162.0,5.549382716049383,5.166666666666667,0.38271604938271603,0.5326459666846045,1.2070120190487013,1.123769810838446,0.08324220821025524,0.27508896797153026,0.3619420516836335,0.4338078291814947,0.7957498808651282,0.15871886120996442,0.031672597864768684,0.11981205951448708,0.17572435395458105,0.3221216041397154,0.04500216356555604,4.65,1.4547353760445683,1.5276752767527675,5.18941504178273,3.3969359331476325,9.695682451253482,1.1782729805013927,0.06790123456790123,0.043209876543209874,0.2222222222222222,0.979,0.8148148148148148,0.9135802469135802
953,2007,DET,DET,4.250102923013586,0,0,0,0,0,0,0,1,0,0,0,0,0,0,0,0,0,0,1,689,803,5605,1515,289,49,151,455,1259.0,83,746,7,12,35,4341,1491,193,489,1100,86,165.0,161.0,4.279503105590062,4.987577639751553,-0.7080745341614907,0.43040533231493855,1.0069175224951092,1.1735192606147646,-0.16660173811965526,0.27029438001784123,0.3250825082508251,0.4201605709188225,0.7452430791696476,0.14986619090098124,0.026940231935771632,0.07508250825082509,0.20775577557755776,0.3227722772277228,0.04213197969543147,4.64,1.3683483068417415,2.2494887525562373,6.841741534208707,3.0414651002073256,9.273669661368348,1.2004146510020732,0.043478260869565216,0.07453416149068323,0.21739130434782608,0.986,0.5341614906832298,1.0248447204968945
367,1983,BOS,BOS,4.409177365668093,0,0,0,0,0,1,0,0,0,0,0,0,0,0,0,1,0,0,0,794,696,5498,1488,320,21,144,595,707.0,41,624,36,6,41,4287,1469,167,474,1033,129,146.0,161.0,4.931677018633541,4.3229813664596275,0.6086956521739131,0.5599780207198534,1.1185027522444149,0.9804507752671445,0.13805197697727034,0.270643870498363,0.34186771705235514,0.41506002182611856,0.7569277388784736,0.14441615132775554,0.0261913423062932,0.097653044477269,0.11603479402593139,0.32594086021505375,0.019683149303888623,3.93,1.3596920923722884,2.179324894514768,6.50594821553534,2.9853044086773965,9.251924422673197,1.0517844646606018,0.2236024844720497,0.037267080745341616,0.2546583850931677,0.979,0.8012422360248447,0.906832298136646
2186,1997,TEX,TEX,4.457598856598381,0,0,0,0,0,1,0,0,0,0,0,0,0,0,1,0,0,0,0,613,862,5423,1362,253,34,95,448,663.0,75,759,44,7,11,4251,1537,165,594,613,158,187.0,162.0,3.7839506172839505,5.320987654320987,-1.537037037037037,0.3489110358269652,0.8488764330336143,1.1936892092577087,-0.3448127762240945,0.2511524986170017,0.3082950093680804,0.36289876452148256,0.671193773889563,0.11174626590448089,0.017517978978425226,0.07630727303696133,0.11292795094532447,0.28046989720998533,0.04143646408839779,4.82,1.503881439661256,1.031986531986532,3.893436838390967,3.772759350741002,9.762173606210304,1.0479887085391673,0.2716049382716049,0.043209876543209874,0.06790123456790123,0.975,0.9753086419753086,1.154320987654321
510,1905,CHA,CHW,3.835068054443554,1,0,0,0,0,0,0,0,1,0,0,0,0,0,0,0,0,0,0,457,479,5024,1058,115,58,7,403,855.0,183,321,103,23,7,4263,1130,16,381,785,314,100.0,156.0,2.9294871794871793,3.0705128205128207,-0.14102564102564102,0.4785028885554469,0.7638683689309995,0.8006410256410259,-0.03677265671002624,0.2105891719745223,0.26920950801547816,0.2607484076433121,0.5299579156587902,0.0501592356687898,0.001393312101910828,0.07425833793992997,0.15754560530679934,0.17013232514177692,0.12525667351129363,2.03,1.0633356790992259,2.0603674540682415,4.971850809289233,2.4130893736805064,7.156931738212526,0.10133708655876143,0.6602564102564102,0.14743589743589744,0.04487179487179487,0.954,2.0128205128205128,0.6410256410256411
431,1936,CHN,CHC,4.488745980707395,0,1,0,0,0,0,0,0,0,0,0,1,0,0,0,0,0,0,0,666,670,5230,1323,239,25,99,559,670.0,39,564,74,8,9,4092,1431,60,449,548,180,139.0,155.0,4.296774193548387,4.32258064516129,-0.025806451612903226,0.4972604982693837,0.9572326462704502,0.9629817912930955,-0.005749145022645346,0.2529636711281071,0.3250993263085162,0.36500956022944553,0.6901088865379617,0.11204588910133845,0.01892925430210325,0.09656244601831059,0.11573674209708067,0.2743764172335601,0.020722635494155154,3.72,1.3782991202346042,1.2204899777282852,3.6158357771260996,2.9626099706744866,9.44208211143695,0.3958944281524927,0.4774193548387097,0.05161290322580645,0.05806451612903226,0.97,1.1612903225806452,0.896774193548387
2055,1935,SLN,STL,4.306072874493927,0,0,0,1,0,0,0,0,0,0,0,0,1,0,0,0,0,0,0,737,666,5472,1497,235,43,132,493,672.0,58,593,46,11,29,4239,1385,140,506,778,131,168.0,154.0,4.785714285714286,4.324675324675325,0.461038961038961,0.5462116766543409,1.1113872024928813,1.0043200500139198,0.10706715247896142,0.2735745614035088,0.3336127409891031,0.40460526315789475,0.7382180041469979,0.13103070175438597,0.02412280701754386,0.0826487845766974,0.1126571668063705,0.2738810955243821,0.02914572864321608,3.78,1.3382873319179052,1.5375494071146245,4.955414012738853,3.2229299363057327,8.821656050955415,0.89171974522293,0.2987012987012987,0.07142857142857142,0.18831168831168832,0.979,0.8506493506493507,1.0909090909090908
1812,1999,PIT,PIT,4.250102923013586,0,0,0,0,0,0,0,1,0,0,0,0,0,0,0,0,0,0,1,697,596,5631,1462,292,27,140,461,1322.0,98,532,0,13,54,4469,1392,110,453,1338,122,177.0,162.0,4.302469135802469,3.6790123456790123,0.6234567901234568,0.5711333971179559,1.0123211634488496,0.8656290005961468,0.14669216285270273,0.2596341679985793,0.3156598818122127,0.39566684425501686,0.7113267260672296,0.13603267625643756,0.024862369028591725,0.07567301378857517,0.2170059093893631,0.313953488372093,0.05096203848153926,3.21,1.238532110091743,2.9536423841059603,8.083687625867084,2.7368538823002906,8.409935108525397,0.6645782054150816,0.0,0.08024691358024691,0.3333333333333333,0.981,0.7530864197530864,1.0925925925925926
189,1909,SLA,BAL,4.526785714285714,1,0,0,0,0,0,0,0,1,0,0,0,0,0,0,0,0,0,0,552,764,5080,1262,166,71,19,449,855.0,176,564,85,8,5,4107,1433,17,442,547,340,127.0,157.0,3.515923566878981,4.86624203821656,-1.3503184713375795,0.3555374490522108,0.7766931745373685,1.0749883792509956,-0.298295204713627,0.2484251968503937,0.3094592150479291,0.3202755905511811,0.6297348055991102,0.07185039370078741,0.0037401574803149606,0.08120817507686742,0.15463917525773196,0.20285261489698891,0.10286382232612508,3.71,1.3696128560993426,1.237556561085973,3.596055514974434,2.905770635500365,9.420745069393718,0.11176040905770636,0.5414012738853503,0.050955414012738856,0.03184713375796178,0.947,2.1656050955414012,0.8089171974522293
1072,2007,KCA,KCR,4.250102923013586,0,0,0,0,0,0,0,1,0,0,0,0,0,0,0,0,0,0,1,724,641,5575,1497,300,42,139,383,973.0,104,601,2,8,56,4356,1372,155,489,1160,88,138.0,162.0,4.469135802469136,3.95679012345679,0.5123456790123457,0.5554767370194128,1.0515359000530375,0.9309868949364598,0.1205490051165775,0.2685201793721973,0.31554212823094996,0.41219730941704036,0.7277394376479903,0.14367713004484306,0.02493273542600897,0.06428331654917757,0.1633098355152736,0.321309285237141,0.05531914893617021,3.73,1.2816804407713498,2.372188139059305,7.190082644628099,3.03099173553719,8.50413223140496,0.9607438016528925,0.012345679012345678,0.04938271604938271,0.345679012345679,0.985,0.5432098765432098,0.8518518518518519
1640,1935,PHI,PHI,4.578819725141472,0,0,0,1,0,0,0,0,0,0,0,1,0,0,0,0,0,0,0,591,729,5287,1367,227,39,91,440,598.0,68,617,61,6,15,4086,1385,95,556,550,210,126.0,155.0,3.8129032258064517,4.703225806451613,-0.8903225806451613,0.4051529610428172,0.8327262165117548,1.0271699015855655,-0.1944436850738108,0.25855872895782106,0.31552296141086084,0.3678834878002648,0.6834064492111256,0.10932475884244375,0.017212029506336296,0.07682905535184215,0.10441767068273092,0.26115581565471835,0.03763143331488655,4.08,1.4251101321585904,0.9892086330935251,3.634361233480176,3.6740088105726874,9.151982378854626,0.6277533039647577,0.3935483870967742,0.03870967741935484,0.0967741935483871,0.964,1.3548387096774193,0.8129032258064516
994,1971,HOU,HOU,4.457598856598381,0,0,0,0,0,1,0,0,0,0,0,0,0,0,1,0,0,0,0,583,582,5394,1382,224,52,49,461,745.0,190,514,55,19,31,4341,1278,90,504,854,137,146.0,162.0,3.5987654320987654,3.5925925925925926,0.006172839506172839,0.5007854072722299,0.8073327250548077,0.8059479347888474,0.0013847902659602188,0.25621060437523174,0.3147736976942784,0.3442714126807564,0.6590451103750348,0.08806080830552465,0.009084167593622544,0.07873612297181896,0.12724167378309137,0.23516642547033284,0.10309278350515463,3.2,1.2315134761575675,1.6944444444444444,5.311679336558397,3.134761575673808,7.948859709744299,0.5597788527988943,0.3395061728395062,0.11728395061728394,0.19135802469135801,0.978,0.845679012345679,0.9012345679012346
597,1999,CHA,CHW,4.813838550247117,0,0,0,0,0,0,1,0,0,0,0,0,0,0,0,0,0,1,0,865,831,5534,1481,284,19,242,499,1030.0,78,782,8,8,34,4297,1505,224,527,1013,100,167.0,162.0,5.339506172839506,5.12962962962963,0.20987654320987653,0.5183373901289109,1.1091992631463314,1.0656006793926027,0.04359858375372863,0.26761835923382726,0.32819492789656884,0.4569931333574268,0.7851880612539957,0.18937477412359954,0.04372967112396097,0.08271175203049892,0.17072766451185148,0.3679945982444294,0.03939393939393939,4.91,1.4186641843146381,1.922201138519924,6.365138468699093,3.31138003258087,9.456597626250872,1.4074936001861766,0.04938271604938271,0.04938271604938271,0.20987654320987653,0.984,0.6172839506172839,1.0308641975308641
1420,1929,NYA,NYY,4.679611650485437,0,1,0,0,0,0,0,0,0,0,0,1,0,0,0,0,0,0,0,817,671,5286,1371,243,66,155,648,606.0,59,593,76,10,14,4119,1389,119,511,559,152,158.0,155.0,5.2709677419354835,4.329032258064516,0.9419354838709677,0.5891062815453331,1.1263686253513585,0.9250836568063179,0.20128496854504083,0.2593643586833144,0.3402426693629929,0.41827468785471056,0.7585173572177035,0.15891032917139614,0.029322739311388575,0.10920121334681497,0.10212335692618807,0.3384390955506929,0.02922238732045567,3.89,1.3838310269482885,1.0939334637964775,3.6642388929351783,3.3495994173343044,9.10487982520029,0.7800436999271668,0.49032258064516127,0.06451612903225806,0.09032258064516129,0.975,0.9806451612903225,1.0193548387096774
531,1928,CHA,CHW,4.467216673903604,0,1,0,0,0,0,0,0,0,0,1,0,0,0,0,0,0,0,0,683,814,5318,1448,231,53,43,538,416.0,43,678,53,8,13,4113,1505,85,519,423,186,143.0,151.0,4.52317880794702,5.3907284768211925,-0.8675496688741722,0.4204072355353059,1.0125272934197111,1.2067309177798606,-0.19420362436014957,0.2722828130876269,0.3391393442622951,0.35990974050394886,0.6990490847662439,0.08762692741632194,0.008085746521248589,0.09187158469945356,0.07103825136612021,0.22582872928176795,0.0216515609264854,4.45,1.476294675419402,0.815028901734104,2.7768052516411377,3.4070021881838075,9.879649890590809,0.5579868708971554,0.3509933774834437,0.052980132450331126,0.08609271523178808,0.97,1.2317880794701987,0.9470198675496688
30,1991,CAL,ANA,4.307747148288973,0,0,0,0,0,1,0,0,0,0,0,0,0,0,0,0,1,0,0,653,649,5470,1396,245,29,115,448,928.0,94,591,18,10,50,4323,1351,141,543,990,102,156.0,162.0,4.030864197530864,4.006172839506172,0.024691358024691357,0.5028110391343972,0.9357244189998277,0.9299925695725699,0.00573184942725775,0.2552102376599634,0.31159175397093614,0.3736745886654479,0.6852663426363841,0.11846435100548447,0.02102376599634369,0.07570125042244001,0.15680973301791146,0.2786532951289398,0.0509761388286334,3.69,1.3143650242886884,1.8232044198895028,6.183206106870229,3.3913948646773076,8.437890353920888,0.8806384455239418,0.1111111111111111,0.06172839506172839,0.30864197530864196,0.984,0.6296296296296297,0.9629629629629629
197,1917,SLA,BAL,4.870355411954765,0,1,0,0,0,0,0,0,0,1,0,0,0,0,0,0,0,0,0,867,643,5416,1693,291,94,98,473,381.0,132,523,79,8,22,4176,1412,71,419,534,196,158.0,154.0,5.62987012987013,4.175324675324675,1.4545454545454546,0.6334338276875229,1.155946466668749,0.8572936309896257,0.29865283567912315,0.3125923190546529,0.36780438104941415,0.4553175775480059,0.8231219585974201,0.142725258493353,0.01809453471196455,0.0803192392596366,0.06469689251146205,0.2852923803898405,0.060941828254847646,3.38,1.3153735632183907,1.2744630071599046,3.452586206896552,2.709051724137931,9.129310344827587,0.45905172413793105,0.512987012987013,0.05194805194805195,0.14285714285714285,0.968,1.2727272727272727,1.025974025974026
633,1921,CIN,CIN,5.185923515052888,0,1,0,0,0,0,0,0,0,1,0,0,0,0,0,0,0,0,0,686,760,5269,1478,258,79,34,412,347.0,134,671,75,5,8,4107,1558,61,413,347,162,148.0,155.0,4.425806451612903,4.903225806451613,-0.4774193548387097,0.45327010668828654,0.8534268657773999,0.9454874897825422,-0.09206062400514227,0.2805086354146897,0.33268790705861645,0.3788195103435187,0.7115074174021352,0.098310874928829,0.0064528373505409,0.07252244323182538,0.061080795634571375,0.2510148849797023,0.07089947089947089,4.41,1.439737034331629,0.8401937046004843,2.2812271731190648,2.7151205259313365,10.242512783053325,0.4010226442658875,0.4838709677419355,0.03225806451612903,0.05161290322580645,0.974,1.0451612903225806,0.9548387096774194
789,1970,CLE,CLE,4.103472882968601,0,0,0,0,0,1,0,0,0,0,0,0,0,0,1,0,0,0,0,639,694,5365,1400,223,45,106,488,698.0,64,621,36,6,28,4221,1397,100,568,739,121,142.0,159.0,4.018867924528302,4.364779874213837,-0.34591194968553457,0.4622970709001452,0.9793821085570101,1.0636794731432944,-0.08429736458628412,0.26095060577819196,0.32256962241585513,0.37856477166821995,0.7011343940840751,0.11761416589002799,0.019757688723205966,0.08337604647189475,0.1192550828634888,0.2671428571428571,0.03389830508474576,3.97,1.396588486140725,1.301056338028169,4.727078891257996,3.6332622601279314,8.936034115138593,0.6396588486140725,0.22641509433962265,0.03773584905660377,0.1761006289308176,0.98,0.7610062893081762,0.8930817610062893
1030,2010,HOU,HOU,4.341563786008231,0,0,0,0,1,0,0,0,0,0,0,0,0,0,1,0,0,0,0,611,705,5503,1341,202,41,97,514,958.0,97,614,30,11,25,4389,1346,138,641,915,152,162.0,162.0,3.771604938271605,4.351851851851852,-0.5802469135802469,0.4349029597556897,0.8687203791469194,1.0023696682464456,-0.13364928909952606,0.24368526258404508,0.30829316935349843,0.34817372342358716,0.6564668927770856,0.10448846083954208,0.017626749045974922,0.08542463021439256,0.15921555592487951,0.2535421327367636,0.0522911051212938,3.78,1.358168147641832,1.4274570982839314,5.628844839371155,3.943267259056733,8.280246069719754,0.8489405331510594,0.18518518518518517,0.06790123456790123,0.15432098765432098,0.976,0.9382716049382716,1.0
2253,1979,MON,WSN,4.813838550247117,0,0,0,0,0,0,1,0,0,0,0,0,0,0,0,0,0,1,0,635,769,5474,1361,276,27,151,496,925.0,109,696,11,11,31,4341,1477,191,582,1032,99,172.0,162.0,3.919753086419753,4.746913580246914,-0.8271604938271605,0.4132896140486622,0.8142676671652259,0.9860973796063918,-0.1718297124411658,0.24862988673730363,0.31105527638190955,0.391669711362806,0.7027249877447155,0.14303982462550235,0.027584947022287174,0.0830820770519263,0.15494137353433834,0.33357825128581925,0.05869682283252558,4.33,1.42294402211472,1.7731958762886597,6.418797512093987,3.619903248099516,9.186592950932965,1.1879751209398755,0.06790123456790123,0.06790123456790123,0.19135802469135801,0.984,0.6111111111111112,1.0617283950617284
1380,2000,NYN,NYM,4.384362139917696,0,0,0,0,0,0,0,1,0,0,0,0,0,0,0,0,0,0,1,656,652,5465,1361,266,40,128,502,1095.0,130,597,8,19,36,4359,1438,135,545,1106,87,159.0,162.0,4.049382716049383,4.0246913580246915,0.024691358024691357,0.5027981446487401,0.9235967711657592,0.9179650835366997,0.0056316876290595065,0.24903934126258007,0.31221719457013575,0.3826166514181153,0.694833845988251,0.13357731015553523,0.02342177493138152,0.08412937824702531,0.18350930115635997,0.3188831741366642,0.06977992485238863,3.7,1.364762560220234,2.0293577981651376,6.850653819683414,3.3757742601514105,8.907088781830696,0.8362009635237441,0.04938271604938271,0.11728395061728394,0.2222222222222222,0.986,0.5370370370370371,0.9814814814814815
52,2015,LAA,ANA,4.250102923013586,0,0,0,0,0,0,0,1,0,0,0,0,0,0,0,0,0,0,1,661,675,5417,1331,243,21,176,435,1150.0,52,630,2,12,46,4322,1355,166,466,1221,93,108.0,162.0,4.080246913580247,4.166666666666667,-0.08641975308641975,0.4904125009629004,0.960034847976599,0.9803684151046965,-0.020333567128097408,0.24570795643345025,0.3017771701982228,0.39579102824441575,0.6975681984426385,0.1500830718109655,0.032490308288720696,0.07433356117566643,0.19651401230348597,0.3305785123966942,0.02944507361268403,3.94,1.2639981490050902,2.6201716738197427,7.627718648773715,2.911152244331328,8.464831096714484,1.0370198981952798,0.012345679012345678,0.07407407407407407,0.2839506172839506,0.984,0.5740740740740741,0.6666666666666666
1069,2004,KCA,KCR,4.324485596707819,0,0,0,0,0,0,0,1,0,0,0,0,0,0,0,0,0,0,1,676,746,5636,1492,295,37,131,404,1032.0,132,693,2,12,44,4354,1504,163,542,1177,113,171.0,162.0,4.172839506172839,4.604938271604938,-0.43209876543209874,0.45504311240228346,0.9649331493552837,1.0648522624542036,-0.0999191130989199,0.26472675656493966,0.31390728476821195,0.39992902767920513,0.7138363124474171,0.13520227111426547,0.023243435060326473,0.06688741721854305,0.17086092715231788,0.31032171581769435,0.06962025316455696,4.3,1.4097381717960498,2.1715867158671585,7.298805695911805,3.361047312815802,9.326596233348644,1.0107946715663758,0.012345679012345678,0.07407407407407407,0.2716049382716049,0.981,0.6975308641975309,1.0555555555555556
1132,1954,BRO,LAD,4.035670356703567,0,0,0,0,1,0,0,0,0,0,0,0,0,1,0,0,0,0,0,614,572,5499,1375,180,39,79,438,893.0,141,486,47,19,27,4449,1289,88,458,1062,170,126.0,164.0,3.7439024390243905,3.4878048780487805,0.25609756097560976,0.5323712479722948,0.92770273786249,0.8642442443930688,0.06345849346942113,0.25004546281142026,0.30537308404918306,0.3400618294235315,0.6454349134727146,0.09001636661211126,0.0143662484088016,0.07377463365336029,0.1504126663297962,0.21672727272727274,0.07777164920022063,2.95,1.1780175320296695,2.3187772925764194,6.445043830074175,2.77950101146325,7.822656776803776,0.5340525960890088,0.2865853658536585,0.11585365853658537,0.16463414634146342,0.973,1.0365853658536586,0.7682926829268293
2085,1965,SLN,STL,4.138095238095239,0,0,0,0,0,1,0,0,0,0,0,0,0,0,0,1,0,0,0,578,633,5518,1373,207,33,71,484,827.0,234,567,17,14,42,4410,1387,91,486,881,121,131.0,162.0,3.567901234567901,3.9074074074074074,-0.3395061728395062,0.4585104480154914,0.8622085837275708,0.9442526531134123,-0.08204406938584151,0.24882203696991664,0.3093968677107631,0.336897426603842,0.6462942943146051,0.08807538963392533,0.012866980790141355,0.08063978673775409,0.13778740419860047,0.22651128914785143,0.1260096930533118,3.47,1.2741496598639457,1.8127572016460904,5.393877551020409,2.975510204081633,8.491836734693878,0.5571428571428572,0.10493827160493827,0.08641975308641975,0.25925925925925924,0.981,0.7469135802469136,0.808641975308642
255,1977,BAL,BAL,4.2881235154394295,0,0,0,0,0,1,0,0,0,0,0,0,0,0,0,1,0,0,0,805,640,5585,1523,258,29,156,587,766.0,111,590,42,10,41,4380,1438,134,507,789,95,178.0,162.0,4.969135802469136,3.950617283950617,1.0185185185185186,0.6034245274933304,1.1588135893422182,0.9212927915267324,0.2375207978154857,0.27269471799462847,0.34186649384316264,0.41307072515666965,0.7549372189998322,0.14037600716204118,0.0279319606087735,0.09510693454309786,0.12410887880751782,0.29087327642810246,0.05260663507109005,3.64,1.332191780821918,1.5562130177514792,4.8636986301369864,3.1253424657534246,8.864383561643836,0.826027397260274,0.25925925925925924,0.06172839506172839,0.25308641975308643,0.985,0.5864197530864198,1.0987654320987654
1293,1962,MIN,MIN,3.686390532544378,0,0,0,0,1,0,0,0,0,0,0,0,0,0,1,0,0,0,0,537,535,5234,1277,182,31,93,478,905.0,53,441,37,17,34,4197,1188,105,444,838,159,133.0,154.0,3.487012987012987,3.4740259740259742,0.012987012987012988,0.5017070848999262,0.9459152404577766,0.9423922786683623,0.0035229617894144386,0.24398165838746658,0.3072478991596639,0.34390523500191056,0.6511531341615744,0.09992357661444398,0.01776843714176538,0.08368347338935574,0.15843837535014005,0.23962411902897415,0.0301994301994302,2.84,1.1665475339528235,1.8873873873873874,5.390993566833452,2.8563259471050753,7.642601858470336,0.675482487491065,0.24025974025974026,0.11038961038961038,0.22077922077922077,0.974,1.0324675324675325,0.8636363636363636
1917,1906,NY1,SFG,4.75121359223301,0,1,0,0,0,0,0,0,0,1,0,0,0,0,0,0,0,0,0,817,720,5372,1594,251,62,109,461,462.0,73,609,65,7,16,4143,1520,77,453,442,195,160.0,155.0,5.2709677419354835,4.645161290322581,0.6258064516129033,0.557566060294811,1.1093939768467018,0.9776789024842417,0.13171507436246035,0.29672375279225616,0.35230584604834564,0.4274013402829486,0.7797071863312943,0.13067758749069247,0.020290394638868205,0.079033087605006,0.07920452597291273,0.26474278544542035,0.035523114355231145,3.97,1.4286748732802317,0.9757174392935982,2.880521361332368,2.9522085445329473,9.905865314989137,0.501810282404055,0.41935483870967744,0.04516129032258064,0.1032258064516129,0.969,1.2580645161290323,1.032258064516129
1832,1971,SDN,SDP,4.138095238095239,0,0,0,0,0,1,0,0,0,0,0,0,0,0,0,1,0,0,0,594,583,5366,1325,205,35,94,494,892.0,123,528,30,9,39,4347,1332,112,439,885,116,147.0,161.0,3.68944099378882,3.62111801242236,0.06832298136645963,0.5085508170992974,0.8915795266923497,0.8750687947165655,0.016510731975784256,0.24692508386134923,0.3104095563139932,0.3507267983600447,0.6611363546740379,0.10380171449869549,0.017517704062616473,0.08430034129692833,0.1522184300341297,0.25207547169811323,0.06761957119296316,3.28,1.2222222222222223,2.0159453302961277,5.496894409937888,2.7267080745341614,8.273291925465838,0.6956521739130435,0.18633540372670807,0.055900621118012424,0.2422360248447205,0.981,0.7204968944099379,0.9130434782608695
1676,1971,PHI,PHI,4.330955777460771,0,0,0,0,0,1,0,0,0,0,0,0,0,0,0,1,0,0,0,667,673,5477,1343,238,47,141,527,1095.0,122,592,24,9,30,4341,1424,115,596,899,139,142.0,162.0,4.117283950617284,4.154320987654321,-0.037037037037037035,0.495903049387407,0.95066404788627,0.9592157484669561,-0.008551700580686087,0.2452072302355304,0.31145902731512326,0.38305641774694177,0.694515445062065,0.13784918751141137,0.025744020449150994,0.08777481678880746,0.1823784143904064,0.31720029784065523,0.06524064171122995,3.68,1.3959917069799586,1.5083892617449663,5.591568762957844,3.7069799585349,8.856945404284726,0.715272978576365,0.14814814814814814,0.05555555555555555,0.18518518518518517,0.978,0.8580246913580247,0.8765432098765432
1136,1958,LAN,LAD,3.4181538461538463,0,0,0,0,1,0,0,0,0,0,0,0,0,1,0,0,0,0,0,470,509,5354,1234,202,36,67,439,980.0,57,433,38,23,31,4344,1293,65,414,994,144,144.0,162.0,2.9012345679012346,3.1419753086419755,-0.24074074074074073,0.463594778067621,0.848772377862905,0.9192024262387631,-0.07043004837585808,0.23048188270452,0.28879682375280513,0.3192005976839746,0.6079974214367797,0.08871871497945458,0.01251400821815465,0.07578111513896081,0.1691696875539444,0.24716369529983792,0.03407053197848177,2.69,1.1788674033149171,2.4009661835748792,6.178176795580111,2.5732044198895028,8.036602209944752,0.40400552486187846,0.2345679012345679,0.1419753086419753,0.19135802469135801,0.977,0.8888888888888888,0.8888888888888888
1923,1912,NY1,SFG,4.467216673903604,0,1,0,0,0,0,0,0,0,0,1,0,0,0,0,0,0,0,0,636,515,5461,1437,204,41,82,377,477.0,31,424,75,23,15,4224,1280,61,400,555,178,156.0,156.0,4.076923076923077,3.301282051282051,0.7756410256410257,0.59536468827721,0.9126315946883599,0.7390019988435619,0.17362959584479803,0.2631386193004944,0.3107228502911956,0.3605566746017213,0.6712795248929169,0.09741805530122688,0.01501556491485076,0.0645769099006509,0.08170606372045221,0.22755741127348644,0.017089305402425578,2.71,1.1931818181818181,1.3875,3.547585227272727,2.556818181818182,8.181818181818182,0.38991477272727276,0.4807692307692308,0.14743589743589744,0.09615384615384616,0.973,1.141025641025641,1.0
1544,1948,PHA,OAK,4.282591093117409,0,0,0,1,0,0,0,0,0,0,0,0,1,0,0,0,0,0,0,642,713,5261,1297,196,50,138,452,747.0,22,645,42,9,25,4194,1405,150,467,721,125,166.0,156.0,4.115384615384615,4.57051282051282,-0.4551282051282051,0.45215820914963645,0.9609567025902817,1.0672307304468394,-0.10627402785655764,0.24653107774187416,0.30614388237353407,0.38148640942786544,0.6876302918013995,0.13495533168599128,0.02623075460938985,0.0791178015053387,0.1307544197444425,0.29606784888203547,0.012578616352201259,4.15,1.3390557939914163,1.54389721627409,4.641630901287553,3.0064377682403434,9.045064377682404,0.9656652360515021,0.2692307692307692,0.057692307692307696,0.16025641025641027,0.979,0.8012820512820513,1.064102564102564
1866,2008,SDN,SDP,4.330955777460771,0,0,0,0,0,1,0,0,0,0,0,0,0,0,0,1,0,0,0,719,818,5521,1410,277,38,171,564,942.0,94,745,23,8,30,4296,1456,154,637,868,122,156.0,162.0,4.438271604938271,5.049382716049383,-0.6111111111111112,0.44125462188266174,1.024778786252216,1.1658818458335365,-0.14110305958132044,0.2553885165730846,0.32440427280197204,0.41224415866690817,0.7366484314688801,0.15685564209382358,0.030972649882267705,0.09268693508627773,0.15480690221857024,0.3446808510638298,0.047619047619047616,4.68,1.4615921787709498,1.3626373626373627,5.455307262569833,4.003491620111732,9.150837988826815,0.967877094972067,0.1419753086419753,0.04938271604938271,0.18518518518518517,0.98,0.7530864197530864,0.9629629629629629
673,1961,CIN,CIN,4.07245632065776,0,0,0,0,1,0,0,0,0,0,0,0,0,1,0,0,0,0,0,798,768,5634,1558,224,42,171,474,1042.0,79,669,23,11,44,4395,1478,149,611,818,168,158.0,163.0,4.895705521472393,4.711656441717792,0.18404907975460122,0.5175237002202946,1.2021505293104449,1.1569569003889997,0.045193628921445295,0.2765353212637558,0.3326784544859201,0.4222577209797657,0.7549361754656858,0.14572239971600992,0.03035143769968051,0.07760314341846758,0.17059593975114604,0.2804878048780488,0.03887795275590551,4.11,1.425938566552901,1.3387888707037643,5.025255972696245,3.75358361774744,9.079863481228669,0.9153583617747441,0.1411042944785276,0.06748466257668712,0.26993865030674846,0.973,1.030674846625767,0.9693251533742331
2002,1996,SFN,SFG,4.250102923013586,0,0,0,0,0,0,0,1,0,0,0,0,0,0,0,0,0,0,1,696,627,5565,1486,288,39,136,457,1159.0,93,597,7,18,41,4333,1344,155,431,1165,78,145.0,162.0,4.296296296296297,3.8703703703703702,0.42592592592592593,0.5476196600856319,1.0108687657968427,0.9106533278083625,0.10021543798848008,0.26702605570530097,0.3226502822982398,0.40610961365678344,0.7287598959550232,0.13908355795148247,0.02443845462713387,0.0758884091663899,0.1924609764197941,0.31157469717362046,0.0478641276376737,3.72,1.2289406877452111,2.703016241299304,7.259404569582276,2.685668128317563,8.374798061389338,0.9658435264251096,0.043209876543209874,0.1111111111111111,0.25308641975308643,0.987,0.48148148148148145,0.8950617283950617
515,1910,CHA,CHW,3.792771084337349,1,0,0,0,0,0,0,0,1,0,0,0,0,0,0,0,0,0,0,717,509,4914,1269,163,102,25,583,575.0,233,378,91,16,9,4203,1242,14,350,635,222,95.0,155.0,4.625806451612903,3.2838709677419353,1.3419354838709678,0.6518109344562587,1.219637660368078,0.8658236668442841,0.35381399352379395,0.25824175824175827,0.3369110423867564,0.3481888481888482,0.6850998905756046,0.08994708994708994,0.005087505087505087,0.10605784973621976,0.10460251046025104,0.2285263987391647,0.12580993520518358,2.43,1.1363311920057102,1.8142857142857143,4.079229122055675,2.2483940042826553,7.978586723768737,0.08993576017130621,0.5870967741935483,0.1032258064516129,0.05806451612903226,0.965,1.4322580645161291,0.6129032258064516
2043,1923,SLN,STL,4.206225680933852,0,0,1,0,0,0,0,0,0,0,0,1,0,0,0,0,0,0,0,756,583,5487,1498,256,44,64,515,488.0,55,507,77,18,9,4224,1351,70,497,510,136,150.0,155.0,4.877419354838709,3.761290322580645,1.1161290322580646,0.616692543986683,1.1595714839903315,0.8942198084211154,0.26535167556921607,0.27300893019865136,0.3353882039320227,0.3706943685073811,0.7060825724394038,0.09768543830872972,0.01166393293238564,0.0858047317560813,0.08130623125624792,0.24299065420560748,0.0273224043715847,3.24,1.3125,1.0261569416498995,3.259943181818182,3.176846590909091,8.635653409090908,0.44744318181818177,0.4967741935483871,0.11612903225806452,0.05806451612903226,0.977,0.8774193548387097,0.967741935483871
299,1911,BOS,BOS,3.745222929936306,1,0,0,0,0,0,0,0,1,0,0,0,0,0,0,0,0,0,0,589,510,5117,1278,226,85,18,490,549.0,177,374,88,24,8,4281,1207,18,393,602,242,99.0,159.0,3.7044025157232703,3.207547169811321,0.4968553459119497,0.5655083386742962,0.9891006717152269,0.8564369143883969,0.1326637573268301,0.24975571623998435,0.31532013554485466,0.3376978698456127,0.6530180053904673,0.08794215360562832,0.0035176861442251317,0.08739076154806492,0.09791332263242375,0.257433489827856,0.1001131221719457,2.36,1.1212333566923616,1.5318066157760815,3.7967764540995095,2.478626489138052,7.6124737210932025,0.11352487736510161,0.5534591194968553,0.1509433962264151,0.050314465408805034,0.963,1.5220125786163523,0.6226415094339622
1112,1934,BRO,LAD,4.167874396135265,0,0,1,0,0,0,0,0,0,0,0,1,0,0,0,0,0,0,0,690,832,5393,1450,255,51,56,486,451.0,45,711,50,4,13,4101,1471,75,660,487,197,112.0,155.0,4.451612903225806,5.367741935483871,-0.9161290322580645,0.415210157578145,1.0680775090903993,1.2878847645843656,-0.21980725549396624,0.2688670498794734,0.3293077053920735,0.36621546449100684,0.6955231698830804,0.09734841461153343,0.010383830891896904,0.08266712025854737,0.07671372682428984,0.2496551724137931,0.02324380165289256,4.68,1.5588880760790051,0.7378787878787879,3.2062911485003656,4.3452816386247255,9.68471104608632,0.4937820043891734,0.3225806451612903,0.025806451612903226,0.08387096774193549,0.966,1.270967741935484,0.7225806451612903
2227,2001,TOR,TOR,4.21277145811789,0,0,0,0,1,0,0,0,0,0,0,0,0,0,1,0,0,0,0,601,690,5518,1346,216,31,98,579,954.0,108,612,30,12,25,4440,1448,102,665,831,180,179.0,162.0,3.7098765432098766,4.2592592592592595,-0.5493827160493827,0.4371548924080558,0.8806261104102978,1.0110349686906914,-0.13040885828039353,0.2439289597680319,0.3157290470723307,0.3475897064153679,0.6633187534876985,0.10366074664733602,0.017760057992026096,0.09496473675578153,0.15647039527636541,0.2563150074294205,0.05610389610389611,3.72,1.4277027027027027,1.2496240601503759,5.053378378378378,4.043918918918919,8.805405405405406,0.6202702702702703,0.18518518518518517,0.07407407407407407,0.15432098765432098,0.973,1.1111111111111112,1.1049382716049383
291,2016,BAL,BAL,3.607282184655397,1,0,0,0,0,0,0,0,1,0,0,0,0,0,0,0,0,0,0,463,706,5168,1223,160,75,13,298,855.0,99,524,124,6,6,4146,1360,37,285,549,333,84.0,155.0,2.9870967741935486,4.554838709677419,-1.5677419354838709,0.3160346550441298,0.8280740516780241,1.262678791543596,-0.43460473986557197,0.23664860681114552,0.27826564215148186,0.3041795665634675,0.5824452087149494,0.06753095975232198,0.0025154798761609907,0.05451884376143432,0.15642151481888036,0.2027800490596893,0.0650887573964497,3.41,1.1903039073806079,1.9263157894736842,3.5752532561505066,1.8560057887120114,8.856729377713458,0.24095513748191028,0.8,0.03870967741935484,0.03870967741935484,0.949,2.1483870967741936,0.5419354838709678
2263,1990,MON,WSN,4.0660493827160495,0,0,0,0,0,0,0,1,0,0,0,0,0,0,0,0,0,0,1,686,555,5542,1403,265,27,152,517,1304.0,101,495,5,19,45,4412,1351,110,352,1288,100,139.0,162.0,4.234567901234568,3.425925925925926,0.808641975308642,0.5957516359849202,1.0414452709883104,0.8425686959161985,0.19887657507211173,0.2531577047997113,0.3168839742531771,0.3929989173583544,0.7098828916115315,0.13984121255864312,0.02742692168892097,0.08532761181713154,0.2152170325136161,0.3164647184604419,0.05260416666666667,3.03,1.1579782411604713,3.659090909090909,7.882139619220308,2.1541251133272894,8.267679057116952,0.6731640979147778,0.030864197530864196,0.11728395061728394,0.2777777777777778,0.984,0.6172839506172839,0.8580246913580247
70,2014,ARI,ARI,4.0660493827160495,0,0,0,0,0,0,0,1,0,0,0,0,0,0,0,0,0,0,1,615,742,5552,1379,259,47,118,398,1165.0,86,683,2,4,35,4333,1467,154,469,1278,101,147.0,162.0,3.7962962962962963,4.580246913580247,-0.7839506172839507,0.4149497372563035,0.9336572035828146,1.126461211477152,-0.19280400789433733,0.24837896253602307,0.29865546218487393,0.3757204610951009,0.6743759232799749,0.1273414985590778,0.021253602305475506,0.066890756302521,0.1957983193277311,0.3074691805656273,0.04839617332583005,4.26,1.3404108008308333,2.724946695095949,7.963535656588968,2.9224555735056543,9.141241633971845,0.9596122778675283,0.012345679012345678,0.024691358024691357,0.21604938271604937,0.983,0.6234567901234568,0.9074074074074074
1802,1987,PIT,PIT,4.591731797614151,0,0,0,0,0,0,1,0,0,0,0,0,0,0,0,0,0,1,0,680,769,5573,1445,292,38,139,471,1092.0,73,706,4,14,35,4308,1456,162,612,958,117,193.0,162.0,4.197530864197531,4.746913580246914,-0.5493827160493827,0.4439647180535767,0.9141498347918653,1.0337959161102124,-0.11964608131834707,0.2592858424546923,0.3170086035737922,0.40014354925533824,0.7171521528291305,0.14085770680064597,0.02494168311501884,0.07792852415618795,0.18067504963600264,0.3245674740484429,0.038100208768267224,4.42,1.4401114206128134,1.565359477124183,6.004178272980502,3.8356545961002784,9.125348189415043,1.0153203342618384,0.024691358024691357,0.08641975308641975,0.21604938271604937,0.981,0.7222222222222222,1.191358024691358
2138,2002,TBA,TBD,3.4181538461538463,0,0,0,0,1,0,0,0,0,0,0,0,0,1,0,0,0,0,0,524,665,5400,1208,160,37,124,454,960.0,29,582,26,11,28,4317,1402,118,517,826,148,144.0,161.0,3.2546583850931676,4.130434782608695,-0.8757763975155279,0.3926753024063922,0.9521684896527856,1.2083817664486687,-0.2562132767958831,0.2237037037037037,0.2839084386744107,0.3359259259259259,0.6198343646003366,0.1122222222222222,0.022962962962962963,0.07755380936112061,0.16399043389135634,0.26572847682119205,0.017448856799037304,3.64,1.3335649756775538,1.597678916827853,5.166087560806115,3.2334954829742877,8.768589298123697,0.738012508686588,0.16149068322981366,0.06832298136645963,0.17391304347826086,0.976,0.9192546583850931,0.8944099378881988
1575,1979,OAK,OAK,4.256294536817102,0,0,0,0,0,1,0,0,0,0,0,0,0,0,0,0,1,0,0,733,570,5433,1379,209,22,164,651,992.0,141,514,18,16,64,4368,1287,123,494,831,87,152.0,162.0,4.5246913580246915,3.5185185185185186,1.0061728395061729,0.6130763503116416,1.0630587988885514,0.826662367484958,0.23639643140359326,0.2538192527148905,0.3336620644312952,0.390944229707344,0.7246062941386392,0.13712497699245352,0.030185900975519972,0.10700197238658778,0.16305062458908612,0.2864394488759971,0.06945812807881774,3.18,1.2232142857142858,1.6821862348178138,5.136675824175824,3.053571428571429,7.955357142857142,0.7603021978021979,0.1111111111111111,0.09876543209876543,0.3950617283950617,0.986,0.5370370370370371,0.9382716049382716
2098,1978,SLN,STL,4.72798353909465,0,0,0,0,0,0,1,0,0,0,0,0,0,0,0,0,0,1,0,876,796,5672,1580,342,32,196,580,952.0,82,748,9,10,41,4391,1544,210,508,969,77,138.0,162.0,5.407407407407407,4.91358024691358,0.49382716049382713,0.5437015629932963,1.1437026721211594,1.039254939507355,0.10444773261380451,0.27856135401974613,0.345489443378119,0.45380818053596617,0.7992976239140852,0.17524682651622003,0.03455571227080395,0.0927703134996801,0.15227127319257838,0.36075949367088606,0.03796296296296296,4.6,1.4019585515827828,1.9074803149606299,5.958323844226827,3.1236620359826914,9.493964928262354,1.2912776132999317,0.05555555555555555,0.06172839506172839,0.25308641975308643,0.987,0.47530864197530864,0.8518518518518519
403,1906,CHN,CHC,4.512530315278901,1,0,0,0,0,0,0,0,1,0,0,0,0,0,0,0,0,0,0,757,607,5130,1335,218,101,54,585,617.0,214,455,85,12,16,4233,1270,26,525,582,260,114.0,157.0,4.821656050955414,3.8662420382165603,0.9554140127388535,0.5996788270040598,1.0685038579419288,0.8567791833167118,0.21172467462521707,0.260233918128655,0.3359580052493438,0.3736842105263158,0.7096422157756597,0.1134502923976608,0.010526315789473684,0.10236220472440945,0.1079615048118985,0.2794007490636704,0.11145833333333334,2.9,1.2721474131821404,1.1085714285714285,3.712260807937633,3.3486888731396176,8.100637845499644,0.16583982990786675,0.5414012738853503,0.07643312101910828,0.10191082802547771,0.96,1.6560509554140128,0.7261146496815286
465,1970,CHN,CHC,4.21277145811789,0,0,0,0,1,0,0,0,0,0,0,0,0,0,1,0,0,0,0,712,827,5470,1419,229,41,95,650,802.0,67,720,27,8,33,4332,1587,130,551,850,178,152.0,162.0,4.395061728395062,5.104938271604938,-0.7098765432098766,0.4319253622059736,1.0432708662431482,1.2117766943582633,-0.16850582811511522,0.2594149908592322,0.3380718954248366,0.36837294332723947,0.7064448387520761,0.10895795246800727,0.01736745886654479,0.10620915032679738,0.13104575163398693,0.2572233967582805,0.032382793620106334,4.49,1.4806094182825484,1.5426497277676952,5.297783933518006,3.43421052631579,9.891274238227147,0.8102493074792244,0.16666666666666666,0.04938271604938271,0.2037037037037037,0.972,1.0987654320987654,0.9382716049382716
1729,1911,PIT,PIT,5.185923515052888,0,1,0,0,0,0,0,0,0,1,0,0,0,0,0,0,0,0,0,904,780,5490,1663,285,116,60,503,335.0,94,668,79,5,13,4137,1530,96,439,409,181,136.0,154.0,5.87012987012987,5.064935064935065,0.8051948051948052,0.5670904147484697,1.131935296209243,0.9766698352247893,0.1552654609844537,0.3029143897996357,0.361421658601702,0.42987249544626593,0.7912941540479679,0.12695810564663024,0.01092896174863388,0.08393125312865009,0.05589854830635742,0.2772098616957306,0.04339796860572484,4.36,1.4278462654097173,0.9316628701594533,2.6693255982596087,2.8651196519216824,9.985496736765773,0.6265409717186367,0.512987012987013,0.032467532467532464,0.08441558441558442,0.97,1.1753246753246753,0.8831168831168831
1262,1931,WS1,MIN,4.488745980707395,0,1,0,0,0,0,0,0,0,0,0,1,0,0,0,0,0,0,0,728,798,5521,1502,257,80,52,470,488.0,79,671,69,8,7,4167,1524,69,603,544,188,169.0,156.0,4.666666666666667,5.115384615384615,-0.44871794871794873,0.4580965659246797,1.0396370582617003,1.139602160017633,-0.09996510175593272,0.2720521644629596,0.32916040727758306,0.37583771055968124,0.7049981178372643,0.10378554609672164,0.00941858358992936,0.07845100984810549,0.0814555166082457,0.2589880159786951,0.04006085192697769,4.35,1.531317494600432,0.9021558872305141,3.524838012958963,3.9071274298056156,9.874730021598273,0.4470842332613391,0.4423076923076923,0.05128205128205128,0.04487179487179487,0.969,1.205128205128205,1.0833333333333333
528,1925,CHA,CHW,5.549027552674231,0,1,0,0,0,0,0,0,0,0,1,0,0,0,0,0,0,0,0,729,884,5419,1496,256,90,63,389,479.0,74,712,63,2,10,4083,1629,74,407,471,233,136.0,154.0,4.733766233766234,5.740259740259741,-1.0064935064935066,0.4127051701217565,0.8530803260266566,1.0344622883505685,-0.1813819623239119,0.27606569477763426,0.32455234159779617,0.3914006274220336,0.7159529690198297,0.11533493264439931,0.011625761210555453,0.06697658402203857,0.0824724517906336,0.2733957219251337,0.039257294429708225,4.71,1.4959588537839823,1.1572481572481572,3.1146216017634094,2.691403379867744,10.772226304188097,0.48934606906686257,0.4090909090909091,0.012987012987012988,0.06493506493506493,0.962,1.5129870129870129,0.8831168831168831
1076,2011,KCA,KCR,3.607282184655397,1,0,0,0,0,0,0,0,1,0,0,0,0,0,0,0,0,0,0,496,625,4897,1156,141,68,25,388,855.0,175,469,119,22,11,4044,1255,15,453,476,283,73.0,153.0,3.241830065359477,4.084967320261438,-0.8431372549019608,0.3957867665773604,0.8986904543119819,1.132422447469735,-0.23373199315775336,0.2360628956503982,0.2921475875118259,0.30794363896263016,0.600091226474456,0.07188074331223196,0.005105166428425566,0.07341532639545885,0.16177861873226113,0.20242214532871972,0.1133419689119171,3.13,1.2670623145400592,1.0507726269315674,3.178041543026706,3.024480712166172,8.379080118694363,0.10014836795252226,0.7777777777777778,0.1437908496732026,0.0718954248366013,0.955,1.8496732026143792,0.477124183006536
2061,1941,SLN,STL,3.946880790611488,0,0,0,0,1,0,0,0,0,0,0,0,0,1,0,0,0,0,0,747,628,5678,1540,231,66,128,458,915.0,77,540,49,17,32,4389,1329,124,463,978,147,136.0,162.0,4.611111111111111,3.876543209876543,0.7345679012345679,0.5787272437895665,1.1682924708746305,0.9821789447245891,0.18611352615004156,0.2712222613596337,0.325619295958279,0.40278266995420925,0.7284019659124883,0.13156040859457557,0.022543148996125396,0.07464146023468057,0.1491199478487614,0.275974025974026,0.03853853853853854,3.32,1.2248803827751196,2.1123110151187907,6.016404647983595,2.8482570061517434,8.175666438824335,0.762816131237184,0.30246913580246915,0.10493827160493827,0.19753086419753085,0.976,0.9074074074074074,0.8395061728395061
648,1936,CIN,CIN,4.167874396135265,0,0,1,0,0,0,0,0,0,0,0,1,0,0,0,0,0,0,0,573,537,5271,1340,229,31,51,423,391.0,51,461,93,17,12,4194,1292,60,390,369,138,153.0,155.0,3.696774193548387,3.464516129032258,0.23225806451612904,0.5296512545755926,0.8869687140707229,0.8312429309877455,0.055725783082977355,0.2542212103965092,0.30962416578854934,0.3384557010055018,0.6480798667940512,0.08423449060899263,0.009675583380762664,0.07428872497365648,0.0686687741482262,0.23208955223880598,0.028927963698241632,2.97,1.2031473533619457,0.9461538461538461,2.375536480686695,2.5107296137339055,8.317596566523605,0.38626609442060084,0.6,0.10967741935483871,0.07741935483870968,0.978,0.8903225806451613,0.9870967741935484
1457,1967,NYA,NYY,4.470518307180218,0,0,0,0,0,1,0,0,0,0,0,0,0,0,1,0,0,0,0,831,651,5605,1576,267,47,184,533,681.0,93,581,52,16,34,4347,1395,139,486,758,132,151.0,162.0,5.12962962962963,4.018518518518518,1.1111111111111112,0.6098638320542561,1.1474351019636349,0.8988932026213311,0.24854189934230356,0.2811775200713649,0.34359726295210163,0.4440677966101695,0.7876650595622712,0.1628902765388046,0.03282783229259589,0.08683610296513522,0.11094819159335288,0.315989847715736,0.044096728307254626,3.61,1.2981366459627328,1.559670781893004,4.70807453416149,3.018633540372671,8.664596273291925,0.8633540372670808,0.32098765432098764,0.09876543209876543,0.20987654320987653,0.979,0.8148148148148148,0.9320987654320988
530,1927,CHA,CHW,4.913219789132198,0,1,0,0,0,0,0,0,0,0,1,0,0,0,0,0,0,0,0,667,897,5336,1426,274,56,36,459,386.0,89,722,50,2,12,4044,1551,88,580,379,267,170.0,152.0,4.3881578947368425,5.901315789473684,-1.513157894736842,0.36768375635258,0.893132830011642,1.2011096679466908,-0.30797683793504893,0.2672413793103448,0.3252804141501294,0.3598200899550225,0.6851005041051519,0.09257871064467771,0.006746626686656672,0.07920621225194133,0.06660914581535807,0.25666199158485276,0.047214854111405836,4.82,1.5808605341246291,0.653448275862069,2.5304154302670625,3.8724035608308602,10.3553412462908,0.5875370919881306,0.32894736842105265,0.013157894736842105,0.07894736842105263,0.957,1.756578947368421,1.118421052631579
1833,1972,SDN,SDP,4.132241215574549,0,0,0,0,0,1,0,0,0,0,0,0,0,0,0,1,0,0,0,642,626,5422,1360,215,32,120,552,1013.0,136,547,21,11,52,4371,1359,133,481,933,152,147.0,162.0,3.962962962962963,3.8641975308641974,0.09876543209876543,0.5115443021439178,0.9590347601264004,0.9351335823039356,0.023901177822464807,0.25082995204721503,0.32005356545028457,0.3686831427517521,0.6887367082020367,0.11785319070453709,0.022132054592401328,0.09240040174087713,0.16956812855708067,0.2698529411764706,0.07112970711297072,3.38,1.2628689087165408,1.9397089397089398,5.7632120796156485,2.971173644474949,8.39464653397392,0.821551132463967,0.12962962962962962,0.06790123456790123,0.32098765432098764,0.976,0.9382716049382716,0.9074074074074074
85,1913,BSN,ATL,3.5641539695268647,1,0,0,0,0,0,0,0,1,0,0,0,0,0,0,0,0,0,0,542,453,5075,1181,166,73,22,437,646.0,141,344,97,23,11,4245,1206,24,325,644,212,124.0,158.0,3.430379746835443,2.867088607594937,0.5632911392405063,0.5813345345735293,0.9624667666337715,0.8044233307843146,0.15804343584945693,0.23270935960591133,0.2935413642960813,0.307192118226601,0.6007334825226822,0.07448275862068965,0.004334975369458128,0.07928156748911466,0.11719883889695211,0.2209991532599492,0.08714462299134734,2.19,1.0819787985865725,1.9815384615384615,4.096113074204947,2.067137809187279,7.670671378091873,0.15265017667844522,0.6139240506329114,0.14556962025316456,0.06962025316455696,0.967,1.3417721518987342,0.7848101265822784
2181,1990,TEX,TEX,4.0660493827160495,0,0,0,0,0,0,0,1,0,0,0,0,0,0,0,0,0,0,1,637,773,5460,1400,260,28,111,417,1162.0,105,711,6,17,33,4279,1510,160,505,1110,106,155.0,162.0,3.932098765432099,4.771604938271605,-0.8395061728395061,0.4123831591410484,0.9670563230605739,1.1735236071049036,-0.2064672840443297,0.2564102564102564,0.30917134592479156,0.3752747252747253,0.6844460711995168,0.11886446886446889,0.02032967032967033,0.0709545686574783,0.19771992513187,0.285,0.05778756191524491,4.49,1.4127132507595233,2.198019801980198,7.003972890862352,3.1864921710680068,9.527927085767704,1.0095816779621407,0.037037037037037035,0.10493827160493827,0.2037037037037037,0.982,0.654320987654321,0.9567901234567902
1653,1948,PHI,PHI,4.525174825174825,0,0,0,1,0,0,0,0,0,0,0,0,0,1,0,0,0,0,0,584,796,5213,1265,185,50,103,475,928.0,56,708,29,9,13,4149,1452,155,521,775,144,179.0,155.0,3.767741935483871,5.135483870967742,-1.367741935483871,0.36198761161173953,0.8326179829612016,1.1348697165019117,-0.30225173354071017,0.24266257433339727,0.3059071729957806,0.3566084788029925,0.6625156517987731,0.11394590446959524,0.019758296566276617,0.08350914205344585,0.1631504922644163,0.2671936758893281,0.03218390804597701,4.61,1.4266088214027477,1.4875239923224568,5.043383947939262,3.390455531453362,9.449023861171366,1.0086767895878526,0.1870967741935484,0.05806451612903226,0.08387096774193549,0.976,0.9290322580645162,1.1548387096774193
74,1898,BSN,ATL,3.896523848019402,1,0,0,0,0,0,0,0,1,0,0,0,0,0,0,0,0,0,0,468,733,5190,1217,148,52,17,302,855.0,132,541,139,14,0,4149,1390,36,433,533,311,89.0,156.0,3.0,4.698717948717949,-1.6987179487179487,0.30553452761609834,0.7699170124481327,1.2058742951377805,-0.4359572826896478,0.2344894026974952,0.27658412235979607,0.2928709055876686,0.5694550279474646,0.05838150289017341,0.0032755298651252407,0.0549890750182083,0.15568099053168244,0.17830731306491374,0.086899275839368,3.52,1.3181489515545914,1.2309468822170901,3.468546637744035,2.8177874186550977,9.045553145336227,0.23427331887201736,0.8910256410256411,0.08974358974358974,0.0,0.951,1.9935897435897436,0.5705128205128205
110,1940,BSN,ATL,3.91518578352181,0,0,1,0,0,0,0,0,0,0,0,1,0,0,0,0,0,0,0,465,612,5196,1213,202,36,39,469,609.0,56,504,87,13,4,4191,1361,66,441,409,178,139.0,153.0,3.0392156862745097,4.0,-0.9607843137254902,0.37690833579264255,0.776263465980574,1.021662884258304,-0.24539941827772987,0.23344880677444188,0.29691085613415713,0.3086989992301771,0.6056098553643342,0.0752501924557352,0.007505773672055427,0.08278905560458959,0.10750220653133274,0.22835943940643033,0.03329369797859691,3.25,1.2899069434502506,0.927437641723356,2.6349319971367215,2.841088045812455,8.7680744452398,0.4251968503937008,0.5686274509803921,0.08496732026143791,0.026143790849673203,0.972,1.1633986928104576,0.9084967320261438
1942,1933,NY1,SFG,4.17635189669088,0,0,0,1,0,0,0,0,0,0,0,0,1,0,0,0,0,0,0,722,639,5229,1337,186,56,151,536,672.0,30,547,49,12,31,4113,1282,121,538,655,153,175.0,154.0,4.688311688311688,4.14935064935065,0.538961038961039,0.5556388382777818,1.1225854057045475,0.9935347288714764,0.12905067683307125,0.2556894243641232,0.3248915871639202,0.3993115318416523,0.7242031190055724,0.14362210747752913,0.028877414419583095,0.09297484822202949,0.11656548135299219,0.29394166043380704,0.01601708489054992,3.59,1.3274981765134939,1.2174721189591078,4.299781181619256,3.5317286652078774,8.415754923413568,0.7943107221006565,0.3181818181818182,0.07792207792207792,0.2012987012987013,0.974,0.9935064935064936,1.1363636363636365
1249,1916,WS1,MIN,4.729894394800975,0,1,0,0,0,0,0,0,0,1,0,0,0,0,0,0,0,0,0,718,705,5320,1510,277,93,40,481,390.0,110,597,77,15,10,4152,1420,40,466,462,180,146.0,155.0,4.632258064516129,4.548387096774194,0.08387096774193549,0.5083585542903806,0.9793576088311472,0.9616255072784943,0.017732101552653087,0.28383458646616544,0.3432166867781417,0.39342105263157895,0.7366377394097207,0.10958646616541351,0.007518796992481203,0.08291673849336322,0.0672297879675918,0.271523178807947,0.055248618784530384,3.88,1.3627167630057804,0.9914163090128756,3.0043352601156066,3.0303468208092488,9.234104046242773,0.26011560693641617,0.4967741935483871,0.0967741935483871,0.06451612903225806,0.971,1.1612903225806452,0.9419354838709677
1670,1965,PHI,PHI,4.103472882968601,0,0,0,0,0,1,0,0,0,0,0,0,0,0,1,0,0,0,0,708,586,5448,1404,248,32,133,552,866.0,152,531,38,9,29,4308,1343,118,393,813,104,156.0,162.0,4.37037037037037,3.617283950617284,0.7530864197530864,0.5856709083438243,1.0650418547931735,0.8815176933740109,0.18352416141916267,0.2577092511013216,0.326,0.388215859030837,0.714215859030837,0.1305066079295154,0.024412628487518354,0.092,0.14433333333333334,0.29415954415954415,0.07770961145194274,3.33,1.2089136490250696,2.068702290076336,5.095403899721449,2.463091922005571,8.417130919220055,0.7395543175487465,0.2345679012345679,0.05555555555555555,0.17901234567901234,0.983,0.6419753086419753,0.9629629629629629
2168,1976,TEX,TEX,4.7754219843557015,0,0,0,0,0,0,1,0,0,0,0,0,0,0,0,0,0,1,0,890,968,5685,1566,326,23,246,548,1093.0,97,913,4,3,37,4315,1670,222,596,951,114,167.0,162.0,5.493827160493828,5.9753086419753085,-0.48148148148148145,0.4616406640399391,1.1504380510228465,1.2512629588652981,-0.10082490784245171,0.2754617414248021,0.3391625220600032,0.47071240105540896,0.8098749231154121,0.19525065963060684,0.04327176781002638,0.08791914006096582,0.17535697096101396,0.37994891443167306,0.04588457899716178,5.71,1.5754345307068367,1.5956375838926173,5.95063731170336,3.729316338354577,10.449594438006953,1.3891077636152955,0.024691358024691357,0.018518518518518517,0.22839506172839505,0.981,0.7037037037037037,1.0308641975308641
283,2008,BAL,BAL,4.283244133388226,0,0,0,0,0,0,0,1,0,0,0,0,0,0,0,0,0,0,1,708,860,5585,1434,273,13,191,452,1120.0,81,786,3,7,32,4340,1568,210,535,1044,110,159.0,162.0,4.37037037037037,5.308641975308642,-0.9382716049382716,0.4119491314645974,1.0203411793184958,1.2393974777032575,-0.2190562983847618,0.2567591763652641,0.3124068245817459,0.41289167412712624,0.7252984987088722,0.15613249776186217,0.034198746642793196,0.07487162497929435,0.185522610568163,0.33263598326359833,0.04294803817603393,4.89,1.4536866359447005,1.9514018691588786,6.494930875576037,3.328341013824885,9.754838709677419,1.3064516129032255,0.018518518518518517,0.043209876543209874,0.19753086419753085,0.982,0.6790123456790124,0.9814814814814815
49,2012,LAA,ANA,4.324485596707819,0,0,0,0,0,0,0,1,0,0,0,0,0,0,0,0,0,0,1,767,699,5536,1518,273,22,187,449,1113.0,134,640,6,16,38,4300,1339,186,483,1157,98,141.0,162.0,4.734567901234568,4.314814814814815,0.41975308641975306,0.5423706354561485,1.0948279963838796,0.997763715087786,0.09706428129609362,0.27420520231213874,0.3286549707602339,0.4328034682080925,0.7614584389683264,0.15859826589595377,0.03377890173410405,0.07502088554720134,0.18596491228070175,0.31752305665349145,0.0681240467717336,4.02,1.2711627906976746,2.3954451345755694,7.264883720930233,3.0327906976744186,8.407674418604651,1.167906976744186,0.037037037037037035,0.09876543209876543,0.2345679012345679,0.984,0.6049382716049383,0.8703703703703703
1085,1905,BRO,LAD,3.792771084337349,1,0,0,0,0,0,0,0,1,0,0,0,0,0,0,0,0,0,0,536,560,5120,1268,165,75,14,313,496.0,131,411,87,16,8,4167,1252,29,473,499,238,96.0,154.0,3.4805194805194803,3.6363636363636362,-0.15584415584415584,0.4799710235561969,0.9176719087773726,0.9587616957375534,-0.04108978696018086,0.24765625,0.2909994478188846,0.3173828125,0.6083822603188846,0.0697265625,0.002734375,0.05761089637401068,0.09129394441376772,0.20031545741324921,0.08285895003162555,2.66,1.2419006479481642,1.054968287526427,3.2332613390928726,3.0647948164146865,8.112311015118792,0.1879049676025918,0.564935064935065,0.1038961038961039,0.05194805194805195,0.963,1.5454545454545454,0.6233766233766234
1464,1974,NYA,NYY,4.330955777460771,0,0,0,0,0,1,0,0,0,0,0,0,0,0,0,1,0,0,0,839,660,5458,1458,272,31,176,620,771.0,155,590,25,9,49,4320,1373,157,518,907,123,172.0,161.0,5.211180124223603,4.099378881987578,1.1118012422360248,0.6080556864138864,1.203240206548335,0.9465298406697272,0.2567103658786078,0.2671308171491389,0.34188877920368543,0.42506412605349947,0.7669529052571848,0.15793330890436058,0.03224624404543789,0.10200723922342876,0.12685093780848963,0.32853223593964337,0.07459095283926853,3.69,1.3131944444444446,1.750965250965251,5.66875,3.2375,8.58125,0.98125,0.15527950310559005,0.055900621118012424,0.30434782608695654,0.979,0.7639751552795031,1.0683229813664596
1217,1997,ML4,MIL,4.796791443850268,0,0,0,0,0,0,1,0,0,0,0,0,0,0,0,0,0,1,0,801,776,5554,1455,310,37,231,501,1137.0,96,708,3,6,49,4333,1513,161,507,1174,109,144.0,162.0,4.944444444444445,4.790123456790123,0.15432098765432098,0.5145025362790907,1.0307816177381393,0.998609906822467,0.03217171091567226,0.26197335253871085,0.3230388109000826,0.45588764854159164,0.7789264594416743,0.1939142960028808,0.04159164566078502,0.08274153592072667,0.18777869529314617,0.3972508591065292,0.049079754601226995,4.41,1.3985691207015924,2.3155818540433923,7.315485806600508,3.1592430186937457,9.427879067620585,1.0032310177705979,0.018518518518518517,0.037037037037037035,0.30246913580246915,0.982,0.6728395061728395,0.8888888888888888
2095,1975,SLN,STL,5.140181144503911,0,0,0,0,0,0,1,0,0,0,0,0,0,0,0,0,0,1,0,887,771,5478,1481,259,25,235,675,1253.0,87,698,10,7,37,4301,1403,196,606,1100,111,148.0,162.0,5.4753086419753085,4.7592592592592595,0.7160493827160493,0.5637724234981649,1.0651976045298965,0.9258932954820185,0.13930430904787824,0.27035414384811973,0.3503981797497156,0.4554581964220518,0.8058563761717674,0.1851040525739321,0.04289886820007302,0.10970258410531449,0.2036405005688282,0.350438892640108,0.040352504638218926,4.38,1.4013020227853987,1.8151815181518152,6.90537084398977,3.8042315740525456,8.807486631016042,1.2304115322018134,0.06172839506172839,0.043209876543209874,0.22839506172839505,0.981,0.6851851851851852,0.9135802469135802
924,1975,DET,DET,4.256769596199525,0,0,0,0,0,1,0,0,0,0,0,0,0,0,0,1,0,0,0,829,643,5644,1529,254,46,187,602,941.0,106,568,19,8,51,4392,1358,130,489,914,124,162.0,162.0,5.117283950617284,3.9691358024691357,1.1481481481481481,0.6141896996077315,1.202151968757255,0.9324290903629855,0.2697228783942695,0.27090715804394044,0.3411783541466539,0.4316087880935507,0.7727871422402046,0.16070163004961024,0.03313253012048193,0.09638168427793788,0.15065642010886968,0.3185088293001962,0.04974190520882215,3.49,1.2616120218579234,1.869120654396728,5.618852459016393,3.0061475409836067,8.348360655737705,0.7991803278688525,0.11728395061728394,0.04938271604938271,0.3148148148148148,0.98,0.7654320987654321,1.0
938,1990,DET,DET,5.140181144503911,0,0,0,0,0,0,1,0,0,0,0,0,0,0,0,0,0,1,0,823,827,5644,1553,307,41,177,562,982.0,83,755,6,6,44,4330,1583,177,496,978,105,171.0,162.0,5.080246913580247,5.104938271604938,-0.024691358024691357,0.4977818283886421,0.9883400547103776,0.9931436515740976,-0.00480359686371994,0.27515946137491143,0.3407992265549468,0.4381644223954642,0.778963648950411,0.16300496102055279,0.0313607370659107,0.09055752497582985,0.15823396712858523,0.3380553766902769,0.039243498817966904,4.71,1.4404157043879908,1.971774193548387,6.098383371824481,3.0928406466512706,9.870900692840646,1.1036951501154735,0.037037037037037035,0.037037037037037035,0.2716049382716049,0.983,0.6481481481481481,1.0555555555555556
1925,1914,NY1,SFG,4.86468952734013,0,1,0,0,0,0,0,0,0,0,1,0,0,0,0,0,0,0,0,770,675,5623,1608,248,56,123,392,479.0,32,589,76,10,11,4209,1433,106,411,524,174,129.0,156.0,4.935897435897436,4.326923076923077,0.6089743589743589,0.5599527796218128,1.0146377087699243,0.8894551343112973,0.12518257445862702,0.28596834430019563,0.3325020781379884,0.4156144406900231,0.7481165188280114,0.1296460963898275,0.021874444246843323,0.06517040731504573,0.07963424771404821,0.26554726368159204,0.016,3.78,1.3143264433357091,1.2749391727493917,3.361368496079829,2.6364932287954383,9.192444761225945,0.6799714896650035,0.48717948717948717,0.0641025641025641,0.07051282051282051,0.972,1.1153846153846154,0.8269230769230769
2196,2007,TEX,TEX,4.256294536817102,0,0,0,0,0,1,0,0,0,0,0,0,0,0,0,0,1,0,0,767,661,5589,1479,263,50,167,526,970.0,111,620,6,9,48,4362,1434,143,445,892,86,144.0,162.0,4.734567901234568,4.080246913580247,0.654320987654321,0.5676283371672285,1.1123684839666015,0.9586382893115039,0.15373019465509746,0.2646269457863661,0.32788225674570726,0.4192163177670424,0.7470985745127496,0.1545893719806763,0.02988012166756128,0.08601798855273916,0.15862632869991825,0.32454361054766734,0.05536159600997506,3.84,1.2922971114167814,2.004494382022472,5.5213204951856945,2.754470426409904,8.876203576341128,0.8851444291609354,0.037037037037037035,0.05555555555555555,0.2962962962962963,0.986,0.5308641975308642,0.8888888888888888
1051,1984,KCA,KCR,4.1170465337132,0,0,0,0,0,1,0,0,0,0,0,0,0,0,0,0,1,0,0,610,667,5501,1411,284,42,75,439,741.0,131,613,9,12,44,4341,1426,106,512,834,122,164.0,162.0,3.765432098765432,4.117283950617284,-0.35185185185185186,0.4592218007723133,0.914595467389424,1.0000576668012227,-0.08546219941179864,0.25649881839665517,0.3114478114478115,0.36429740047264136,0.6757452119204528,0.1077985820759862,0.013633884748227595,0.0739057239057239,0.12474747474747475,0.2841956059532247,0.07081081081081081,3.81,1.3393227366966136,1.62890625,5.18728403593642,3.1845196959225985,8.869384934346925,0.6592950932964754,0.05555555555555555,0.07407407407407407,0.2716049382716049,0.98,0.7530864197530864,1.0123456790123457
1352,1969,NYN,NYM,4.457598856598381,0,0,0,0,0,1,0,0,0,0,0,0,0,0,1,0,0,0,0,593,706,5591,1399,255,41,74,498,817.0,135,632,16,10,36,4446,1486,120,607,819,140,168.0,163.0,3.638036809815951,4.331288343558282,-0.6932515337423313,0.4208731309620766,0.8161427097529718,0.9716640018306881,-0.15552129207771637,0.25022357360042924,0.31154540975529643,0.3502056877123949,0.6617510974676913,0.09998211411196567,0.01323555714541227,0.08178682870750534,0.13417638364263426,0.2644746247319514,0.07116499736425935,3.84,1.412280701754386,1.3492586490939045,4.973684210526316,3.686234817813765,9.024291497975709,0.728744939271255,0.09815950920245399,0.06134969325153374,0.22085889570552147,0.978,0.8588957055214724,1.030674846625767
998,1975,HOU,HOU,4.256769596199525,0,0,0,0,0,1,0,0,0,0,0,0,0,0,0,1,0,0,0,693,630,5548,1465,222,67,79,494,837.0,105,535,24,13,29,4347,1350,91,502,950,133,160.0,162.0,4.277777777777778,3.888888888888889,0.3888888888888889,0.5434941998590651,1.004935240468972,0.913577491335429,0.0913577491335429,0.2640591204037491,0.3242303872889772,0.37094448449891854,0.6951748717878957,0.10688536409516941,0.014239365537130497,0.08176100628930817,0.1385302879841112,0.25119453924914675,0.05359877488514548,3.32,1.2781228433402347,1.8924302788844622,5.900621118012423,3.1180124223602483,8.385093167701863,0.5652173913043479,0.14814814814814814,0.08024691358024691,0.17901234567901234,0.979,0.8209876543209876,0.9876543209876543
1669,1964,PHI,PHI,4.470518307180218,0,0,0,0,0,1,0,0,0,0,0,0,0,0,1,0,0,0,0,847,668,5546,1548,266,56,186,573,806.0,135,600,31,7,47,4365,1451,134,482,856,120,168.0,162.0,5.228395061728395,4.1234567901234565,1.1049382716049383,0.6069393430490798,1.1695277152385062,0.922366604225882,0.24716111101262409,0.27912008654886405,0.346625265566269,0.4478903714388749,0.7945156370051438,0.16877028489001084,0.03353768481788676,0.0936427520836738,0.13172086942310834,0.3281653746770026,0.06364922206506365,3.71,1.3285223367697594,1.7759336099585061,5.294845360824742,2.9814432989690722,8.975257731958763,0.8288659793814434,0.19135802469135801,0.043209876543209874,0.29012345679012347,0.981,0.7407407407407407,1.037037037037037
260,1983,BAL,BAL,4.409177365668093,0,0,0,0,0,1,0,0,0,0,0,0,0,0,0,1,0,0,0,708,760,5524,1425,223,13,169,563,862.0,64,686,17,6,39,4308,1451,177,535,954,135,163.0,162.0,4.37037037037037,4.691358024691358,-0.32098765432098764,0.4676203680372282,0.9911985860219886,1.0639984821704964,-0.07279989614850764,0.25796524257784215,0.32659766715952027,0.3948225923244026,0.7214202594839229,0.13685734974656044,0.03059377262853005,0.09249219648431083,0.14161327419089864,0.28421052631578947,0.03219315895372234,4.3,1.383008356545961,1.783177570093458,5.979108635097493,3.3530640668523675,9.094011142061282,1.1093314763231197,0.10493827160493827,0.037037037037037035,0.24074074074074073,0.978,0.8333333333333334,1.0061728395061729
1088,1908,BRO,LAD,4.360615883306321,0,1,0,0,0,0,0,0,0,1,0,0,0,0,0,0,0,0,0,660,528,5399,1493,205,99,28,359,391.0,70,415,89,17,10,4281,1381,25,327,553,226,118.0,155.0,4.258064516129032,3.4064516129032256,0.8516129032258064,0.6006928212514089,0.9764823662708095,0.7811858930166475,0.19529647325416188,0.27653269123911833,0.3216394581451893,0.3667345804778663,0.6883740386230556,0.09020188923874795,0.0051861455825152804,0.06234803751302535,0.0679055227509552,0.22237106496985934,0.03779697624190065,2.62,1.196916608269096,1.691131498470948,3.4877365101611773,2.0623686054660126,8.709880868955851,0.15767344078486334,0.5741935483870968,0.10967741935483871,0.06451612903225806,0.966,1.4580645161290322,0.7612903225806451
977,2009,FLO,FLA,4.460518198642813,0,0,0,1,0,0,0,0,0,0,0,0,0,1,0,0,0,0,0,592,717,5558,1370,170,47,105,493,806.0,42,618,34,9,19,4359,1446,113,471,1047,173,149.0,162.0,3.654320987654321,4.425925925925926,-0.7716049382716049,0.4132438051726397,0.8192592934081535,0.9922447861041319,-0.17298549269597838,0.24649154372076287,0.307882994546356,0.3506657070888809,0.6585487016352369,0.10417416336811802,0.018891687657430732,0.08147413650636258,0.1332011237811932,0.23503649635036497,0.02254428341384863,3.83,1.3193392980041294,2.2229299363057327,6.48520302821748,2.9174122505161733,8.95664143152099,0.6999311768754302,0.20987654320987653,0.05555555555555555,0.11728395061728394,0.973,1.0679012345679013,0.9197530864197531
1605,2012,OAK,OAK,3.835068054443554,1,0,0,0,0,0,0,0,1,0,0,0,0,0,0,0,0,0,0,674,639,5171,1319,223,71,22,506,559.0,199,478,84,17,9,4233,1297,36,547,657,258,132.0,157.0,4.292993630573249,4.070063694267516,0.2229299363057325,0.5243771456015237,1.119404810978286,1.061275481031342,0.05812932994694362,0.2550763875459292,0.3214726087722389,0.3384258363952814,0.6598984451675203,0.08334944884935219,0.0042544962289692515,0.08913158358287829,0.09846750044037343,0.2395754359363154,0.10904109589041096,3.05,1.3068745570517364,1.2010968921389398,4.190644932671864,3.4890148830616585,8.27285613040397,0.2296243798724309,0.535031847133758,0.10828025477707007,0.05732484076433121,0.96,1.643312101910828,0.8407643312101911
1160,1983,LAN,LAD,4.597620096959012,0,0,0,0,0,0,1,0,0,0,0,0,0,0,0,0,1,0,0,675,662,5588,1458,234,28,130,492,937.0,126,572,17,9,36,4416,1406,103,567,1043,132,141.0,162.0,4.166666666666667,4.08641975308642,0.08024691358024691,0.5088961253231111,0.9062659764826178,0.8888119650836932,0.017454011398924486,0.2609162491052255,0.3207236842105263,0.38260558339298495,0.7033292676035112,0.12168933428775947,0.023264137437365783,0.08092105263157895,0.15411184210526316,0.26886145404663925,0.06461538461538462,3.5,1.3403532608695652,1.8395061728395061,6.377038043478261,3.466711956521739,8.596467391304348,0.6297554347826088,0.10493827160493827,0.05555555555555555,0.2222222222222222,0.979,0.8148148148148148,0.8703703703703703
1238,1905,WS1,MIN,3.792771084337349,1,0,0,0,0,0,0,0,1,0,0,0,0,0,0,0,0,0,0,569,491,5029,1225,152,79,12,458,541.0,186,358,87,21,13,4179,1161,12,455,715,230,101.0,155.0,3.670967741935484,3.167741935483871,0.5032258064516129,0.5670458768046137,0.9678853957453786,0.8352051481739559,0.13268024757142272,0.24358719427321535,0.3067249863313286,0.3123881487373235,0.6191131350686521,0.06880095446410817,0.0023861602704314975,0.08347002004738473,0.09859668306907235,0.1983673469387755,0.11051693404634581,2.31,1.1600861450107682,1.5714285714285714,4.619526202440776,2.9396984924623117,7.501076812634602,0.07753050969131371,0.5612903225806452,0.13548387096774195,0.08387096774193549,0.964,1.4838709677419355,0.6516129032258065
1484,1997,NYA,NYY,4.796791443850268,0,0,0,0,0,0,1,0,0,0,0,0,0,0,0,0,0,1,0,968,777,5717,1656,326,32,201,637,991.0,123,724,1,5,34,4352,1498,150,578,1009,88,174.0,162.0,5.9753086419753085,4.796296296296297,1.1790123456790123,0.5992206525947807,1.24568864665483,0.999896775259094,0.24579187139573605,0.28966241035508133,0.3608750393452943,0.46335490641945076,0.8242299457647451,0.17369249606436943,0.035158299807591394,0.10025180988353793,0.1559647466163047,0.33756038647342995,0.05364151766245094,4.49,1.431066176470588,1.745674740484429,6.259880514705882,3.5859375,9.293658088235293,0.9306066176470588,0.006172839506172839,0.030864197530864196,0.20987654320987653,0.985,0.5432098765432098,1.0740740740740742
765,1946,CLE,CLE,4.376313662085691,0,0,0,1,0,0,0,0,0,0,0,0,1,0,0,0,0,0,0,746,504,5222,1368,188,39,156,637,668.0,30,438,77,12,36,4257,1220,89,486,678,128,148.0,156.0,4.782051282051282,3.230769230769231,1.5512820512820513,0.6720856359567999,1.0927121891377918,0.7382398704094465,0.3544723187283454,0.2619685944082727,0.34220856801501964,0.4025277671390272,0.7447363351540468,0.14055917273075452,0.02987361164304864,0.1087216248506571,0.1140126301416624,0.27997076023391815,0.014962593516209476,2.78,1.2022551092318534,1.3950617283950617,4.3002114164904865,3.0824524312896404,7.73784355179704,0.5644820295983086,0.4935897435897436,0.07692307692307693,0.23076923076923078,0.979,0.8205128205128205,0.9487179487179487
19,1979,CAL,ANA,4.457598856598381,0,0,0,0,0,1,0,0,0,0,0,0,0,0,1,0,0,0,0,866,768,5550,1563,242,43,164,589,843.0,100,692,46,9,33,4308,1463,131,573,820,135,172.0,162.0,5.345679012345679,4.7407407407407405,0.6049382716049383,0.5547234548293042,1.1992283703215496,1.063518924257448,0.13570944606410146,0.28162162162162163,0.3505456914806972,0.42936936936936937,0.7799150608500666,0.14774774774774774,0.02954954954954955,0.09594396481511647,0.13731878156051475,0.2872680742162508,0.046468401486988845,4.34,1.4178272980501392,1.431064572425829,5.139275766016714,3.5912256267409473,9.169220055710305,0.8210306406685236,0.2839506172839506,0.05555555555555555,0.2037037037037037,0.978,0.8333333333333334,1.0617283950617284
1966,1957,NY1,SFG,3.99484270242393,0,0,0,0,1,0,0,0,0,0,0,0,0,0,1,0,0,0,0,595,686,5452,1340,211,37,85,518,778.0,88,573,27,18,31,4383,1464,68,518,746,183,153.0,162.0,3.6728395061728394,4.234567901234568,-0.5617283950617284,0.43525587237579116,0.9193952752993978,1.060008670345188,-0.14061339504579026,0.2457813646368305,0.31122278056951425,0.3448275862068966,0.6560503667764108,0.09904622157006607,0.015590608950843727,0.08676716917922948,0.1303182579564489,0.24850746268656718,0.04736275565123789,3.53,1.3566050650239563,1.4401544401544402,4.595482546201232,3.190965092402464,9.018480492813142,0.4188911704312115,0.16666666666666666,0.1111111111111111,0.19135802469135801,0.972,1.1296296296296295,0.9444444444444444
1784,1968,PIT,PIT,4.330955777460771,0,0,0,0,0,1,0,0,0,0,0,0,0,0,0,1,0,0,0,568,708,5436,1340,251,28,80,514,842.0,110,637,15,6,29,4335,1406,107,584,962,133,127.0,161.0,3.527950310559006,4.39751552795031,-0.8695652173913043,0.4005460310635138,0.8145893174248561,1.0153683745366164,-0.2007790571117603,0.246504782928624,0.31159663865546217,0.34713024282560706,0.6587268814810692,0.10062545989698307,0.014716703458425313,0.08638655462184874,0.14151260504201682,0.26791044776119405,0.0593311758360302,3.97,1.3771626297577855,1.6472602739726028,5.991695501730104,3.6373702422145326,8.757093425605536,0.6664359861591695,0.09316770186335403,0.037267080745341616,0.18012422360248448,0.979,0.8260869565217391,0.7888198757763976
2087,1967,SLN,STL,4.256294536817102,0,0,0,0,0,1,0,0,0,0,0,0,0,0,0,0,1,0,0,599,698,5462,1398,255,41,73,517,844.0,221,620,8,13,39,4329,1432,98,475,833,129,114.0,162.0,3.697530864197531,4.308641975308642,-0.6111111111111112,0.43047529331791107,0.8687206282868243,1.0122988289552644,-0.14357820066844007,0.2559502013914317,0.32028767352400067,0.357744415964848,0.6780320894888487,0.10179421457341631,0.013365067740754303,0.0864693092490383,0.14116072921893294,0.26394849785407726,0.1154046997389034,3.87,1.3215523215523215,1.7536842105263157,5.1954261954261955,2.9625779625779622,8.931392931392931,0.6112266112266113,0.04938271604938271,0.08024691358024691,0.24074074074074073,0.979,0.7962962962962963,0.7037037037037037
1300,1969,MIN,MIN,4.457598856598381,0,0,0,0,0,1,0,0,0,0,0,0,0,0,1,0,0,0,0,764,725,5544,1544,256,46,112,526,693.0,66,663,31,6,33,4332,1590,128,452,721,134,203.0,162.0,4.716049382716049,4.4753086419753085,0.24074074074074073,0.5239528825206635,1.0579797631936072,1.0039729428211588,0.054006820372448534,0.2784992784992785,0.34102141680395387,0.4018759018759019,0.7428973186798558,0.12337662337662336,0.020202020202020204,0.08665568369028007,0.11416803953871499,0.26813471502590674,0.03188405797101449,4.13,1.4141274238227146,1.595132743362832,4.493767313019391,2.817174515235457,9.909972299168976,0.7977839335180056,0.19135802469135801,0.037037037037037035,0.2037037037037037,0.979,0.8271604938271605,1.2530864197530864
1790,1974,PIT,PIT,4.307747148288973,0,0,0,0,0,1,0,0,0,0,0,0,0,0,0,0,1,0,0,768,632,5449,1433,259,50,126,620,901.0,124,557,18,11,51,4368,1411,117,401,919,120,134.0,162.0,4.7407407407407405,3.9012345679012346,0.8395061728395061,0.5882335202420824,1.100515090033488,0.9056322095067245,0.1948828805267635,0.26298403376766377,0.3382764870654144,0.39823820884565975,0.7365146959110742,0.13525417507799598,0.02312350890071573,0.10215851046300874,0.1484593837535014,0.3035589672016748,0.06039941548952752,3.44,1.2445054945054945,2.291770573566085,5.680631868131868,2.4787087912087915,8.721840659340659,0.7232142857142858,0.1111111111111111,0.06790123456790123,0.3148148148148148,0.981,0.7407407407407407,0.8271604938271605
68,2012,ARI,ARI,4.324485596707819,0,0,0,0,0,0,0,1,0,0,0,0,0,0,0,0,0,0,1,734,688,5462,1416,307,33,165,539,1266.0,93,626,4,9,39,4301,1432,155,417,1200,90,146.0,162.0,4.530864197530864,4.246913580246914,0.2839506172839506,0.5295749233458158,1.047723271637246,0.9820621401722415,0.0656611314650045,0.2592456975466862,0.32577903682719545,0.41816184547784696,0.7439408823050424,0.15891614793116077,0.03020871475649945,0.08981836360606565,0.21096483919346776,0.356638418079096,0.04757033248081841,3.93,1.2897000697512206,2.8776978417266186,7.533131829807021,2.61776331085794,8.989537316903046,0.9730295280167403,0.024691358024691357,0.05555555555555555,0.24074074074074073,0.985,0.5555555555555556,0.9012345679012346
2174,1983,TEX,TEX,4.796791443850268,0,0,0,0,0,0,1,0,0,0,0,0,0,0,0,0,0,1,0,816,844,5555,1460,298,36,179,503,1224.0,88,755,0,6,42,4290,1525,155,668,976,124,179.0,162.0,5.037037037037037,5.209876543209877,-0.1728395061728395,0.4845697024028823,1.0500846442875427,1.0861169605130956,-0.03603231622555293,0.26282628262826285,0.3240343347639485,0.4261026102610261,0.7501369450249746,0.16327632763276323,0.03222322232223222,0.08303070320237702,0.20204688015846814,0.35136986301369866,0.044829342842587876,4.75,1.5335664335664336,1.4610778443113772,6.142657342657343,4.204195804195804,9.597902097902098,0.9755244755244754,0.0,0.037037037037037035,0.25925925925925924,0.98,0.7654320987654321,1.1049382716049383
901,1952,DET,DET,4.313915857605178,0,0,0,1,0,0,0,0,0,0,0,0,0,1,0,0,0,0,0,633,644,5202,1243,188,34,150,636,728.0,66,568,40,7,25,4215,1336,141,474,824,137,138.0,154.0,4.1103896103896105,4.181818181818182,-0.07142857142857142,0.4921187037627137,0.9528209974571565,0.969378708313442,-0.0165577108562855,0.23894655901576317,0.32185680027406643,0.3746635909265667,0.6965203912006331,0.13571703191080353,0.02883506343713956,0.10894141829393628,0.12470023980815348,0.29927594529364443,0.03512506652474721,3.64,1.2882562277580072,1.738396624472574,5.278291814946619,3.0362989323843417,8.558007117437722,0.903202846975089,0.2597402597402597,0.045454545454545456,0.16233766233766234,0.977,0.8896103896103896,0.8961038961038961
1024,2004,HOU,HOU,4.324485596707819,0,0,0,0,0,0,0,1,0,0,0,0,0,0,0,0,0,0,1,583,794,5407,1276,238,28,146,463,1365.0,105,721,3,11,31,4270,1493,173,540,1170,118,132.0,162.0,3.5987654320987654,4.901234567901234,-1.3024691358024691,0.3623266096953089,0.8321834705238615,1.1333682257220343,-0.3011847551981729,0.23599038283706306,0.29625212947189095,0.371370445718513,0.6676225751904039,0.13538006288144996,0.027002034399852045,0.07887563884156729,0.23253833049403747,0.322884012539185,0.060379528464634846,4.56,1.428337236533958,2.1666666666666665,7.398126463700234,3.4145199063231852,9.440515222482437,1.0939110070257612,0.018518518518518517,0.06790123456790123,0.19135802469135801,0.981,0.7283950617283951,0.8148148148148148
618,1904,CIN,CIN,4.526785714285714,1,0,0,0,0,0,0,0,1,0,0,0,0,0,0,0,0,0,0,656,722,5115,1310,183,89,21,479,492.0,248,523,86,13,10,4131,1455,28,452,561,247,102.0,155.0,4.232258064516129,4.658064516129032,-0.4258064516129032,0.4562541968977203,0.9349366927530699,1.0290004453776167,-0.09406375262454666,0.2561094819159335,0.3198069360028602,0.33900293255131964,0.6588098685541799,0.08289345063538611,0.004105571847507331,0.08562745799070433,0.08795137647479442,0.22366412213740458,0.13862493012856344,3.42,1.3848946986201889,1.241150442477876,3.6666666666666665,2.954248366013072,9.50980392156863,0.1830065359477124,0.5548387096774193,0.08387096774193549,0.06451612903225806,0.96,1.5935483870967742,0.6580645161290323
1243,1910,WS1,MIN,4.870355411954765,0,1,0,0,0,0,0,0,0,1,0,0,0,0,0,0,0,0,0,650,706,5201,1395,229,76,45,458,442.0,94,577,84,13,10,4086,1485,49,500,422,201,161.0,154.0,4.220779220779221,4.584415584415584,-0.36363636363636365,0.46226278606240034,0.8666265321045984,0.9412897410243791,-0.07466320891978079,0.2682176504518362,0.32744301113270896,0.3674293405114401,0.6948723516441491,0.0992116900596039,0.008652182272639877,0.0809330270365789,0.0781056723802792,0.25089605734767023,0.050728548300053966,3.81,1.4574155653450807,0.844,2.788546255506608,3.3039647577092515,9.812775330396475,0.3237885462555066,0.5454545454545454,0.08441558441558442,0.06493506493506493,0.968,1.3051948051948052,1.0454545454545454
669,1957,CIN,CIN,3.9882932840418976,0,0,0,0,1,0,0,0,0,0,0,0,0,1,0,0,0,0,0,825,704,5658,1544,268,61,183,538,1003.0,82,628,43,9,34,4371,1355,136,587,1113,117,142.0,162.0,5.092592592592593,4.345679012345679,0.7469135802469136,0.5720566517856961,1.276885181179944,1.089608687940219,0.18727649323972512,0.27288794627076707,0.3360232408005165,0.4388476493460587,0.7748708901465752,0.16595970307529162,0.03234358430540827,0.0868302130406714,0.16187863137508068,0.3316062176165803,0.0393852065321806,3.88,1.332875772134523,1.8960817717206133,6.875085792724777,3.6259437199725464,8.36993822923816,0.8400823610157858,0.2654320987654321,0.05555555555555555,0.20987654320987653,0.981,0.7222222222222222,0.8765432098765432
1286,1955,WS1,MIN,3.9882932840418976,0,0,0,0,1,0,0,0,0,0,0,0,0,1,0,0,0,0,0,774,600,5488,1396,257,42,150,554,969.0,92,508,32,12,45,4371,1278,166,503,934,172,158.0,162.0,4.777777777777778,3.7037037037037037,1.0740740740740742,0.6144354511252537,1.1979504608888203,0.9286437681308685,0.2693066927579519,0.2543731778425656,0.3227408142999007,0.3985058309037901,0.7212466452036908,0.14413265306122452,0.027332361516034985,0.09169149288315127,0.16037735849056603,0.3216332378223496,0.04717948717948718,3.14,1.2223747426218257,1.856858846918489,5.769389155799588,3.10706932052162,7.894303363074811,1.0253946465339738,0.19753086419753085,0.07407407407407407,0.2777777777777778,0.973,1.0617283950617284,0.9753086419753086
169,2002,ATL,ATL,4.591731797614151,0,0,0,0,0,0,1,0,0,0,0,0,0,0,0,0,0,1,0,769,674,5486,1453,308,37,184,534,1084.0,92,639,8,12,38,4331,1487,145,520,929,86,170.0,162.0,4.746913580246914,4.160493827160494,0.5864197530864198,0.5600353123666508,1.0337959161102124,0.9060838068378194,0.12771210927239296,0.26485599708348523,0.33006644518272427,0.43510754648195404,0.7651739916646783,0.17025154939846882,0.03353991979584397,0.08870431893687708,0.18006644518272424,0.36407432897453545,0.0463009562154001,3.98,1.3902101131378435,1.7865384615384616,5.791503117063034,3.241745555299007,9.270145462941585,0.9039482798429923,0.04938271604938271,0.07407407407407407,0.2345679012345679,0.986,0.5308641975308642,1.0493827160493827
1704,2002,PHI,PHI,4.250102923013586,0,0,0,0,0,0,0,1,0,0,0,0,0,0,0,0,0,0,1,626,809,5529,1374,272,37,130,387,1274.0,88,749,1,7,35,4309,1592,191,488,1153,117,145.0,162.0,3.8641975308641974,4.993827160493828,-1.1296296296296295,0.3847817389603885,0.9092009301563555,1.174989700473629,-0.2657887703172732,0.24850786760716223,0.29766734279918866,0.38162416350153733,0.679291506300726,0.1331162958943751,0.023512389220473866,0.0654158215010142,0.21534820824881676,0.3195050946142649,0.04997160704145372,4.69,1.4481318171269437,2.362704918032787,7.22464608957995,3.0577860292411234,9.975400324901369,1.1967974007890463,0.006172839506172839,0.043209876543209874,0.21604938271604937,0.981,0.7222222222222222,0.8950617283950617
611,2013,CHA,CHW,3.896523848019402,1,0,0,0,0,0,0,0,1,0,0,0,0,0,0,0,0,0,0,735,698,5205,1401,160,101,27,434,855.0,181,457,119,10,2,4095,1409,22,439,547,310,122.0,155.0,4.741935483870968,4.503225806451613,0.23870967741935484,0.523612935838242,1.2169656003212421,1.1557033864275197,0.06126221389372239,0.269164265129683,0.3254123071466572,0.3542747358309318,0.679687042977589,0.08511047070124877,0.005187319884726225,0.07696400070934563,0.1516226281255542,0.20556745182012848,0.09863760217983651,3.01,1.353846153846154,1.246013667425968,3.6065934065934067,2.894505494505495,9.29010989010989,0.14505494505494507,0.7677419354838709,0.06451612903225806,0.012903225806451613,0.953,2.0,0.7870967741935484
1101,1923,BRO,LAD,4.467216673903604,0,1,0,0,0,0,0,0,0,0,1,0,0,0,0,0,0,0,0,617,695,5367,1413,224,51,62,397,453.0,82,574,71,9,10,4158,1502,51,374,415,177,120.0,157.0,3.929936305732484,4.426751592356688,-0.4968152866242038,0.4457522798713331,0.879728160196531,0.9909417687789125,-0.11121360858238157,0.26327557294577975,0.3140180430256766,0.35867337432457613,0.6726914173502527,0.09539780137879639,0.01155207751071362,0.06887578070784178,0.0785912560721721,0.23849964614295824,0.045303867403314914,3.73,1.3535353535353536,1.1096256684491979,2.6948051948051948,2.4285714285714284,9.753246753246753,0.3311688311688312,0.45222929936305734,0.05732484076433121,0.06369426751592357,0.971,1.127388535031847,0.7643312101910829
737,1915,CLE,CLE,5.128664495114006,0,1,0,0,0,0,0,0,0,1,0,0,0,0,0,0,0,0,0,782,817,5436,1613,285,58,52,520,379.0,90,684,93,6,9,4116,1604,41,493,345,212,146.0,155.0,5.04516129032258,5.2709677419354835,-0.22580645161290322,0.4799793679178226,0.9837183335211382,1.0277466476812915,-0.04402831416015325,0.29672553348050035,0.3581262592343855,0.39919058130978663,0.7573168405441721,0.10246504782928628,0.009565857247976454,0.08730691739422432,0.06363331094694426,0.2448853068815871,0.04219409282700422,4.49,1.5284256559766765,0.6997971602434077,2.263119533527697,3.23396501457726,10.521865889212828,0.26895043731778423,0.6,0.03870967741935484,0.05806451612903226,0.966,1.367741935483871,0.9419354838709677
1791,1975,PIT,PIT,4.1170465337132,0,0,0,0,0,1,0,0,0,0,0,0,0,0,0,0,1,0,0,693,595,5527,1409,272,54,106,569,872.0,110,551,20,20,43,4437,1410,101,455,844,101,144.0,162.0,4.277777777777778,3.6728395061728394,0.6049382716049383,0.5693053409998455,1.039040424427657,0.8921054149126348,0.14693500951502222,0.2549303419576624,0.3244750656167979,0.3812194680658585,0.7056945336826563,0.1262891261081961,0.019178577890356433,0.09333989501312336,0.14304461942257218,0.3066004258339248,0.055611729019211326,3.35,1.2609871534820825,1.854945054945055,5.135902636916836,2.768762677484787,8.580121703853955,0.6146044624746451,0.12345679012345678,0.12345679012345678,0.2654320987654321,0.984,0.6234567901234568,0.8888888888888888
841,2003,COL,COL,4.283244133388226,0,0,0,0,0,0,0,1,0,0,0,0,0,0,0,0,0,0,1,735,774,5544,1429,274,40,163,555,1201.0,118,713,5,7,41,4343,1471,176,522,1118,98,156.0,162.0,4.537037037037037,4.777777777777778,-0.24074074074074073,0.4763642503049031,1.0592524954789468,1.1154577299329318,-0.05620523445398493,0.25775613275613274,0.3252992293818659,0.4098124098124098,0.7351116391942757,0.15205627705627706,0.0294011544011544,0.09099852434825381,0.19691752746351862,0.3337998600419874,0.059475806451612906,4.43,1.376698134929772,2.1417624521072796,6.95049504950495,3.2452221966382684,9.14506101772968,1.0941745337324429,0.030864197530864196,0.043209876543209874,0.25308641975308643,0.984,0.6049382716049383,0.9629629629629629
813,1997,CLE,CLE,4.591731797614151,0,0,0,0,0,0,1,0,0,0,0,0,0,0,0,0,0,1,0,790,642,5609,1522,337,30,207,503,1093.0,62,582,6,10,51,4358,1363,157,413,1050,106,156.0,162.0,4.8765432098765435,3.962962962962963,0.9135802469135802,0.5937823394038642,1.062027013949373,0.8630649910829081,0.1989620228664648,0.27134961668746654,0.331315445026178,0.45284364414334105,0.784159089169519,0.1814940274558745,0.03690497414868961,0.08229712041884817,0.1788285340314136,0.3771353482260184,0.030617283950617285,3.61,1.2225791647544744,2.542372881355932,6.505277650298301,2.5587425424506653,8.444469940339605,0.9726938962826985,0.037037037037037035,0.06172839506172839,0.3148148148148148,0.983,0.654320987654321,0.9629629629629629
1591,1998,OAK,OAK,4.650947281713345,0,0,0,0,0,0,1,0,0,0,0,0,0,0,0,0,0,1,0,646,690,5451,1318,270,23,125,574,1226.0,88,640,4,7,33,4305,1364,135,576,1061,98,169.0,161.0,4.012422360248447,4.285714285714286,-0.2732919254658385,0.4698908408776968,0.8627107806671002,0.9214712672760048,-0.05876048660890466,0.24179049715648504,0.3140248962655602,0.36855622821500644,0.6825811244805666,0.1267657310585214,0.02293157218858925,0.09526970954356846,0.20348547717842325,0.3171471927162367,0.046511627906976744,4.01,1.3519163763066202,1.8420138888888888,6.654355400696865,3.612543554006969,8.554703832752613,0.8466898954703833,0.024844720496894408,0.043478260869565216,0.20496894409937888,0.984,0.6086956521739131,1.049689440993789
2232,2006,TOR,TOR,4.2881235154394295,0,0,0,0,0,1,0,0,0,0,0,0,0,0,0,1,0,0,0,694,629,5465,1407,250,61,114,547,865.0,237,563,33,15,36,4368,1447,100,460,823,144,126.0,162.0,4.283950617283951,3.882716049382716,0.4012345679012346,0.5448698378895911,0.9990268708118005,0.9054580716723667,0.09356879913943376,0.2574565416285453,0.3250166333998669,0.3881061299176578,0.7131227633175248,0.1306495882891125,0.020860018298261666,0.09098469727212243,0.14387890884896873,0.30206112295664533,0.12128966223132037,3.48,1.3097527472527473,1.7891304347826087,5.087225274725275,2.843406593406593,8.944368131868131,0.6181318681318682,0.2037037037037037,0.09259259259259259,0.2222222222222222,0.977,0.8888888888888888,0.7777777777777778
701,1990,CIN,CIN,5.140181144503911,0,0,0,0,0,0,1,0,0,0,0,0,0,0,0,0,0,1,0,825,765,5635,1545,302,36,200,559,995.0,100,700,8,7,42,4369,1446,190,659,1015,111,156.0,163.0,5.061349693251533,4.693251533742331,0.36809815950920244,0.5344898453984515,0.9846636822640643,0.9130517780994051,0.07161190416465922,0.2741792369121562,0.33968356474007105,0.44702750665483587,0.7867110713949069,0.1728482697426797,0.0354924578527063,0.0902486277042299,0.16063932838230546,0.3482200647249191,0.04752851711026616,4.33,1.4454108491645685,1.5402124430955995,6.272602426184482,4.072556649118791,8.936140993362326,1.1741817349507897,0.049079754601226995,0.04294478527607362,0.25766871165644173,0.982,0.6809815950920245,0.9570552147239264
943,1997,DET,DET,4.591731797614151,0,0,0,0,0,0,1,0,0,0,0,0,0,0,0,0,0,1,0,723,787,5602,1521,283,45,168,384,1038.0,66,719,7,2,37,4307,1504,193,461,907,110,171.0,162.0,4.462962962962963,4.8580246913580245,-0.3950617283950617,0.4612730179983347,0.9719563684625273,1.05799399997235,-0.08603763150982262,0.27151017493752233,0.3182425659873037,0.42806140664048553,0.7463039726277892,0.1565512317029632,0.029989289539450195,0.06414968259271633,0.17340461075843636,0.32610124917817224,0.03464566929133858,4.51,1.3687021128395633,1.967462039045553,5.685860227536567,2.8899465985604826,9.428372416995588,1.2098908753192477,0.043209876543209874,0.012345679012345678,0.22839506172839505,0.982,0.6790123456790124,1.0555555555555556
1360,1977,NYN,NYM,4.138095238095239,0,0,0,0,0,1,0,0,0,0,0,0,0,0,0,1,0,0,0,703,532,5408,1387,251,24,152,544,842.0,140,465,31,22,46,4317,1253,78,404,1100,115,127.0,160.0,4.39375,3.325,1.06875,0.6248171468864459,1.0617807825086303,0.8035097813578824,0.2582710011507479,0.25647189349112426,0.3244287634408602,0.39607988165680474,0.720508645097665,0.13960798816568049,0.028106508875739646,0.0913978494623656,0.14146505376344087,0.30785868781542897,0.07250129466597618,2.91,1.1514940931202224,2.722772277227723,6.879777623349549,2.5267546907574703,7.836692147324531,0.48783877692842254,0.19375,0.1375,0.2875,0.981,0.71875,0.79375
1847,1987,SDN,SDP,4.591731797614151,0,0,0,0,0,0,1,0,0,0,0,0,0,0,0,0,0,1,0,684,726,5502,1416,269,39,130,600,977.0,99,668,4,8,45,4366,1452,146,503,1133,109,136.0,162.0,4.222222222222222,4.481481481481482,-0.25925925925925924,0.47276360298071657,0.9195271867612292,0.9759893824395504,-0.056462195678321093,0.257360959651036,0.3303834808259587,0.39131225009087606,0.7216957309168348,0.13395129043984005,0.023627771719374774,0.09832841691248771,0.16011143887250082,0.3093220338983051,0.049107142857142856,4.13,1.343334860284013,2.2524850894632205,7.006642235455795,3.1106275767292715,8.979386165826844,0.9028859367842419,0.024691358024691357,0.04938271604938271,0.2777777777777778,0.982,0.6728395061728395,0.8395061728395061
1522,1925,PHA,OAK,5.188206785137318,0,1,0,0,0,0,0,0,0,0,1,0,0,0,0,0,0,0,0,714,1045,5373,1443,240,60,72,524,590.0,59,913,68,3,12,4056,1645,131,696,405,208,152.0,154.0,4.636363636363637,6.785714285714286,-2.1493506493506493,0.3324716562610179,0.893635089805104,1.307911300905229,-0.4142762111001252,0.2685650474595198,0.33355943700186536,0.3757677275265215,0.7093271645283868,0.10720268006700168,0.01340033500837521,0.08885874173308463,0.1000508733254197,0.2577962577962578,0.029994916115912557,6.08,1.731508875739645,0.5818965517241379,2.6960059171597632,4.633136094674556,10.950443786982248,0.8720414201183432,0.44155844155844154,0.01948051948051948,0.07792207792207792,0.966,1.3506493506493507,0.987012987012987
753,1933,CLE,CLE,4.488745980707395,0,1,0,0,0,0,0,0,0,0,0,1,0,0,0,0,0,0,0,677,668,5283,1350,249,84,103,512,605.0,63,597,68,10,19,4131,1366,71,660,617,142,158.0,155.0,4.367741935483871,4.309677419354839,0.05806451612903226,0.5061224619399247,0.9730427950827251,0.9601072187817729,0.012935576300952031,0.2555366269165247,0.32131147540983607,0.3929585462805224,0.7142700216903585,0.13742191936399772,0.019496498201779292,0.08835202761000863,0.10440034512510785,0.32296296296296295,0.03383458646616541,3.9,1.4713144517066086,0.9348484848484848,4.032679738562091,4.313725490196078,8.928104575163399,0.46405228758169936,0.43870967741935485,0.06451612903225806,0.12258064516129032,0.976,0.9161290322580645,1.0193548387096774
1002,1979,HOU,HOU,4.138095238095239,0,0,0,0,0,1,0,0,0,0,0,0,0,0,0,1,0,0,0,617,631,5494,1338,239,31,96,474,840.0,198,558,21,15,40,4422,1339,123,478,1049,138,124.0,162.0,3.808641975308642,3.8950617283950617,-0.08641975308641975,0.48973658818650456,0.9203852874738948,0.9412692324084726,-0.020883944934577837,0.24353840553330908,0.30361930294906164,0.35074626865671643,0.6543655716057781,0.10720786312340735,0.017473607571896616,0.07942359249329758,0.14075067024128687,0.273542600896861,0.10927152317880795,3.41,1.2327001356852103,2.194560669456067,6.4050203527815475,2.918588873812755,8.175712347354139,0.7510176390773405,0.12962962962962962,0.09259259259259259,0.24691358024691357,0.978,0.8518518518518519,0.7654320987654321
1929,1920,NY1,SFG,4.823720552396425,0,1,0,0,0,0,0,0,0,0,1,0,0,0,0,0,0,0,0,703,685,5129,1395,211,38,116,498,499.0,26,596,55,6,20,3957,1412,86,477,505,153,152.0,151.0,4.655629139072848,4.5364238410596025,0.11920529801324503,0.5118644319541585,0.965153161030427,0.9404408468077419,0.02471231422268519,0.27198284265938777,0.3364137195663764,0.39578865275882236,0.7322023723251987,0.12380581009943459,0.02261649444336128,0.08850186600319886,0.08867958059356673,0.2616487455197133,0.013734812466983624,4.07,1.4321455648218346,1.0587002096436058,3.4457922668688403,3.2547384382107656,9.634571645185746,0.5868081880212282,0.36423841059602646,0.039735099337748346,0.13245033112582782,0.975,1.0132450331125828,1.0066225165562914
1884,1987,SEA,SEA,4.591731797614151,0,0,0,0,0,0,1,0,0,0,0,0,0,0,0,0,0,1,0,699,751,5507,1408,289,34,130,466,986.0,102,712,6,7,39,4283,1483,179,496,892,86,144.0,162.0,4.314814814814815,4.635802469135802,-0.32098765432098764,0.4672192178082044,0.9396922566463439,1.0095978322480748,-0.06990557560173087,0.255674595968767,0.3137451866733635,0.39132013800617393,0.7050653246795374,0.13564554203740692,0.02360631923007082,0.07801774652603381,0.1650761761258999,0.32173295454545453,0.054429028815368194,4.49,1.3861779126780294,1.7983870967741935,5.62316133551249,3.126780294186318,9.348820919915946,1.128414662619659,0.037037037037037035,0.043209876543209874,0.24074074074074073,0.986,0.5308641975308642,0.8888888888888888
1659,1954,PHI,PHI,3.768518518518519,0,0,0,0,1,0,0,0,0,0,0,0,0,1,0,0,0,0,0,612,581,5401,1306,221,47,103,545,1033.0,79,500,46,17,23,4359,1372,86,403,967,137,174.0,162.0,3.7777777777777777,3.5864197530864197,0.19135802469135801,0.5237636309486706,1.0024570024570023,0.9516789516789516,0.05077805077805077,0.2418070727643029,0.3113017154389506,0.35734123310498056,0.6686429485439311,0.11553416034067765,0.019070542492131085,0.09165825765220316,0.17373023881601077,0.28407350689127103,0.04267963263101027,3.1,1.2216104611149345,2.399503722084367,5.989676531314522,2.496214728148658,8.498279421885755,0.5326909841706814,0.2839506172839506,0.10493827160493827,0.1419753086419753,0.978,0.845679012345679,1.0740740740740742
1698,1996,PHI,PHI,4.612962962962963,0,0,0,0,0,0,1,0,0,0,0,0,0,0,0,0,0,1,0,820,709,5578,1439,312,35,224,589,1155.0,119,673,8,9,44,4367,1479,189,489,1153,76,132.0,162.0,5.061728395061729,4.3765432098765435,0.6851851851851852,0.5661527314858121,1.097283554128195,0.9487488291181587,0.14853472501003614,0.2579777698099677,0.3288470893465218,0.4469343850842596,0.7757814744307814,0.18895661527429186,0.040157762638938686,0.09550835089995136,0.1872871736662883,0.3968033356497568,0.058678500986193295,4.16,1.3519578658117701,2.357873210633947,7.128692466223952,3.023356995649187,9.144263796656743,1.1685367529196244,0.04938271604938271,0.05555555555555555,0.2716049382716049,0.987,0.4691358024691358,0.8148148148148148
942,1996,DET,DET,4.813838550247117,0,0,0,0,0,0,1,0,0,0,0,0,0,0,0,0,0,1,0,827,844,5623,1531,284,54,201,518,1144.0,86,788,7,9,35,4319,1542,190,530,995,144,160.0,162.0,5.104938271604938,5.209876543209877,-0.10493827160493827,0.4906919571802293,1.0604714342451054,1.0822707261219695,-0.021799291876864316,0.2722745865196514,0.3336590131900342,0.44922639160590433,0.7828854047959386,0.1769518050862529,0.035746043037524454,0.08435108288552354,0.18628887803289368,0.3520574787720444,0.041971693509028796,4.93,1.439222042139384,1.8773584905660377,6.220189858763603,3.3132669599444315,9.639731419310026,1.1877749479046076,0.043209876543209874,0.05555555555555555,0.21604938271604937,0.977,0.8888888888888888,0.9876543209876543
694,1983,CIN,CIN,4.307747148288973,0,0,0,0,0,1,0,0,0,0,0,0,0,0,0,0,1,0,0,689,691,5501,1419,250,27,164,488,1006.0,124,613,7,11,43,4320,1372,127,560,997,125,131.0,162.0,4.253086419753086,4.265432098765432,-0.012345679012345678,0.49867391522428123,0.9873110638451474,0.9901769885587763,-0.002865924713628875,0.2579530994364661,0.31841709801302387,0.402654062897655,0.7210711609106788,0.14470096346118888,0.029812761316124342,0.08148271831691434,0.1679746201369177,0.3107822410147992,0.06502359727320399,3.83,1.3416666666666666,1.7803571428571427,6.23125,3.5,8.575,0.7937500000000001,0.043209876543209874,0.06790123456790123,0.2654320987654321,0.979,0.7716049382716049,0.808641975308642
1546,1950,PHA,OAK,4.313915857605178,0,0,0,1,0,0,0,0,0,0,0,0,0,1,0,0,0,0,0,615,756,5226,1303,212,34,110,513,744.0,16,669,44,4,14,4122,1428,160,525,664,127,149.0,155.0,3.967741935483871,4.877419354838709,-0.9096774193548387,0.40667041563456485,0.9197541320814075,1.130624591631779,-0.21087045955037148,0.24933027171833141,0.3164314340477435,0.366054343666284,0.6824857777140274,0.11672407194795256,0.02104860313815538,0.08938839519079979,0.12963930998431783,0.27321565617805066,0.00881057268722467,4.38,1.4213973799126638,1.2647619047619048,4.349344978165939,3.438864628820961,9.353711790393014,1.0480349344978166,0.2838709677419355,0.025806451612903226,0.09032258064516129,0.979,0.8193548387096774,0.9612903225806452
219,1941,SLA,BAL,4.167874396135265,0,0,1,0,0,0,0,0,0,0,0,1,0,0,0,0,0,0,0,684,587,5269,1328,223,45,72,531,604.0,44,492,71,16,17,4191,1392,58,469,581,171,142.0,154.0,4.441558441558442,3.811688311688312,0.6298701298701299,0.5695137564073923,1.0656651375283657,0.9145401107151325,0.15112502681323314,0.25204023533877395,0.32051724137931037,0.35243879293983676,0.6729560343191472,0.10039855760106281,0.013664832036439553,0.09155172413793103,0.10413793103448275,0.2560240963855422,0.023668639053254437,3.17,1.3321403006442376,1.2388059701492538,3.74302075876879,3.021474588403722,8.967788117394417,0.3736578382247674,0.461038961038961,0.1038961038961039,0.11038961038961038,0.972,1.1103896103896105,0.922077922077922
982,2014,MIA,FLA,3.768518518518519,0,0,0,0,1,0,0,0,0,0,0,0,0,1,0,0,0,0,0,626,742,5506,1372,259,46,93,537,934.0,88,647,35,8,21,4335,1444,120,485,1060,157,120.0,162.0,3.8641975308641974,4.580246913580247,-0.7160493827160493,0.42284676782090425,1.0253890253890252,1.2153972153972152,-0.19000819000818997,0.24918270977115872,0.3159026973357604,0.3636033418089357,0.6795060391446961,0.114420632037777,0.016890664729386124,0.08886314744332285,0.1545589938772133,0.29008746355685133,0.04609743321110529,4.03,1.3349480968858132,2.185567010309278,6.602076124567474,3.0207612456747404,8.993771626297578,0.7474048442906573,0.21604938271604937,0.04938271604938271,0.12962962962962962,0.974,0.9691358024691358,0.7407407407407407
880,1931,DET,DET,4.823720552396425,0,1,0,0,0,0,0,0,0,0,1,0,0,0,0,0,0,0,0,849,762,5326,1487,277,67,124,620,592.0,88,652,64,8,16,4101,1430,104,574,633,198,147.0,155.0,5.47741935483871,4.916129032258064,0.5612903225806452,0.5493008178188151,1.135517552341942,1.0191570964482448,0.11636045589369724,0.2791963950431844,0.3543558694920955,0.42621104018024786,0.7805669096723433,0.14701464513706347,0.02328201276755539,0.10427177934746047,0.09956273124789775,0.31472763954270344,0.041765543426673,4.29,1.4659839063643014,1.102787456445993,4.167520117044623,3.779078273591807,9.414776883686907,0.6847110460863205,0.4129032258064516,0.05161290322580645,0.1032258064516129,0.967,1.2774193548387096,0.9483870967741935
232,1954,BAL,BAL,4.306072874493927,0,0,0,1,0,0,0,0,0,0,0,0,1,0,0,0,0,0,0,597,588,5264,1326,191,39,87,504,699.0,57,541,44,13,25,4224,1272,95,493,767,109,159.0,154.0,3.8766233766233764,3.8181818181818183,0.05844155844155844,0.5069490532413646,0.9002688736611263,0.8866969810933707,0.013571892567755673,0.2518996960486322,0.31726768377253817,0.3525835866261398,0.669851270398678,0.1006838905775076,0.016527355623100305,0.08737864077669903,0.12118585298196949,0.23906485671191555,0.03114754098360656,3.46,1.2535511363636365,1.5557809330628802,4.902698863636364,3.151278409090909,8.130681818181818,0.6072443181818182,0.2857142857142857,0.08441558441558442,0.16233766233766234,0.982,0.7077922077922078,1.0324675324675325
1028,2008,HOU,HOU,4.477759472817134,0,0,0,0,0,0,0,1,0,0,0,0,0,0,0,0,0,0,1,724,701,5545,1367,291,29,198,554,1452.0,102,663,2,8,44,4404,1441,181,453,1396,77,135.0,162.0,4.469135802469136,4.327160493827161,0.1419753086419753,0.5147654092977852,0.9980741104116135,0.9663673361858302,0.031706774225783295,0.24652840396753833,0.31496966715855057,0.4165915238954013,0.7315611910539519,0.17006311992786294,0.035707844905320106,0.09083456304312182,0.23807181505164782,0.3789319678127286,0.05309734513274336,4.06,1.2901907356948228,3.0816777041942607,8.558583106267031,2.7772479564032695,8.834468664850135,1.1096730245231607,0.012345679012345678,0.04938271604938271,0.2716049382716049,0.987,0.47530864197530864,0.8333333333333334
136,1966,ATL,ATL,4.07245632065776,0,0,0,0,1,0,0,0,0,0,0,0,0,1,0,0,0,0,0,691,631,5460,1411,195,22,141,485,665.0,59,567,38,7,42,4335,1334,144,438,893,115,114.0,162.0,4.265432098765432,3.8950617283950617,0.37037037037037035,0.5414611130709003,1.0473855980059974,0.9564403941270397,0.09094520387895781,0.25842490842490845,0.3189234650967199,0.37967032967032965,0.6985937947670495,0.1212454212454212,0.025824175824175823,0.0815811606391926,0.1118587047939445,0.2537207654145996,0.031118143459915613,3.53,1.2262975778546712,2.038812785388128,5.561937716262976,2.7280276816608993,8.308650519031142,0.8968858131487889,0.2345679012345679,0.043209876543209874,0.25925925925925924,0.981,0.7098765432098766,0.7037037037037037
26,1987,CAL,ANA,4.722802850356294,0,0,0,0,0,1,0,0,0,0,0,0,0,0,0,1,0,0,0,770,803,5570,1406,257,26,172,590,926.0,125,709,20,7,36,4371,1481,212,504,941,117,162.0,162.0,4.753086419753086,4.95679012345679,-0.2037037037037037,0.4808108085020895,1.0064122027440776,1.0495441542902524,-0.04313195154617475,0.2524236983842011,0.32402597402597405,0.4005385996409336,0.7245645736669076,0.1481149012567325,0.03087971274685817,0.09577922077922078,0.15032467532467533,0.3236130867709815,0.062625250501002,4.38,1.36238846945779,1.867063492063492,5.812628689087166,3.1132463967055597,9.14824982841455,1.3095401509951956,0.12345679012345678,0.043209876543209874,0.2222222222222222,0.981,0.7222222222222222,1.0
1425,1934,NYA,NYY,4.206225680933852,0,0,1,0,0,0,0,0,0,0,0,1,0,0,0,0,0,0,0,676,606,5176,1343,189,61,93,618,567.0,64,519,78,9,14,4065,1277,66,485,474,175,170.0,152.0,4.447368421052632,3.986842105263158,0.4605263157894737,0.5498446292779079,1.05732995764156,0.9478431277082623,0.10948682993329763,0.2594667697063369,0.3384535726613738,0.37345440494590415,0.711907977607278,0.11398763523956723,0.01796754250386399,0.10666206420434933,0.097859855022437,0.25539836187639614,0.03263640999490056,3.45,1.3003690036900368,0.977319587628866,3.148339483394834,3.22140221402214,8.481918819188191,0.43837638376383764,0.5131578947368421,0.05921052631578947,0.09210526315789473,0.971,1.1513157894736843,1.118421052631579
743,1923,CLE,CLE,4.810679611650485,0,1,0,0,0,0,0,0,0,0,1,0,0,0,0,0,0,0,0,885,833,5445,1612,321,69,71,555,433.0,63,697,76,6,9,4062,1577,64,561,470,231,143.0,155.0,5.709677419354839,5.374193548387097,0.33548387096774196,0.5276751418819615,1.1868754272321866,1.1171381139936851,0.06973731323850135,0.2960514233241506,0.3611666666666667,0.41946740128558313,0.7806340679522499,0.12341597796143255,0.013039485766758493,0.0925,0.07216666666666667,0.2859801488833747,0.029072450392247345,4.63,1.5790251107828657,0.8377896613190731,3.1240768094534714,3.728951255539143,10.482274741506648,0.4254062038404727,0.49032258064516127,0.03870967741935484,0.05806451612903226,0.963,1.4903225806451612,0.9225806451612903
1709,2007,PHI,PHI,3.533016832110488,1,0,0,0,0,0,0,0,1,0,0,0,0,0,0,0,0,0,0,634,510,4957,1261,133,78,19,469,855.0,264,348,111,24,5,4089,1207,12,368,497,253,75.0,157.0,4.038216560509555,3.248407643312102,0.7898089171974523,0.598273850928572,1.1429938639995891,0.9194430136274298,0.22355085037215938,0.2543877345168449,0.31883523774419464,0.3241880169457333,0.6430232546899279,0.06980028242888842,0.003832963485979423,0.0864356800589753,0.1575746406192407,0.1823949246629659,0.15260115606936417,2.3,1.1555392516507703,1.3505434782608696,3.281731474688188,2.42993396918562,7.969919295671313,0.07923697725605283,0.7070063694267515,0.15286624203821655,0.03184713375796178,0.959,1.6114649681528663,0.47770700636942676
1908,2013,SEA,SEA,3.5641539695268647,1,0,0,0,0,0,0,0,1,0,0,0,0,0,0,0,0,0,0,597,504,5152,1305,188,74,42,356,558.0,206,404,88,22,12,4191,1267,41,310,638,217,108.0,155.0,3.8516129032258064,3.2516129032258063,0.6,0.5768593257529967,1.0806527821628036,0.9123098864489999,0.16834289571380356,0.2532996894409938,0.3015613652868555,0.34297360248447206,0.6445349677713276,0.08967391304347827,0.008152173913043478,0.06463326071169208,0.10130718954248366,0.23295019157088123,0.12402167369054787,2.6,1.1288475304223335,2.0580645161290323,4.110236220472441,1.9971367215461704,8.162491052254833,0.2641374373657838,0.567741935483871,0.14193548387096774,0.07741935483870968,0.966,1.4,0.6967741935483871
631,1917,CIN,CIN,4.75121359223301,0,1,0,0,0,0,0,0,0,1,0,0,0,0,0,0,0,0,0,643,653,5185,1439,222,77,29,402,332.0,62,538,87,12,12,4104,1472,36,316,407,165,160.0,153.0,4.2026143790849675,4.26797385620915,-0.06535947712418301,0.4929401439166018,0.8845349293399778,0.8982913046018747,-0.01375637526189701,0.2775313404050145,0.3295149454089851,0.36682738669238185,0.696342332101367,0.08929604628736737,0.005593056894889103,0.0719527474494362,0.05942366207266869,0.22793606671299513,0.03367734926670288,3.54,1.3070175438596492,1.2879746835443038,2.6776315789473686,2.0789473684210527,9.68421052631579,0.23684210526315788,0.5686274509803921,0.0784313725490196,0.0784313725490196,0.973,1.0784313725490196,1.0457516339869282
304,1916,BOS,BOS,4.855573637103336,0,1,0,0,0,0,0,0,0,1,0,0,0,0,0,0,0,0,0,668,696,5206,1440,248,69,17,428,344.0,83,603,88,9,5,4092,1521,53,452,446,157,151.0,154.0,4.337662337662338,4.51948051948052,-0.18181818181818182,0.481223204064625,0.8933367428549667,0.9307819955494862,-0.03744525269451956,0.27660391855551286,0.33155839545615906,0.36054552439492893,0.692103919851088,0.08394160583941607,0.0032654629273914716,0.07596734114305999,0.06105786297479588,0.23194444444444445,0.04443254817987152,3.98,1.4464809384164223,0.9867256637168141,2.942815249266862,2.9824046920821115,10.035923753665688,0.3497067448680352,0.5714285714285714,0.05844155844155844,0.032467532467532464,0.975,1.0194805194805194,0.9805194805194806
1367,1985,NYN,NYM,4.766990291262136,0,0,0,0,0,0,1,0,0,0,0,0,0,0,0,0,1,0,0,777,709,5524,1448,274,28,153,550,1029.0,97,640,7,8,49,4377,1452,160,504,982,117,165.0,162.0,4.796296296296297,4.3765432098765435,0.41975308641975306,0.5418022511520468,1.0061476955570643,0.9180935857785825,0.0880541097784818,0.2621288921071687,0.3289430358906816,0.4049601737871108,0.7339032096777924,0.14283128167994208,0.027697320782041998,0.09054988475469213,0.169410602568324,0.31422651933701656,0.04854854854854855,3.95,1.3406442769019877,1.9484126984126984,6.057573680603152,3.1089787525702532,8.956819739547635,0.9869773817683345,0.043209876543209874,0.04938271604938271,0.30246913580246915,0.982,0.7222222222222222,1.0185185185185186
333,1948,BOS,BOS,4.547215496368039,0,0,0,1,0,0,0,0,0,0,0,0,1,0,0,0,0,0,0,804,725,5378,1428,233,32,127,756,594.0,20,644,46,7,24,4197,1413,100,599,658,138,184.0,154.0,5.220779220779221,4.707792207792208,0.512987012987013,0.547177377014431,1.148126633749637,1.0353131958563269,0.1128134378933101,0.2655262179248791,0.35604825562438863,0.39159538862030496,0.7476436442446937,0.12606917069542584,0.02361472666418743,0.12324747310074992,0.09683730029344637,0.27450980392156865,0.009157509157509158,4.14,1.4381701215153682,1.0984974958263773,4.233023588277341,3.8534667619728378,9.090064331665475,0.6433166547533953,0.2987012987012987,0.045454545454545456,0.15584415584415584,0.977,0.8961038961038961,1.1948051948051948
407,1910,CHN,CHC,3.792771084337349,1,0,0,0,0,0,0,0,1,0,0,0,0,0,0,0,0,0,0,570,620,5114,1246,212,66,53,393,639.0,166,483,71,18,8,4197,1272,28,480,657,268,94.0,156.0,3.6538461538461537,3.9743589743589745,-0.32051282051282054,0.46160769401910634,0.963371126967061,1.0478773661746978,-0.08450623920763693,0.2436448963629253,0.29762120936989284,0.34200234649980443,0.6396235558696972,0.09835745013687913,0.010363707469691045,0.0713637189032141,0.1160341383693481,0.26565008025682185,0.10128126906650396,3.11,1.2523230879199427,1.36875,4.226590421729807,3.0879199428162973,8.182987848463188,0.18012866333095068,0.4551282051282051,0.11538461538461539,0.05128205128205128,0.958,1.7179487179487178,0.6025641025641025
193,1913,SLA,BAL,3.5641539695268647,1,0,0,0,0,0,0,0,1,0,0,0,0,0,0,0,0,0,0,588,545,5159,1262,181,50,14,627,640.0,234,414,74,9,13,4329,1292,15,478,505,248,120.0,158.0,3.721518987341772,3.449367088607595,0.2721518987341772,0.5346872684230786,1.044152137971693,0.9677940734601577,0.07635806451153537,0.24462105059119985,0.326477704804701,0.3072300833494863,0.6337077881541873,0.06260903275828647,0.0027137042062415195,0.10836501901140684,0.11061182163843761,0.19413629160063392,0.12387506617257808,2.58,1.2266112266112266,1.0564853556485356,3.1496881496881497,2.981288981288981,8.058212058212058,0.09355509355509356,0.46835443037974683,0.056962025316455694,0.08227848101265822,0.963,1.5696202531645569,0.759493670886076
964,1996,FLO,FLA,4.813838550247117,0,0,0,0,0,0,1,0,0,0,0,0,0,0,0,0,0,1,0,718,700,5486,1447,275,32,148,499,968.0,96,655,6,14,53,4317,1395,166,513,1116,86,153.0,162.0,4.432098765432099,4.320987654320987,0.1111111111111111,0.511613485419419,0.9206995039757988,0.89761790081206,0.02308160316373869,0.26376230404666423,0.32514619883040935,0.4064892453518046,0.7316354441822139,0.14272694130514035,0.026977761574917974,0.083375104427736,0.1617376775271512,0.3144436765722184,0.04933196300102775,4.1,1.3259207783182765,2.175438596491228,6.979847116052815,3.208478109798471,8.724808895066019,1.0382209867963863,0.037037037037037035,0.08641975308641975,0.3271604938271605,0.986,0.5308641975308642,0.9444444444444444
908,1959,DET,DET,3.768518518518519,0,0,0,0,1,0,0,0,0,0,0,0,0,1,0,0,0,0,0,683,587,5410,1315,192,36,152,626,994.0,37,532,46,17,40,4329,1230,151,472,1038,130,126.0,163.0,4.190184049079755,3.6012269938650308,0.588957055214724,0.5688572231628775,1.1118915904191977,0.9556081457921948,0.1562834446270029,0.24306839186691312,0.3215705765407555,0.37615526802218113,0.6977258445629366,0.133086876155268,0.02809611829944547,0.10371106693174288,0.16467859509609012,0.2889733840304182,0.0190623390005152,3.32,1.1794871794871795,2.1991525423728815,6.474012474012475,2.9438669438669436,7.671517671517672,0.9417879417879418,0.2822085889570552,0.10429447852760736,0.24539877300613497,0.978,0.7975460122699386,0.7730061349693251
487,1993,CHN,CHC,5.140181144503911,0,0,0,0,0,0,1,0,0,0,0,0,0,0,0,0,0,1,0,764,904,5577,1426,272,23,183,632,1120.0,93,849,10,5,39,4364,1505,231,658,1143,100,139.0,162.0,4.716049382716049,5.580246913580247,-0.8641975308641975,0.42362284773326214,0.9174870009705084,1.0856128912007064,-0.1681258902301979,0.25569302492379414,0.3314543404735062,0.41115294961448806,0.7426072900879943,0.15545992469069392,0.0328133405056482,0.10178772749234981,0.18038331454340473,0.33520336605890605,0.04518950437317784,5.25,1.4869385884509623,1.737082066869301,7.071723189734188,4.071035747021082,9.31141154903758,1.429193400549954,0.06172839506172839,0.030864197530864196,0.24074074074074073,0.983,0.6172839506172839,0.8580246913580247
1222,2002,MIL,MIL,4.324485596707819,0,0,0,0,0,0,0,1,0,0,0,0,0,0,0,0,0,0,1,776,733,5557,1442,300,39,202,466,1240.0,158,682,0,9,44,4361,1458,169,525,1402,99,133.0,162.0,4.790123456790123,4.5246913580246915,0.2654320987654321,0.5260569917466236,1.1076747394965978,1.0462958557358328,0.06137888376076509,0.25949253194169514,0.316785654989208,0.4365664927118949,0.7533521477011029,0.17707396077019977,0.036350548857297105,0.07737008135480658,0.2058774696994853,0.3751733703190014,0.08280922431865828,4.22,1.364136665902316,2.6704761904761907,8.680119238706718,3.250401284109149,9.026828709011694,1.046319651456088,0.0,0.05555555555555555,0.2716049382716049,0.983,0.6111111111111112,0.8209876543209876
562,1961,CHA,CHW,3.993808049535603,0,0,0,0,1,0,0,0,0,0,0,0,0,1,0,0,0,0,0,574,517,5348,1235,193,40,87,476,872.0,153,439,38,22,34,4425,1229,101,403,896,160,149.0,163.0,3.521472392638037,3.1717791411042944,0.3496932515337423,0.5477028041452195,0.8817330099396016,0.7941741570361917,0.08755885290340991,0.23092744951383695,0.29378434065934067,0.33077786088257294,0.6245622015419137,0.09985041136873599,0.016267763649962602,0.08173076923076923,0.14972527472527472,0.2591093117408907,0.08942139099941554,2.68,1.1064406779661018,2.2233250620347396,5.467118644067797,2.4589830508474577,7.498983050847457,0.616271186440678,0.2331288343558282,0.13496932515337423,0.2085889570552147,0.976,0.9815950920245399,0.9141104294478528
129,1959,ML1,ATL,4.460518198642813,0,0,0,1,0,0,0,0,0,0,0,0,0,1,0,0,0,0,0,730,665,5458,1376,204,38,181,581,975.0,57,586,59,10,24,4302,1443,151,407,802,123,154.0,162.0,4.506172839506172,4.104938271604938,0.4012345679012346,0.5425620508508417,1.0102352773445136,0.920282821142605,0.08995245620190875,0.2521069989006962,0.324060274879947,0.4028948332722609,0.7269551081522079,0.15078783437156468,0.033162330524001464,0.0962079814538831,0.16145057128663687,0.3074127906976744,0.02912621359223301,3.68,1.290097629009763,1.9705159705159705,5.03347280334728,2.5543933054393304,9.056485355648535,0.9476987447698745,0.36419753086419754,0.06172839506172839,0.14814814814814814,0.98,0.7592592592592593,0.9506172839506173
945,1999,DET,DET,4.796791443850268,0,0,0,0,0,0,1,0,0,0,0,0,0,0,0,0,0,1,0,887,797,5757,1652,352,50,177,474,1054.0,103,735,1,9,44,4342,1498,174,566,1047,99,148.0,162.0,5.4753086419753085,4.919753086419753,0.5555555555555556,0.548792293903738,1.141452303288052,1.0256341439916317,0.11581815929642014,0.28695501129060275,0.3411972396084096,0.4577036651033524,0.798900904711762,0.17074865381274967,0.030745179781136008,0.07607125662012518,0.1691542288557214,0.35048426150121065,0.04844778927563499,4.57,1.426070935052971,1.8498233215547704,6.5105941962229394,3.5195762321510826,9.315062183325656,1.0819898664210041,0.006172839506172839,0.05555555555555555,0.2716049382716049,0.984,0.6111111111111112,0.9135802469135802
234,1956,BAL,BAL,4.383279483037157,0,0,0,1,0,0,0,0,0,0,0,0,1,0,0,0,0,0,0,551,621,5208,1240,182,23,109,536,690.0,36,554,45,15,30,4200,1290,111,476,735,147,163.0,155.0,3.554838709677419,4.006451612903226,-0.45161290322580644,0.44550207028097905,0.8109997830241675,0.9140306084537352,-0.10303082542956755,0.23809523809523808,0.30919220055710306,0.3446620583717358,0.6538542589288389,0.10656682027649772,0.020929339477726575,0.09331476323119778,0.12012534818941505,0.2532258064516129,0.02027027027027027,3.56,1.2614285714285713,1.5441176470588236,4.7250000000000005,3.06,8.292857142857143,0.7135714285714285,0.2903225806451613,0.0967741935483871,0.1935483870967742,0.976,0.9483870967741935,1.0516129032258064
1721,1899,PIT,PIT,4.855573637103336,0,1,0,0,0,0,0,0,0,1,0,0,0,0,0,0,0,0,0,692,595,5379,1533,231,104,37,341,371.0,134,498,88,10,10,4245,1448,37,322,500,171,129.0,154.0,4.4935064935064934,3.8636363636363638,0.6298701298701299,0.5686572657652316,0.9254326737359834,0.7957116197585407,0.12972105397744277,0.2849972113775795,0.3276223776223776,0.38724670013013573,0.7148690777525133,0.10224948875255624,0.00687860197062651,0.05961538461538462,0.06486013986013986,0.24266144814090018,0.07150480256136606,3.17,1.2508833922261484,1.5527950310559007,3.1802120141342756,2.0480565371024735,9.209893992932862,0.23533568904593638,0.5714285714285714,0.06493506493506493,0.06493506493506493,0.973,1.1103896103896105,0.8376623376623377
1035,2015,HOU,HOU,4.21277145811789,0,0,0,0,1,0,0,0,0,0,0,0,0,0,1,0,0,0,0,710,649,5491,1431,263,58,118,591,675.0,155,561,52,11,25,4368,1422,108,498,815,155,151.0,162.0,4.382716049382716,4.006172839506172,0.3765432098765432,0.5410059484286939,1.0403403301020158,0.9509589777974762,0.08938135230453938,0.26060826807503185,0.3324564288063137,0.3940994354398106,0.7265558642461243,0.13349116736477873,0.021489710435257693,0.09717198290036172,0.11098322920092075,0.30677847658979734,0.07665677546983185,3.47,1.3186813186813187,1.6365461847389557,5.037774725274725,3.0782967032967035,8.789835164835164,0.6675824175824175,0.32098765432098764,0.06790123456790123,0.15432098765432098,0.976,0.9567901234567902,0.9320987654320988
439,1944,CHN,CHC,4.607258064516129,0,0,0,1,0,0,0,0,0,0,0,1,0,0,0,0,0,0,0,593,773,5214,1336,212,53,97,396,573.0,53,678,44,8,17,4071,1487,104,575,544,187,160.0,154.0,3.8506493506493507,5.01948051948052,-1.1688311688311688,0.38104740213325583,0.8357789593567644,1.089472404018177,-0.2536934446614124,0.25623321825853473,0.3087344028520499,0.37303413885692366,0.6817685417089736,0.11680092059838892,0.018603759110088224,0.07058823529411765,0.10213903743315508,0.27095808383233533,0.030600461893764433,4.5,1.5195283714075165,0.9460869565217391,3.607958732498158,3.813559322033898,9.86219602063375,0.6897568165070008,0.2857142857142857,0.05194805194805195,0.11038961038961038,0.97,1.2142857142857142,1.0389610389610389
1944,1935,NY1,SFG,4.376313662085691,0,0,0,1,0,0,0,0,0,0,0,0,1,0,0,0,0,0,0,732,550,5245,1386,194,42,186,522,561.0,30,477,45,19,33,4170,1258,113,613,692,154,172.0,154.0,4.753246753246753,3.5714285714285716,1.1818181818181819,0.6278788805717854,1.086130273162692,0.8160814893981977,0.27004878376449454,0.2642516682554814,0.3308479278654413,0.4236415633937083,0.7544894912591495,0.15938989513822688,0.03546234509056244,0.0905149991329981,0.09727761401075083,0.30447330447330445,0.015723270440251572,3.09,1.346043165467626,1.128874388254486,4.4805755395683455,3.969064748201439,8.145323741007195,0.7316546762589928,0.2922077922077922,0.12337662337662338,0.21428571428571427,0.974,1.0,1.1168831168831168
446,1951,CHN,CHC,4.451573849878935,0,0,0,1,0,0,0,0,0,0,0,0,1,0,0,0,0,0,0,597,708,5260,1281,202,50,142,446,776.0,55,612,37,6,17,4176,1325,161,613,744,143,141.0,157.0,3.8025477707006368,4.509554140127388,-0.7070063694267515,0.422610928747109,0.8542030075057726,1.013024672217901,-0.15882166471212855,0.2435361216730038,0.3026638626007711,0.38193916349809887,0.68460302609887,0.13840304182509505,0.02699619771863118,0.0781633368384157,0.13599719593410445,0.3075722092115535,0.03184713375796178,3.96,1.3922413793103448,1.2137030995106035,4.810344827586206,3.9633620689655173,8.566810344827587,1.040948275862069,0.2356687898089172,0.03821656050955414,0.10828025477707007,0.976,0.910828025477707,0.8980891719745223
1348,1965,NYN,NYM,4.21277145811789,0,0,0,0,1,0,0,0,0,0,0,0,0,0,1,0,0,0,0,646,625,5587,1430,217,34,101,501,805.0,32,552,40,14,31,4398,1344,99,580,989,151,144.0,162.0,3.9876543209876543,3.8580246913580245,0.12962962962962962,0.5151147865995626,0.9465631735857777,0.915792544103887,0.030770629481890605,0.25595131555396455,0.31718134034165574,0.3611956327188115,0.6783769730604672,0.10524431716484695,0.01807768032933596,0.08229303547963206,0.13222733245729304,0.24615384615384617,0.016571724495080268,3.39,1.3124147339699863,1.7051724137931035,6.07162346521146,3.5607094133697137,8.251023192360163,0.6077762619372442,0.24691358024691357,0.08641975308641975,0.19135802469135801,0.976,0.9320987654320988,0.8888888888888888
185,1905,SLA,BAL,3.385450160771704,1,0,0,0,0,0,0,0,1,0,0,0,0,0,0,0,0,0,0,544,483,5151,1261,173,52,20,343,855.0,126,334,107,15,5,4191,1151,7,387,607,237,97.0,155.0,3.509677419354839,3.1161290322580646,0.3935483870967742,0.5541978836838563,1.036694457954985,0.920447469103415,0.11624698885157002,0.24480683362453892,0.29195485984710595,0.3102310231023102,0.6021858829494162,0.06542418947777129,0.0038827412152980002,0.06243174372042228,0.15562431743720423,0.1942902458366376,0.07855361596009976,2.15,1.1009305654974946,1.5684754521963824,3.910522548317824,2.4931997136721544,7.415175375805297,0.04509663564781675,0.6903225806451613,0.0967741935483871,0.03225806451612903,0.964,1.5290322580645161,0.6258064516129033
2113,1996,SLN,STL,5.0846375617792425,0,0,0,0,0,0,1,0,0,0,0,0,0,0,0,0,1,0,0,772,913,5586,1531,272,29,145,544,1042.0,73,805,6,5,45,4297,1606,172,695,1055,135,198.0,162.0,4.765432098765432,5.635802469135802,-0.8703703703703703,0.423850852130994,0.9372215897130507,1.1083980717720405,-0.17117648205898983,0.274078052273541,0.33849918433931486,0.41102756892230574,0.7495267532616205,0.13694951664876476,0.025957751521661295,0.08874388254486133,0.1699836867862969,0.2913128674069236,0.03518072289156626,5.06,1.6064696299744008,1.5179856115107915,6.629043518734001,4.367000232720503,10.091226437049105,1.0807540144286711,0.037037037037037035,0.030864197530864196,0.2777777777777778,0.978,0.8333333333333334,1.2222222222222223
1319,1989,MIN,MIN,4.7754219843557015,0,0,0,0,0,0,1,0,0,0,0,0,0,0,0,0,0,1,0,771,766,5560,1514,328,38,164,495,1083.0,146,722,12,8,45,4324,1494,192,445,965,108,118.0,162.0,4.7592592592592595,4.728395061728395,0.030864197530864196,0.502976553085664,0.9966154352119265,0.9901523000938206,0.0064631351181058784,0.2723021582733813,0.33179190751445087,0.43345323741007197,0.7652451449245228,0.1611510791366907,0.029496402877697843,0.08175061932287365,0.17886044591246902,0.35006605019815057,0.07267297162767546,4.51,1.345282146160962,2.168539325842697,6.025670675300647,2.7786771507863093,9.32886216466235,1.198889916743756,0.07407407407407407,0.04938271604938271,0.2777777777777778,0.982,0.6666666666666666,0.7283950617283951
290,2015,BAL,BAL,3.896523848019402,1,0,0,0,0,0,0,0,1,0,0,0,0,0,0,0,0,0,0,579,564,5049,1179,165,69,29,486,855.0,131,428,124,14,1,4068,1198,33,292,652,290,75.0,153.0,3.784313725490196,3.6862745098039214,0.09803921568627451,0.5120062550258414,0.9712025058986249,0.9460418192173133,0.025160686681311526,0.23351158645276293,0.3008130081300813,0.3107546048722519,0.6115676130023333,0.077243018419489,0.005743711626064567,0.08780487804878048,0.15447154471544716,0.22307039864291772,0.07867867867867868,2.84,1.09882005899705,2.232876712328767,4.327433628318584,1.9380530973451329,7.951327433628318,0.21902654867256638,0.8104575163398693,0.0915032679738562,0.006535947712418301,0.953,1.8954248366013071,0.49019607843137253
650,1938,CIN,CIN,4.006843800322061,0,0,0,1,0,0,0,0,0,0,0,1,0,0,0,0,0,0,0,523,570,5291,1262,206,33,65,493,604.0,82,484,69,17,11,4239,1334,70,467,506,152,192.0,156.0,3.3525641025641026,3.6538461538461537,-0.30128205128205127,0.46071104866782864,0.8367094575273014,0.9119013208232539,-0.07519186329595251,0.23851823851823853,0.3034232365145228,0.32678132678132676,0.6302045632958495,0.08826308826308824,0.012285012285012284,0.08523513139695713,0.10442600276625173,0.24088748019017434,0.046723646723646726,3.08,1.2745930644019816,1.0835117773019272,3.2229299363057327,2.9745222929936306,8.496815286624205,0.445859872611465,0.4423076923076923,0.10897435897435898,0.07051282051282051,0.976,0.9743589743589743,1.2307692307692308
480,1986,CHN,CHC,4.307747148288973,0,0,0,0,0,1,0,0,0,0,0,0,0,0,0,0,1,0,0,695,734,5522,1395,232,26,159,442,879.0,123,652,12,4,40,4368,1415,117,542,927,113,120.0,160.0,4.34375,4.5875,-0.24375,0.4750425469418861,1.0083576984608595,1.0649417995255697,-0.0565841010647101,0.2526258601955813,0.30801475519785376,0.3904382470119522,0.6984530022098059,0.13781238681637087,0.028793915248098514,0.07411133467471495,0.14738430583501005,0.2989247311827957,0.06695699510070767,4.03,1.3440934065934067,1.7103321033210332,5.730082417582417,3.3502747252747254,8.746565934065934,0.7232142857142858,0.075,0.025,0.25,0.982,0.70625,0.75
1975,1966,SFN,SFG,4.409177365668093,0,0,0,0,0,1,0,0,0,0,0,0,0,0,0,1,0,0,0,698,618,5501,1394,269,29,114,536,1087.0,148,540,18,10,35,4380,1264,121,591,992,143,149.0,162.0,4.308641975308642,3.814814814814815,0.49382716049382713,0.5554625979564821,0.9771986059934293,0.8651987657649562,0.11199984022847329,0.2534084711870569,0.3196952128540666,0.37502272314124707,0.6947179359953137,0.12161425195419018,0.020723504817305945,0.08878582077190658,0.18005631936392247,0.29555236728837875,0.0766839378238342,3.33,1.2705479452054795,1.6785109983079527,6.115068493150685,3.6431506849315065,7.791780821917808,0.7458904109589042,0.1111111111111111,0.06172839506172839,0.21604938271604937,0.977,0.8827160493827161,0.9197530864197531
473,1978,CHN,CHC,4.256769596199525,0,0,0,0,0,1,0,0,0,0,0,0,0,0,0,1,0,0,0,762,658,5437,1415,240,47,136,567,967.0,154,598,19,8,50,4302,1458,99,442,879,121,137.0,161.0,4.732919254658385,4.086956521739131,0.6459627329192547,0.5667337477812394,1.1118570426935885,0.9601075250556187,0.1517495176379701,0.2602538164428913,0.33011325782811457,0.39672613573661947,0.726839393564734,0.13647231929372816,0.025013794371896266,0.09443704197201866,0.1610592938041306,0.2989399293286219,0.07769929364278506,3.75,1.3249651324965133,1.98868778280543,5.51673640167364,2.774058577405858,9.150627615062762,0.6213389121338913,0.11801242236024845,0.049689440993788817,0.3105590062111801,0.981,0.7515527950310559,0.8509316770186336
529,1926,CHA,CHW,4.810679611650485,0,1,0,0,0,0,0,0,0,0,1,0,0,0,0,0,0,0,0,704,939,5481,1423,238,69,27,483,445.0,94,778,54,6,10,4170,1613,82,588,421,246,131.0,156.0,4.512820512820513,6.019230769230769,-1.5064102564102564,0.3711916684532788,0.9380837796579472,1.2512225413335403,-0.3131387616755932,0.2596241561758803,0.3195841716968478,0.3430031016237913,0.662587273320639,0.08337894544791097,0.0049261083743842365,0.08098591549295775,0.07461435278336687,0.23471539002108222,0.04931794333683106,5.04,1.583453237410072,0.7159863945578231,2.7258992805755398,3.8071942446043168,10.44388489208633,0.5309352517985612,0.34615384615384615,0.038461538461538464,0.0641025641025641,0.96,1.5769230769230769,0.8397435897435898
818,2002,CLE,CLE,4.384362139917696,0,0,0,0,0,0,0,1,0,0,0,0,0,0,0,0,0,0,1,646,752,5487,1362,290,20,128,545,1184.0,91,684,10,4,34,4299,1477,147,572,967,110,179.0,162.0,3.9876543209876543,4.6419753086419755,-0.654320987654321,0.43093328719938356,0.9095175520931104,1.0587572742631874,-0.14923972217007694,0.24822307271733188,0.3161472148541114,0.37834882449425916,0.6944960393483706,0.13012575177692728,0.02332786586477128,0.09035145888594165,0.1962864721485411,0.32158590308370044,0.04771893025694809,4.3,1.42986741102582,1.6905594405594406,6.073272854152129,3.592463363572924,9.276343335659456,0.9232379623168179,0.06172839506172839,0.024691358024691357,0.20987654320987653,0.982,0.6790123456790124,1.1049382716049383
1303,1972,MIN,MIN,4.307728781412992,0,0,0,0,0,1,0,0,0,0,0,0,0,0,0,1,0,0,0,709,822,5601,1463,280,41,141,467,802.0,44,744,20,5,39,4311,1559,163,580,748,118,170.0,162.0,4.3765432098765435,5.074074074074074,-0.6975308641975309,0.432752607022477,1.0159746427770644,1.177900079496117,-0.16192543671905257,0.2612033565434744,0.3180619644034278,0.4013569005534726,0.7194188649569004,0.14015354400999824,0.025174076057846814,0.07696110744891232,0.13216875411997364,0.3157894736842105,0.022797927461139896,4.66,1.488517745302714,1.289655172413793,4.684759916492693,3.632567849686848,9.764091858037578,1.0208768267223383,0.12345679012345678,0.030864197530864196,0.24074074074074073,0.981,0.7283950617283951,1.0493827160493827
1829,2016,PIT,PIT,4.330955777460771,0,0,0,0,0,1,0,0,0,0,0,0,0,0,0,1,0,0,0,650,622,5507,1405,241,28,109,513,809.0,60,548,26,19,44,4353,1399,127,443,727,124,158.0,162.0,4.012345679012346,3.8395061728395063,0.1728395061728395,0.5201338706975591,0.9264342295743261,0.8865262935311244,0.03990793604320174,0.2551298347557654,0.3186046511627907,0.3684401670601053,0.687044818222896,0.1133103323043399,0.01979299073905938,0.08521594684385382,0.13438538205980066,0.2690391459074733,0.03128258602711158,3.4,1.2694693314955203,1.6410835214446953,4.509303928325293,2.7477601654031703,8.677463818056513,0.7877325982081324,0.16049382716049382,0.11728395061728394,0.2716049382716049,0.98,0.7654320987654321,0.9753086419753086
768,1949,CLE,CLE,4.306072874493927,0,0,0,1,0,0,0,0,0,0,0,0,1,0,0,0,0,0,0,682,722,5171,1304,199,26,140,591,786.0,40,623,46,7,23,4140,1381,130,618,807,147,154.0,153.0,4.457516339869281,4.718954248366013,-0.26143790849673204,0.47394818096013336,1.035169740454788,1.095883508223397,-0.06071376776860926,0.2521755946625411,0.32887886150642137,0.3819377296461033,0.7108165911525246,0.1297621349835622,0.02707406691162251,0.10256855258590768,0.13641096841374523,0.2799079754601227,0.021108179419525065,4.06,1.4485507246376812,1.3058252427184467,5.263043478260869,4.030434782608696,9.006521739130434,0.8478260869565217,0.3006535947712418,0.0457516339869281,0.1503267973856209,0.974,0.9607843137254902,1.0065359477124183
2261,1988,MON,WSN,4.324485596707819,0,0,0,0,0,0,0,1,0,0,0,0,0,0,0,0,0,0,1,731,594,5615,1468,301,25,194,479,1325.0,105,543,3,9,51,4405,1296,129,497,1325,94,134.0,162.0,4.512345679012346,3.6666666666666665,0.845679012345679,0.5938218439261922,1.0434410239330065,0.8478850454394061,0.1955559784936004,0.2614425645592164,0.3194945848375451,0.4276046304541407,0.7470992152916858,0.16616206589492433,0.03455031166518255,0.0786019035116508,0.21742697735477517,0.3542234332425068,0.053929121725731895,3.33,1.2211123723041999,2.6659959758551306,8.12145289443814,3.046311010215664,7.943700340522134,0.7906923950056755,0.018518518518518517,0.05555555555555555,0.3148148148148148,0.985,0.5802469135802469,0.8271604938271605
384,2002,BOS,BOS,4.591731797614151,0,0,0,0,0,0,1,0,0,0,0,0,0,0,0,0,0,1,0,910,805,5626,1579,339,21,199,653,1044.0,45,752,6,8,38,4287,1550,164,440,959,109,135.0,162.0,5.617283950617284,4.969135802469136,0.6481481481481481,0.5558564482609933,1.2233475730302903,1.0821920838344876,0.14115548919580273,0.28066121578386066,0.35547061634018157,0.4544969783149662,0.8099675946551478,0.17383576253110555,0.035371489512975474,0.10399745182353878,0.16626851409460106,0.3540215326155795,0.020161290322580645,4.74,1.3925822253324003,2.1795454545454547,6.039888033589923,2.7711686494051784,9.762071378586423,1.032890132960112,0.037037037037037035,0.04938271604938271,0.2345679012345679,0.982,0.6728395061728395,0.8333333333333334
1488,2001,NYA,NYY,4.283244133388226,0,0,0,0,0,0,0,1,0,0,0,0,0,0,0,0,0,0,1,867,657,5518,1452,267,33,222,627,1138.0,147,605,5,8,47,4375,1423,152,507,1222,102,141.0,162.0,5.351851851851852,4.055555555555555,1.2962962962962963,0.6242342075526301,1.249485596707819,0.9468420265709769,0.30264357013684196,0.2631388184124683,0.3383238405207486,0.4441826748822037,0.7825065154029522,0.18104385646973542,0.040231968104385646,0.10203417412530513,0.1851912123677787,0.359504132231405,0.0707070707070707,3.73,1.3234285714285714,2.41025641025641,7.541485714285715,3.128914285714286,8.781942857142857,0.9380571428571429,0.030864197530864196,0.04938271604938271,0.29012345679012347,0.983,0.6296296296296297,0.8703703703703703
1836,1975,SDN,SDP,4.1170465337132,0,0,0,0,0,1,0,0,0,0,0,0,0,0,0,0,1,0,0,617,636,5476,1396,255,30,135,453,864.0,69,578,9,11,46,4383,1444,111,439,971,115,127.0,162.0,3.808641975308642,3.925925925925926,-0.11728395061728394,0.48612779673925277,0.9250908252119255,0.9535782250158584,-0.028487399803932875,0.25493060628195763,0.31185697419463654,0.38641344046749454,0.698270414662131,0.1314828341855369,0.024653031409788168,0.07640411536515433,0.1457244054646652,0.3008595988538682,0.03731746890210925,3.56,1.2888432580424367,2.211845102505695,5.981519507186858,2.704312114989733,8.895277207392198,0.6837782340862423,0.05555555555555555,0.06790123456790123,0.2839506172839506,0.982,0.7098765432098766,0.7839506172839507
1427,1937,NYA,NYY,4.3551890587288815,0,0,0,1,0,0,0,0,0,0,0,1,0,0,0,0,0,0,0,794,568,5308,1439,230,72,115,610,581.0,27,518,73,14,21,4122,1221,95,628,691,109,151.0,155.0,5.122580645161291,3.664516129032258,1.4580645161290322,0.648620402883671,1.176201670256855,0.8414137893021331,0.3347878809547219,0.2711002260738508,0.34623183507941874,0.4065561416729465,0.7527879767523653,0.1354559155990957,0.021665410700828936,0.10307536329841163,0.09817505914160189,0.2897845726198749,0.013177159590043924,3.39,1.3457059679767103,1.1003184713375795,4.526200873362445,4.11353711790393,7.997816593886463,0.6222707423580787,0.47096774193548385,0.09032258064516129,0.13548387096774195,0.981,0.7032258064516129,0.9741935483870968
1111,1933,BRO,LAD,3.91518578352181,0,0,1,0,0,0,0,0,0,0,0,1,0,0,0,0,0,0,0,716,674,5309,1444,263,35,39,580,422.0,58,590,50,13,22,4107,1326,59,637,588,167,137.0,153.0,4.6797385620915035,4.405228758169935,0.27450980392156865,0.5276277316689107,1.1952787992303033,1.1251646797223807,0.07011411950792283,0.27199095874929363,0.34369162845984036,0.35675268412130345,0.7004443125811438,0.08476172537200982,0.007346016198907516,0.09848870776023094,0.07165902530140941,0.23337950138504154,0.02865612648221344,3.88,1.4338933528122717,0.9230769230769231,3.8655953250547848,4.18772826880935,8.717311906501095,0.38787436084733384,0.32679738562091504,0.08496732026143791,0.1437908496732026,0.972,1.091503267973856,0.8954248366013072
811,1993,CLE,CLE,4.72798353909465,0,0,0,0,0,0,1,0,0,0,0,0,0,0,0,0,0,1,0,699,778,5572,1413,296,26,158,466,1062.0,86,682,5,7,34,4378,1477,179,501,943,126,178.0,162.0,4.314814814814815,4.802469135802469,-0.4876543209876543,0.4511689724127789,0.912612063713117,1.015754199669249,-0.10314213595613196,0.25358937544867194,0.3111957601854919,0.4011127063890883,0.7123084665745802,0.14752333094041636,0.028356066044508254,0.07717787346803577,0.1758860549850944,0.33970276008492567,0.045769026077700906,4.21,1.3554134307903152,1.8822355289421158,5.815669255367748,3.0897670169026954,9.108953860210143,1.103928734582001,0.030864197530864196,0.043209876543209874,0.20987654320987653,0.98,0.7777777777777778,1.0987654320987654
1503,2016,NYA,NYY,3.745222929936306,1,0,0,0,0,0,0,0,1,0,0,0,0,0,0,0,0,0,0,749,529,5126,1392,165,80,29,545,517.0,231,434,89,24,17,4212,1264,18,521,720,213,116.0,158.0,4.7405063291139244,3.348101265822785,1.3924050632911393,0.6539354910983026,1.2657474382157927,0.8939658141737707,0.3717816240420219,0.27155676941084667,0.3415623346852407,0.351931330472103,0.6934936651573438,0.08037456106125634,0.005657432696059305,0.09610298007406101,0.09116557926291659,0.1968390804597701,0.11925658234383067,2.78,1.2713675213675213,1.381957773512476,4.615384615384615,3.33974358974359,8.102564102564102,0.11538461538461538,0.5632911392405063,0.1518987341772152,0.10759493670886076,0.966,1.3481012658227849,0.7341772151898734
433,1938,CHN,CHC,3.91518578352181,0,0,1,0,0,0,0,0,0,0,0,1,0,0,0,0,0,0,0,632,600,5279,1380,207,56,52,574,522.0,53,510,67,13,14,4158,1379,53,394,513,167,138.0,154.0,4.103896103896104,3.896103896103896,0.2077922077922078,0.5237536860252433,1.0481995825507275,0.9951261859658805,0.053073396584846964,0.26141314642924796,0.33384589099607037,0.3513923091494601,0.6852382001455305,0.08997916272021217,0.009850350445160068,0.09806936613702374,0.08918503331624808,0.22826086956521738,0.02712384851586489,3.31,1.2792207792207793,1.3020304568527918,3.3311688311688314,2.5584415584415585,8.954545454545455,0.34415584415584416,0.43506493506493504,0.08441558441558442,0.09090909090909091,0.973,1.0844155844155845,0.8961038961038961
786,1967,CLE,CLE,4.21277145811789,0,0,0,0,1,0,0,0,0,0,0,0,0,0,1,0,0,0,0,688,703,5404,1409,201,25,153,525,667.0,106,612,37,6,33,4305,1395,136,599,800,134,156.0,159.0,4.327044025157233,4.421383647798742,-0.09433962264150944,0.4901338961391555,1.0271252708995506,1.0495189904685815,-0.0223937195690309,0.26073279052553666,0.3261932872322483,0.39211695040710587,0.7183102376393542,0.1313841598815692,0.02831236121391562,0.0885478158205431,0.11249789171867094,0.2689850958126331,0.05480868665977249,3.84,1.3895470383275261,1.335559265442404,5.017421602787456,3.756794425087108,8.749128919860627,0.8529616724738677,0.23270440251572327,0.03773584905660377,0.20754716981132076,0.978,0.8427672955974843,0.9811320754716981
555,1954,CHA,CHW,4.383279483037157,0,0,0,1,0,0,0,0,0,0,0,0,1,0,0,0,0,0,0,669,588,5297,1325,220,46,97,580,634.0,113,521,44,13,36,4275,1297,129,525,761,130,141.0,156.0,4.288461538461538,3.769230769230769,0.5192307692307693,0.5587707044685333,0.9783682640035721,0.8599111199313908,0.1184571440721814,0.250141589579007,0.32414497192445124,0.363979611100623,0.6881245830250742,0.11383802152161598,0.01831225221823674,0.09868980772502978,0.10787816913391186,0.2739622641509434,0.05931758530183727,3.29,1.27859649122807,1.4495238095238094,4.806315789473683,3.31578947368421,8.19157894736842,0.8147368421052632,0.28205128205128205,0.08333333333333333,0.23076923076923078,0.979,0.8333333333333334,0.9038461538461539
1371,1989,NYN,NYM,4.7754219843557015,0,0,0,0,0,0,1,0,0,0,0,0,0,0,0,0,0,1,0,642,713,5459,1361,273,18,147,545,1062.0,66,654,6,14,48,4337,1418,186,438,1191,101,132.0,162.0,3.962962962962963,4.401234567901234,-0.4382716049382716,0.45215820914963645,0.8298665491647949,0.9216430678418982,-0.09177651867710349,0.2493130610001832,0.31745502998001335,0.38670086096354644,0.7041558909435598,0.13738779996336326,0.0269280087928192,0.0907728181212525,0.17688207861425717,0.3218221895664952,0.03462749213011543,4.07,1.2838367535162554,2.719178082191781,7.414572284989624,2.7267696564445467,8.827761125201752,1.1579432787641226,0.037037037037037035,0.08641975308641975,0.2962962962962963,0.983,0.6234567901234568,0.8148148148148148
863,1912,DET,DET,4.870355411954765,0,1,0,0,0,0,0,0,0,1,0,0,0,0,0,0,0,0,0,828,791,5360,1641,250,87,54,530,378.0,78,660,67,7,15,4173,1554,62,473,461,192,135.0,155.0,5.341935483870968,5.103225806451613,0.23870967741935484,0.5209025082712868,1.0968266239376827,1.0478138400177623,0.04901278391992061,0.3061567164179104,0.36859083191850595,0.4154850746268657,0.7840759065453716,0.10932835820895526,0.010074626865671642,0.0899830220713073,0.06417657045840408,0.23826934795856186,0.03592814371257485,4.27,1.4572250179726816,0.9746300211416491,2.9827462257368795,3.0603882099209203,10.054636951833213,0.40115025161754136,0.432258064516129,0.04516129032258064,0.0967741935483871,0.97,1.238709677419355,0.8709677419354839
1742,1926,PIT,PIT,4.111739130434783,0,0,1,0,0,0,0,0,0,0,0,1,0,0,0,0,0,0,0,585,631,5104,1250,173,49,54,537,536.0,41,537,64,13,11,4053,1376,62,435,426,182,129.0,151.0,3.8741721854304636,4.178807947019868,-0.304635761589404,0.46542525477629,0.9422222720196749,1.0163115446913076,-0.07408927267163255,0.24490595611285265,0.31678780358092534,0.3297413793103448,0.6465291828912701,0.08483542319749215,0.010579937304075235,0.09519588725403297,0.09501861372097146,0.2208,0.02294348069390039,3.58,1.3404885270170244,0.9793103448275862,2.837897853441895,2.8978534418948927,9.166543301258326,0.41302738712065135,0.423841059602649,0.08609271523178808,0.0728476821192053,0.969,1.205298013245033,0.8543046357615894
1045,1977,KCA,KCR,4.409177365668093,0,0,0,0,0,1,0,0,0,0,0,0,0,0,0,1,0,0,0,654,673,5561,1403,264,45,137,474,919.0,97,611,24,13,31,4320,1413,121,479,888,123,153.0,162.0,4.037037037037037,4.154320987654321,-0.11728395061728394,0.4869011228977561,0.9155986938677692,0.9421986559220317,-0.026599962054262405,0.2522927531019601,0.31101905550952774,0.38985793921956485,0.7008769947290926,0.13756518611760477,0.024635856860276927,0.07854183927091964,0.15227837613918807,0.3178902352102637,0.051678209909429944,3.82,1.3138888888888889,1.8538622129436326,5.550000000000001,2.99375,8.831249999999999,0.7562500000000001,0.14814814814814814,0.08024691358024691,0.19135802469135801,0.98,0.7592592592592593,0.9444444444444444
979,2011,FLO,FLA,4.035670356703567,0,0,0,0,1,0,0,0,0,0,0,0,0,1,0,0,0,0,0,495,628,5303,1214,162,41,70,381,872.0,40,541,30,9,31,4284,1421,105,353,852,149,124.0,162.0,3.0555555555555554,3.876543209876543,-0.8209876543209876,0.3928118898062208,0.7571370517118765,0.9605698353031483,-0.20343278359127187,0.22892702244012822,0.28061224489795916,0.31453894022251555,0.5951511851204747,0.08561191778238733,0.013200075429002452,0.06703026038001407,0.1534130893736805,0.22487644151565075,0.025078369905956112,3.41,1.242296918767507,2.413597733711048,5.369747899159663,2.2247899159663866,8.955882352941178,0.6617647058823529,0.18518518518518517,0.05555555555555555,0.19135802469135801,0.976,0.9197530864197531,0.7654320987654321
175,2008,ATL,ATL,4.283244133388226,0,0,0,0,0,0,0,1,0,0,0,0,0,0,0,0,0,0,1,641,605,5528,1345,244,16,173,504,1260.0,77,572,3,16,52,4439,1332,125,521,1332,83,131.0,162.0,3.95679012345679,3.734567901234568,0.2222222222222222,0.5264193288058231,0.9237834688462652,0.8719017139656637,0.051881754880601476,0.2433068017366136,0.30653183023872677,0.3871201157742402,0.693651946012967,0.14381331403762662,0.03129522431259045,0.08355437665782493,0.20888594164456234,0.32193308550185873,0.04164413196322336,3.48,1.2523090786213111,2.5566218809980805,8.101824735300742,3.1689569722910567,8.101824735300742,0.7603063753097543,0.018518518518518517,0.09876543209876543,0.32098765432098764,0.987,0.5123456790123457,0.808641975308642
716,2007,CIN,CIN,4.250102923013586,0,0,0,0,0,0,0,1,0,0,0,0,0,0,0,0,0,0,1,640,754,5571,1382,257,27,167,496,1255.0,134,700,2,8,35,4360,1436,177,544,1252,90,131.0,162.0,3.950617283950617,4.654320987654321,-0.7037037037037037,0.4255620617211186,0.9295344972844529,1.0951078296132462,-0.16557333232879318,0.24807036438700414,0.30954343167957804,0.3938251660384132,0.7033685977179913,0.14575480165140908,0.029976664871656795,0.08175374979396736,0.2068567661117521,0.3263386396526773,0.07135250266240682,4.33,1.3623853211009176,2.301470588235294,7.753211009174312,3.3688073394495417,8.892660550458716,1.0961009174311926,0.012345679012345678,0.04938271604938271,0.21604938271604937,0.985,0.5555555555555556,0.808641975308642
121,1951,BSN,ATL,4.376313662085691,0,0,0,1,0,0,0,0,0,0,0,0,1,0,0,0,0,0,0,670,556,5261,1395,217,41,139,471,619.0,54,494,63,13,21,4182,1296,106,553,698,116,171.0,154.0,4.35064935064935,3.6103896103896105,0.7402597402597403,0.5845092452935025,0.9941356325396226,0.824984196555269,0.1691514359843537,0.26515871507318,0.32554082344731333,0.4012545143508839,0.7267953377981973,0.13609579927770388,0.02642083254134195,0.08217027215631542,0.10799023028611306,0.2845878136200717,0.028938906752411574,3.19,1.3263988522238164,1.2622061482820977,4.506456241032999,3.5703012912482066,8.36728837876614,0.6843615494978479,0.4090909090909091,0.08441558441558442,0.13636363636363635,0.981,0.7532467532467533,1.1103896103896105
2005,1999,SFN,SFG,3.896523848019402,1,0,0,0,0,0,0,0,1,0,0,0,0,0,0,0,0,0,0,535,734,5066,1254,140,85,20,391,855.0,162,537,135,10,2,4041,1431,28,367,411,274,83.0,154.0,3.4740259740259742,4.766233766233766,-1.2922077922077921,0.3592263978068606,0.8915705663630975,1.223201487309371,-0.3316309209462736,0.24753257007500987,0.3014476818764889,0.32056849585471775,0.6220161777312067,0.07303592577970788,0.0039478878799842085,0.07165109034267912,0.15667949422759758,0.19537480063795853,0.09848024316109423,3.59,1.3348181143281366,1.119891008174387,2.7461024498886415,2.452115812917595,9.561247216035635,0.1870824053452116,0.8766233766233766,0.06493506493506493,0.012987012987012988,0.957,1.7792207792207793,0.538961038961039
862,1911,DET,DET,4.855573637103336,0,1,0,0,0,0,0,0,0,1,0,0,0,0,0,0,0,0,0,883,852,5461,1724,268,100,58,582,376.0,95,678,73,4,16,4158,1634,71,495,452,231,107.0,154.0,5.733766233766234,5.532467532467533,0.2012987012987013,0.5163446176392522,1.1808627903307418,1.1394055462760952,0.04145724405464665,0.31569309650247207,0.38159854376965086,0.43325398278703536,0.8148525265566862,0.11756088628456329,0.010620765427577367,0.09630977991064041,0.06222075128247559,0.2470997679814385,0.0411968777103209,4.4,1.5360750360750361,0.9131313131313131,2.9350649350649354,3.2142857142857144,10.61038961038961,0.461038961038961,0.474025974025974,0.025974025974025976,0.1038961038961039,0.964,1.5,0.6948051948051948
1256,1925,WS1,MIN,4.86468952734013,0,1,0,0,0,0,0,0,0,0,1,0,0,0,0,0,0,0,0,823,903,5592,1591,255,95,32,596,406.0,54,804,67,5,12,4134,1672,89,613,456,171,186.0,154.0,5.3441558441558445,5.863636363636363,-0.5194805194805194,0.45766102638039385,1.0985605174022015,1.2053464729212489,-0.10678595551904752,0.28451359084406297,0.353425985778927,0.3812589413447783,0.7346849271237053,0.09674535050071531,0.005722460658082976,0.09631544925662573,0.06561085972850679,0.24010056568196103,0.024691358024691357,5.25,1.658200290275762,0.7438825448613376,2.9782293178519597,4.003628447024673,10.920174165457185,0.5812772133526851,0.43506493506493504,0.032467532467532464,0.07792207792207792,0.972,1.1103896103896105,1.2077922077922079
1199,1976,ML4,MIL,4.722802850356294,0,0,0,0,0,1,0,0,0,0,0,0,0,0,0,1,0,0,0,862,817,5625,1552,272,46,163,598,1040.0,176,752,28,6,45,4392,1548,169,529,1039,145,155.0,162.0,5.320987654320987,5.04320987654321,0.2777777777777778,0.524509740514854,1.1266588555394739,1.0678425579765083,0.058816297562965573,0.2759111111111111,0.3454925277197493,0.4275555555555556,0.7730480832753048,0.15164444444444447,0.02897777777777778,0.09609513096577213,0.16712196689699502,0.30992268041237114,0.08186046511627906,4.62,1.4187158469945356,1.9640831758034027,6.387295081967213,3.2520491803278686,9.51639344262295,1.0389344262295082,0.1728395061728395,0.037037037037037035,0.2777777777777778,0.976,0.8950617283950617,0.9567901234567902
441,1946,CHN,CHC,4.547215496368039,0,0,0,1,0,0,0,0,0,0,0,0,1,0,0,0,0,0,0,614,750,5307,1327,200,47,103,477,647.0,63,668,48,10,10,4155,1416,125,572,544,181,161.0,155.0,3.9612903225806453,4.838709677419355,-0.8774193548387097,0.40947327615572027,0.8711463808444124,1.0641038853962692,-0.1929575045518568,0.2500471075937441,0.3118948824343015,0.3636706237045412,0.6755655061388427,0.11362351611079707,0.01940832862257396,0.08246887966804979,0.11186030428769018,0.26375282592313487,0.03492239467849224,4.34,1.4353790613718411,0.951048951048951,3.535018050541516,3.7169675090252707,9.2014440433213,0.8122743682310469,0.3096774193548387,0.06451612903225806,0.06451612903225806,0.971,1.167741935483871,1.038709677419355
276,2001,BAL,BAL,4.813838550247117,0,0,0,0,0,0,1,0,0,0,0,0,0,0,0,0,0,1,0,842,830,5736,1614,319,18,169,528,949.0,101,760,8,10,27,4366,1488,159,687,1090,110,161.0,162.0,5.197530864197531,5.1234567901234565,0.07407407407407407,0.5065667208064435,1.079706103548221,1.0643183681057282,0.015387735442492457,0.2813807531380753,0.34195402298850575,0.4316596931659693,0.773613716154475,0.150278940027894,0.029463040446304045,0.0842911877394636,0.15150063856960408,0.3135068153655514,0.04715219421101774,4.7,1.494502977553825,1.586608442503639,6.74072377462208,4.248511223087494,9.202015574896931,0.9832798900595511,0.04938271604938271,0.06172839506172839,0.16666666666666666,0.982,0.6790123456790124,0.9938271604938271
1840,1979,SDN,SDP,4.789679276315789,0,0,0,0,0,0,1,0,0,0,0,0,0,0,0,0,1,0,0,749,635,5490,1390,292,30,167,604,1072.0,79,587,14,11,59,4363,1384,139,501,1217,104,155.0,162.0,4.6234567901234565,3.919753086419753,0.7037037037037037,0.5749701175485298,0.9652956958904791,0.8183748556614877,0.1469208402289915,0.25318761384335153,0.32720708893994094,0.40856102003642986,0.7357681089763708,0.15537340619307832,0.03041894353369763,0.09911388250738432,0.17591073186741057,0.35179856115107916,0.03961885656970913,3.63,1.2961265184506074,2.4291417165668663,7.531285812514326,3.100389640155856,8.56474902589961,0.8601879440751776,0.08641975308641975,0.06790123456790123,0.36419753086419754,0.983,0.6419753086419753,0.9567901234567902
1995,1987,SFN,SFG,4.650947281713345,0,0,0,0,0,0,1,0,0,0,0,0,0,0,0,0,0,1,0,640,759,5543,1452,311,37,94,452,1044.0,108,701,4,12,41,4326,1416,147,652,1240,96,129.0,162.0,3.950617283950617,4.685185185185185,-0.7345679012345679,0.422607972324254,0.8494220735383748,1.0073614903369164,-0.1579394167985416,0.26195201154609415,0.3175979983319433,0.38228396175356305,0.6998819600855064,0.1203319502074689,0.01695832581634494,0.07539616346955796,0.17414512093411175,0.3044077134986226,0.05672268907563025,4.38,1.434119278779473,1.901840490797546,7.739251040221913,4.069348127600555,8.837725381414701,0.9174757281553397,0.024691358024691357,0.07407407407407407,0.25308641975308643,0.983,0.5925925925925926,0.7962962962962963
760,1940,CLE,CLE,4.607258064516129,0,0,0,1,0,0,0,0,0,0,0,1,0,0,0,0,0,0,0,675,574,5221,1358,194,58,112,601,534.0,44,516,65,10,19,4149,1275,82,611,594,103,192.0,154.0,4.383116883116883,3.727272727272727,0.6558441558441559,0.5736141888370268,0.9513504174802967,0.8090002068647263,0.14235021061557032,0.2601034284619805,0.33648230848505667,0.3838345144608313,0.720316822945888,0.1237310859988508,0.021451829151503544,0.10322913088285812,0.09172105805565098,0.26804123711340205,0.022460438999489536,3.36,1.3637020968908171,0.972176759410802,3.865509761388286,3.9761388286334056,8.297180043383948,0.5336225596529284,0.42207792207792205,0.06493506493506493,0.12337662337662338,0.983,0.6688311688311688,1.2467532467532467
423,1928,CHN,CHC,4.467216673903604,0,1,0,0,0,0,0,0,0,0,1,0,0,0,0,0,0,0,0,646,536,5255,1422,256,51,72,392,475.0,52,443,95,16,9,4086,1316,51,413,488,168,163.0,154.0,4.194805194805195,3.4805194805194803,0.7142857142857143,0.5845785412572675,0.939019864272586,0.7791248409444366,0.1598950233281493,0.27059942911512846,0.3212325128386754,0.3798287345385347,0.7010612473772101,0.10922930542340625,0.013701236917221693,0.06941738976447671,0.08411545953603683,0.26652601969057665,0.02866593164277839,2.93,1.2694566813509545,1.181598062953995,3.2246696035242293,2.7290748898678414,8.696035242290748,0.3370044052863436,0.6168831168831169,0.1038961038961039,0.05844155844155844,0.973,1.0909090909090908,1.0584415584415585
565,1964,CHA,CHW,4.07245632065776,0,0,0,0,1,0,0,0,0,0,0,0,0,1,0,0,0,0,0,625,723,5450,1346,210,27,112,552,844.0,54,672,29,10,25,4311,1470,146,564,810,122,163.0,162.0,3.8580246913580245,4.462962962962963,-0.6049382716049383,0.4337534356097758,0.9473458737391439,1.0958897067414417,-0.14854383300229776,0.24697247706422018,0.3162279240253249,0.3570642201834862,0.6732921442088111,0.11009174311926603,0.02055045871559633,0.09196934355214928,0.14061979340219927,0.25928677563150077,0.02845100105374078,4.21,1.4154488517745303,1.4361702127659575,5.073068893528184,3.5323590814196244,9.20668058455115,0.9144050104384134,0.17901234567901234,0.06172839506172839,0.15432098765432098,0.981,0.7530864197530864,1.0061728395061729
583,1983,CHA,CHW,4.138095238095239,0,0,0,0,0,1,0,0,0,0,0,0,0,0,0,1,0,0,0,631,757,5449,1327,224,35,132,446,908.0,98,659,11,9,43,4317,1467,138,533,754,154,177.0,161.0,3.919254658385093,4.701863354037267,-0.782608695652174,0.4174707236079093,0.9471156251563513,1.1362385550607892,-0.18912292990443783,0.24353092310515692,0.300763358778626,0.37015966232336206,0.6709230211019881,0.12662873921820514,0.02422462837217838,0.07565733672603901,0.15402883799830364,0.2946495855312736,0.05527354765933446,4.12,1.389854065323141,1.4146341463414633,4.715774843641418,3.333564975677554,9.175121612230715,0.8630993745656707,0.06832298136645963,0.055900621118012424,0.2670807453416149,0.976,0.9565217391304348,1.0993788819875776
1509,1910,PHA,OAK,4.870355411954765,0,1,0,0,0,0,0,0,0,1,0,0,0,0,0,0,0,0,0,705,830,5211,1409,229,63,111,437,591.0,60,695,73,4,6,4086,1573,107,469,373,218,119.0,155.0,4.548387096774194,5.354838709677419,-0.8064516129032258,0.4258735851364667,0.9338922341498387,1.0994759636090299,-0.16558372945919123,0.27038956054500096,0.3268413597733711,0.40241796200345425,0.7292593217768253,0.1320284014584533,0.021301093839953943,0.07737252124645892,0.10463881019830028,0.28601845280340665,0.032502708559046585,4.59,1.499265785609398,0.7953091684434968,2.4647577092511015,3.0991189427312777,10.394273127753303,0.7070484581497798,0.47096774193548385,0.025806451612903226,0.03870967741935484,0.965,1.4064516129032258,0.7677419354838709
2178,1987,TEX,TEX,4.283244133388226,0,0,0,0,0,0,0,1,0,0,0,0,0,0,0,0,0,0,1,855,677,5659,1599,310,32,210,475,930.0,143,607,10,19,38,4324,1327,170,461,1179,114,164.0,162.0,5.277777777777778,4.179012345679013,1.0987654320987654,0.6051994228262112,1.232191678414285,0.9756652237268668,0.2565264546874184,0.28255875596395125,0.3381154222367134,0.45997526064675737,0.7980906828834708,0.17741650468280612,0.03710902986393356,0.07743723508314314,0.15161395500489078,0.3452157598499062,0.06894889103182257,3.79,1.240518038852914,2.5574837310195226,7.361933395004625,2.8785846438482885,8.286077705827937,1.0615171137835338,0.06172839506172839,0.11728395061728394,0.2345679012345679,0.981,0.7037037037037037,1.0123456790123457
1356,1973,NYN,NYM,4.256769596199525,0,0,0,0,0,1,0,0,0,0,0,0,0,0,0,1,0,0,0,652,676,5438,1400,235,25,107,500,1001.0,149,577,12,15,50,4326,1371,104,573,1028,129,154.0,162.0,4.0246913580246915,4.172839506172839,-0.14814814814814814,0.48346808307122524,0.945480197382063,0.9802831494329365,-0.034802952050873484,0.25744759102611253,0.31997305490063993,0.36888561971312983,0.6888586746137697,0.1114380286870173,0.019676351599852888,0.08420343550016841,0.16857527787133714,0.2621428571428571,0.07842105263157895,3.6,1.348127600554785,1.794066317626527,6.4160887656033285,3.5762829403606102,8.556865464632455,0.6490984743411927,0.07407407407407407,0.09259259259259259,0.30864197530864196,0.979,0.7962962962962963,0.9506172839506173
2243,1969,MON,WSN,4.1170465337132,0,0,0,0,0,1,0,0,0,0,0,0,0,0,0,0,1,0,0,648,581,5477,1381,263,37,102,463,976.0,196,530,11,14,49,4404,1296,92,525,1014,124,113.0,162.0,4.0,3.5864197530864197,0.41358024691358025,0.5497661989462084,0.9715702669972898,0.8711146992676316,0.10045556772965804,0.25214533503742925,0.31043771043771046,0.3695453715537703,0.6799830819914807,0.11740003651634107,0.01862333394193902,0.07794612794612794,0.16430976430976432,0.29109341057204924,0.10629067245119306,3.25,1.2404632152588555,1.9314285714285715,6.216621253405995,3.2186648501362396,7.945504087193461,0.5640326975476839,0.06790123456790123,0.08641975308641975,0.30246913580246915,0.98,0.7654320987654321,0.6975308641975309
991,1968,HOU,HOU,3.99484270242393,0,0,0,0,1,0,0,0,0,0,0,0,0,0,1,0,0,0,0,625,657,5464,1401,195,50,66,530,719.0,150,571,42,17,29,4332,1349,82,662,780,140,155.0,162.0,3.8580246913580245,4.055555555555555,-0.19753086419753085,0.47717182296429583,0.9657513396002078,1.0151978081877384,-0.049446468587530636,0.2564055636896047,0.3221554888221555,0.3466325036603221,0.6687879924824776,0.0902269399707174,0.012079062957540264,0.08842175508842176,0.11995328661995329,0.22198429693076374,0.07767995857068877,3.56,1.3926592797783934,1.1782477341389728,4.861495844875346,4.126038781163435,8.407894736842106,0.5110803324099723,0.25925925925925924,0.10493827160493827,0.17901234567901234,0.978,0.8641975308641975,0.9567901234567902
411,1914,CHN,CHC,4.855573637103336,0,1,0,0,0,0,0,0,0,1,0,0,0,0,0,0,0,0,0,668,773,5321,1553,234,56,37,343,374.0,70,665,73,7,7,4089,1605,67,409,441,166,129.0,153.0,4.366013071895424,5.052287581699346,-0.6862745098039216,0.4336036325188201,0.8991755450958486,1.0405130185016334,-0.1413374734057846,0.291862431873708,0.3347457627118644,0.3777485435068596,0.712494306218724,0.08588611163315163,0.006953580154106371,0.060557909604519775,0.06603107344632768,0.21056020605280104,0.03691983122362869,4.39,1.4776228906823183,1.078239608801956,2.9119589141599413,2.7006603081438003,10.597945707997066,0.44240645634629494,0.477124183006536,0.0457516339869281,0.0457516339869281,0.974,1.0849673202614378,0.8431372549019608
164,1997,ATL,ATL,5.140181144503911,0,0,0,0,0,0,1,0,0,0,0,0,0,0,0,0,0,1,0,810,714,5489,1490,274,26,179,595,1010.0,148,648,13,9,53,4321,1428,165,484,1093,129,138.0,162.0,5.0,4.407407407407407,0.5925925925925926,0.5574592490771678,0.9727283649032878,0.8574420401740093,0.11528632472927855,0.27145199489888866,0.3427021696252465,0.4286755328839497,0.7713777025091962,0.15722353798506106,0.032610675897249045,0.09779750164365549,0.16600920447074294,0.3214765100671141,0.07098321342925659,4.05,1.3274704929414487,2.2582644628099175,6.829669058088406,3.024299930571627,8.922934505901411,1.0310113399676002,0.08024691358024691,0.05555555555555555,0.3271604938271605,0.979,0.7962962962962963,0.8518518518518519
1334,2006,MIN,MIN,4.477759472817134,0,0,0,0,0,0,0,1,0,0,0,0,0,0,0,0,0,0,1,722,889,5618,1409,288,35,200,513,1426.0,91,814,4,3,26,4329,1617,221,479,1191,126,172.0,162.0,4.45679012345679,5.487654320987654,-1.0308641975308641,0.4059407287917922,0.9953169996093715,1.2255357515965806,-0.23021875198720915,0.2508009967960128,0.3134888272712445,0.4213243147027412,0.7348131419739856,0.17052331790672837,0.0355998576005696,0.083673136519328,0.232588484749633,0.3711852377572747,0.04734651404786681,5.08,1.4525294525294525,2.4864300626304803,7.428274428274428,2.9875259875259874,10.085239085239085,1.3783783783783783,0.024691358024691357,0.018518518518518517,0.16049382716049382,0.979,0.7777777777777778,1.0617283950617284
1227,2007,MIL,MIL,3.725780624499599,1,0,0,0,0,0,0,0,1,0,0,0,0,0,0,0,0,0,0,437,743,5149,1170,171,57,10,283,759.0,150,547,137,7,4,4077,1487,19,347,533,313,97.0,157.0,2.78343949044586,4.732484076433121,-1.9490445859872612,0.27462225435021126,0.7470755181190243,1.2701993362984783,-0.5231238181794541,0.22722858807535443,0.26748895434462444,0.2884055156341037,0.5558944699787282,0.06117692755874929,0.0019421246844047388,0.052098674521354936,0.13972754050073638,0.20341880341880342,0.10323468685478321,3.62,1.3495217071376011,1.5360230547550433,3.5298013245033113,2.2980132450331126,9.847682119205299,0.12582781456953643,0.8726114649681529,0.044585987261146494,0.025477707006369428,0.951,1.9936305732484076,0.6178343949044586
544,1943,CHA,CHW,4.578819725141472,0,0,0,1,0,0,0,0,0,0,0,1,0,0,0,0,0,0,0,559,814,5192,1303,172,39,55,595,528.0,46,731,35,2,23,4035,1454,89,673,403,154,176.0,154.0,3.6298701298701297,5.285714285714286,-1.655844155844156,0.3345373603755419,0.7927523571061704,1.1543835754640837,-0.3616312183579132,0.25096302003081666,0.3279764990495939,0.33089368258859786,0.6588701816381918,0.0799306625577812,0.01059322033898305,0.10281665802661137,0.09123898392949716,0.20414428242517269,0.02423603793466807,4.89,1.5814126394052044,0.5988112927191679,2.6966542750929365,4.503345724907064,9.729368029739778,0.595539033457249,0.22727272727272727,0.012987012987012988,0.14935064935064934,0.974,1.0,1.1428571428571428
916,1967,DET,DET,4.21277145811789,0,0,0,0,1,0,0,0,0,0,0,0,0,0,1,0,0,0,0,570,786,5366,1338,171,39,125,383,872.0,63,662,52,10,17,4188,1496,137,533,787,173,141.0,159.0,3.5849056603773586,4.943396226415095,-1.3584905660377358,0.35709011590600953,0.8509613436231742,1.1734309054172192,-0.3224695617940449,0.24934774506149832,0.2993564098104018,0.3656354826686545,0.6649918924790563,0.11628773760715616,0.02329481923220276,0.06662028178813707,0.15167855279178988,0.25037369207772797,0.03660662405578152,4.27,1.4534383954154728,1.4765478424015008,5.0737822349570205,3.436246418338109,9.644699140401148,0.8832378223495702,0.3270440251572327,0.06289308176100629,0.1069182389937107,0.972,1.0880503144654088,0.8867924528301887
1619,1911,PHI,PHI,4.636547811993517,0,1,0,0,0,0,0,0,0,1,0,0,0,0,0,0,0,0,0,687,900,5254,1479,244,50,75,422,479.0,47,746,68,5,5,4002,1699,68,454,331,223,153.0,152.0,4.519736842105263,5.921052631578948,-1.4013157894736843,0.37890214612012857,0.9748064778743152,1.2770390539838192,-0.3022325761095039,0.28149980966882376,0.33491895701198027,0.38979824895317855,0.7247172059651588,0.10829843928435479,0.01427483821850019,0.07434813248766738,0.08439041578576462,0.24949290060851928,0.02472382956338769,5.03,1.6139430284857572,0.7290748898678414,2.233133433283358,3.062968515742129,11.462518740629685,0.4587706146926537,0.4473684210526316,0.03289473684210526,0.03289473684210526,0.964,1.4671052631578947,1.006578947368421
1339,2011,MIN,MIN,3.993808049535603,0,0,0,0,1,0,0,0,0,0,0,0,0,1,0,0,0,0,0,587,761,5371,1286,187,35,98,446,992.0,55,661,37,9,22,4281,1497,166,521,773,159,171.0,161.0,3.6459627329192545,4.726708074534161,-1.0807453416149069,0.38341372579121324,0.9129038470797824,1.1835090760267708,-0.27060522894698835,0.23943399739340904,0.2977479800584494,0.34202196983801897,0.6397699498964684,0.10258797244460993,0.01824613665983988,0.07667182396424274,0.17053463984871928,0.24883359253499224,0.03175519630484989,4.17,1.414155571128241,1.4836852207293667,4.875262789067975,3.285914505956552,9.441485634197617,1.0469516468114928,0.22981366459627328,0.055900621118012424,0.13664596273291926,0.975,0.9875776397515528,1.062111801242236
1733,1915,PIT,PIT,4.467216673903604,0,1,0,0,0,0,0,0,0,0,1,0,0,0,0,0,0,0,0,667,619,5429,1548,249,84,39,366,334.0,34,499,70,16,12,4119,1417,54,313,401,166,133.0,154.0,4.3311688311688314,4.01948051948052,0.3116883116883117,0.5341151955820792,0.9695452778170509,0.8997729040011312,0.06977237381591969,0.28513538404862776,0.3302847282139776,0.3834960397863327,0.7137807680003103,0.09836065573770492,0.007183643396573955,0.06315789473684211,0.05763589301121656,0.24031007751937986,0.017763845350052248,3.27,1.260014566642389,1.281150159744409,2.6285506190823016,2.051711580480699,9.2884195193008,0.35396941005098326,0.45454545454545453,0.1038961038961039,0.07792207792207792,0.972,1.077922077922078,0.8636363636363636
1837,1976,SDN,SDP,4.597620096959012,0,0,0,0,0,0,1,0,0,0,0,0,0,0,0,0,1,0,0,679,772,5503,1386,239,28,153,443,1046.0,92,675,8,6,32,4311,1470,148,558,957,160,129.0,162.0,4.191358024691358,4.765432098765432,-0.5740740740740741,0.4415422972255603,0.9116364415284407,1.0364997538438234,-0.12486331231538288,0.2518626203888788,0.3076017490750084,0.38887879338542614,0.6964805424604346,0.13701617299654734,0.02780301653643467,0.07450386814665322,0.17591658257652204,0.30303030303030304,0.05030071077091307,4.23,1.4112734864300627,1.7150537634408602,5.993736951983299,3.4947807933194155,9.20668058455115,0.9269311064718163,0.04938271604938271,0.037037037037037035,0.19753086419753085,0.974,0.9876543209876543,0.7962962962962963
1086,1906,BRO,LAD,3.5641539695268647,1,0,0,0,0,0,0,0,1,0,0,0,0,0,0,0,0,0,0,585,471,5234,1366,195,80,28,355,550.0,187,336,96,22,9,4281,1201,24,372,634,224,90.0,156.0,3.75,3.019230769230769,0.7307692307692307,0.5978847735209343,1.0521430982112723,0.8471100842008705,0.20503301401040178,0.26098586167367216,0.3079262837716944,0.34486052732136036,0.6527868110930548,0.0838746656476882,0.005349636988918609,0.06351762390409733,0.09840758633029165,0.22181551976573938,0.10865775711795468,2.12,1.102312543798178,1.7043010752688172,3.9985984583041345,2.3461807988787666,7.574632095304835,0.15136650315346883,0.6153846153846154,0.14102564102564102,0.057692307692307696,0.965,1.435897435897436,0.5769230769230769
231,1953,SLA,BAL,4.451573849878935,0,0,0,1,0,0,0,0,0,0,0,0,1,0,0,0,0,0,0,571,705,5090,1242,198,34,91,563,725.0,39,635,38,10,24,4080,1362,99,547,715,133,142.0,154.0,3.707792207792208,4.577922077922078,-0.8701298701298701,0.4047336573550242,0.83291715083937,1.0283828219645461,-0.19546567112517613,0.24400785854616897,0.3192994869980541,0.34990176817288804,0.6692012551709421,0.10589390962671907,0.01787819253438114,0.09959313638775871,0.12825048646736245,0.26006441223832527,0.021606648199445983,4.2,1.4036764705882352,1.3071297989031079,4.731617647058823,3.619852941176471,9.013235294117647,0.6551470588235294,0.24675324675324675,0.06493506493506493,0.15584415584415584,0.977,0.8636363636363636,0.922077922077922
1221,2001,MIL,MIL,4.283244133388226,0,0,0,0,0,0,0,1,0,0,0,0,0,0,0,0,0,0,1,721,638,5447,1422,276,31,185,481,1083.0,94,582,1,13,47,4325,1348,147,440,1257,111,130.0,162.0,4.450617283950617,3.9382716049382718,0.5123456790123457,0.5557202436186591,1.039076257469824,0.9194599892728818,0.11961626819694231,0.2610611345694878,0.32101889338731443,0.42500458968239396,0.7460234830697083,0.16394345511290614,0.03396364971543969,0.08114035087719298,0.18269230769230768,0.3459915611814346,0.04939569101418812,3.63,1.2402312138728322,2.856818181818182,7.847167630057803,2.7468208092485544,8.415260115606936,0.9176878612716762,0.006172839506172839,0.08024691358024691,0.29012345679012347,0.982,0.6851851851851852,0.8024691358024691
434,1939,CHN,CHC,4.167874396135265,0,0,1,0,0,0,0,0,0,0,0,1,0,0,0,0,0,0,0,702,669,5462,1425,236,46,71,520,521.0,53,558,70,11,13,4200,1484,75,458,545,185,151.0,157.0,4.471337579617835,4.261146496815287,0.21019108280254778,0.5220140836489884,1.0728100596706946,1.0223788175494226,0.05043124212127197,0.26089344562431344,0.32514209294550317,0.35994141340168434,0.6850835063471875,0.0990479677773709,0.012998901501281582,0.08692744901370779,0.08709461718488799,0.24771929824561403,0.02724935732647815,3.59,1.3871428571428572,1.1899563318777293,3.5035714285714286,2.944285714285714,9.540000000000001,0.4821428571428571,0.445859872611465,0.07006369426751592,0.08280254777070063,0.97,1.178343949044586,0.9617834394904459
1335,2007,MIN,MIN,4.460518198642813,0,0,0,1,0,0,0,0,0,0,0,0,0,1,0,0,0,0,0,617,948,5492,1318,166,40,139,616,991.0,59,801,43,4,10,4290,1577,192,571,772,210,167.0,161.0,3.8322981366459627,5.888198757763975,-2.0559006211180124,0.31303713195689004,0.859159847797954,1.3200705603119292,-0.4609107125139753,0.23998543335761108,0.316633922724296,0.3607064821558631,0.6773404048801591,0.12072104879825202,0.02530954115076475,0.1008513425016372,0.16224623444662736,0.26176024279210924,0.030506721820062047,5.04,1.5020979020979022,1.3520140105078808,4.858741258741258,3.5937062937062936,9.925174825174825,1.2083916083916084,0.2670807453416149,0.024844720496894408,0.062111801242236024,0.967,1.3043478260869565,1.0372670807453417
870,1921,DET,DET,5.185923515052888,0,1,0,0,0,0,0,0,0,1,0,0,0,0,0,0,0,0,0,926,928,5592,1671,339,97,110,521,496.0,95,766,82,5,9,4170,1641,73,646,467,242,149.0,155.0,5.974193548387097,5.987096774193549,-0.012903225806451613,0.49901294588316064,1.1520018625508344,1.1544899875239463,-0.002488124973111953,0.2988197424892704,0.35858007524946833,0.4531473533619456,0.811727428611414,0.1543276108726752,0.01967095851216023,0.08522820219204973,0.08113855717323737,0.3267504488330341,0.04333941605839416,4.96,1.6453237410071941,0.7229102167182663,3.0237410071942445,4.182733812949641,10.625179856115107,0.4726618705035971,0.5290322580645161,0.03225806451612903,0.05806451612903226,0.961,1.5612903225806452,0.9612903225806452
1888,1991,SEA,SEA,4.612962962962963,0,0,0,0,0,0,1,0,0,0,0,0,0,0,0,0,0,1,0,640,692,5543,1430,280,19,160,421,1093.0,89,625,4,10,49,4358,1359,172,534,1043,105,150.0,162.0,3.950617283950617,4.271604938271605,-0.32098765432098764,0.4643218560288098,0.8564164324902983,0.9260002676301352,-0.06958383513983674,0.2579830416741837,0.3103621730382294,0.40194840339166515,0.7123105764298945,0.14396536171748148,0.028865235432076492,0.07059020791415158,0.18326626425217973,0.320979020979021,0.04808211777417612,3.87,1.3031206975676914,1.953183520599251,6.461909132629646,3.3083983478659933,8.41968793024323,1.0656264341441026,0.024691358024691357,0.06172839506172839,0.30246913580246915,0.982,0.6481481481481481,0.9259259259259259
325,1940,BOS,BOS,3.91518578352181,0,0,1,0,0,0,0,0,0,0,0,1,0,0,0,0,0,0,0,563,607,5392,1314,223,42,57,486,591.0,86,547,62,13,16,4278,1369,61,615,513,153,179.0,155.0,3.632258064516129,3.9161290322580644,-0.2838709677419355,0.46562780727281816,0.9277358126410084,1.0002409205561138,-0.07250510791510545,0.24369436201780414,0.30622660768969034,0.3323442136498516,0.638570821339542,0.08864985163204747,0.010571216617210683,0.0826811840762164,0.100544402858115,0.2450532724505327,0.04777777777777778,3.45,1.391304347826087,0.8341463414634146,3.237727910238429,3.88148667601683,8.640252454417952,0.3849929873772791,0.4,0.08387096774193549,0.1032258064516129,0.976,0.9870967741935484,1.1548387096774193
1568,1972,OAK,OAK,4.307728781412992,0,0,0,0,0,1,0,0,0,0,0,0,0,0,0,1,0,0,0,708,782,5516,1447,237,28,121,524,872.0,235,701,22,12,33,4362,1462,135,626,719,157,157.0,162.0,4.37037037037037,4.827160493827161,-0.4567901234567901,0.45464464801464194,1.014541674310524,1.1205813408345053,-0.10603966652398132,0.26232777374909355,0.3263245033112583,0.3812545322697607,0.707579035581019,0.11892675852066714,0.0219361856417694,0.08675496688741721,0.14437086092715232,0.26675881133379403,0.11922881785895484,4.34,1.4360385144429162,1.148562300319489,4.450481430536451,3.8748280605226957,9.04951856946355,0.8356258596973865,0.13580246913580246,0.07407407407407407,0.2037037037037037,0.974,0.9691358024691358,0.9691358024691358
1681,1976,PHI,PHI,4.256294536817102,0,0,0,0,0,1,0,0,0,0,0,0,0,0,0,0,1,0,0,646,729,5535,1410,237,27,103,582,915.0,108,655,18,7,35,4347,1381,124,651,840,117,150.0,162.0,3.9876543209876543,4.5,-0.5123456790123457,0.4449244254225352,0.9368840164829524,1.0572576594676042,-0.1203736429846518,0.25474254742547425,0.32564982834722905,0.36314363143631434,0.6887934597835434,0.10840108401084009,0.01860885275519422,0.09514467876410004,0.14958312898479648,0.2602836879432624,0.05421686746987952,4.07,1.4023464458247068,1.2903225806451613,5.217391304347826,4.043478260869565,8.577639751552795,0.7701863354037266,0.1111111111111111,0.043209876543209874,0.21604938271604937,0.981,0.7222222222222222,0.9259259259259259
1233,2013,MIL,MIL,3.835068054443554,1,0,0,0,0,0,0,0,1,0,0,0,0,0,0,0,0,0,0,501,550,4989,1175,145,46,9,449,855.0,192,375,119,19,3,4119,1215,19,375,674,264,99.0,157.0,3.1910828025477707,3.5031847133757963,-0.31210191082802546,0.4574131127643653,0.8320798372405358,0.913460899166257,-0.08138106192572106,0.23551813990779716,0.29863920559029056,0.28843455602325113,0.5870737616135417,0.052916416115453974,0.0018039687312086591,0.08256712026480324,0.15722692166237587,0.1702127659574468,0.11822660098522167,2.46,1.1580480699198834,1.7973333333333332,4.418062636562272,2.4581209031318285,7.964311726147123,0.12454479242534595,0.7579617834394905,0.12101910828025478,0.01910828025477707,0.959,1.6815286624203822,0.6305732484076433
472,1977,CHN,CHC,4.307728781412992,0,0,0,0,0,1,0,0,0,0,0,0,0,0,0,1,0,0,0,701,719,5512,1436,272,42,140,470,868.0,84,647,9,10,42,4284,1496,117,498,807,115,164.0,162.0,4.327160493827161,4.438271604938271,-0.1111111111111111,0.48840286748413675,1.0045108950447421,1.030304327442467,-0.025793432397725184,0.260522496371553,0.31862253426947507,0.40130624092888245,0.7199287751983575,0.14078374455732945,0.02539912917271408,0.07856904045469743,0.14510197258441992,0.3161559888579387,0.04407135362014691,4.08,1.3963585434173669,1.6204819277108433,5.086134453781512,3.138655462184874,9.428571428571429,0.7373949579831933,0.05555555555555555,0.06172839506172839,0.25925925925925924,0.982,0.7098765432098766,1.0123456790123457
298,1910,BOS,BOS,4.037277147487845,1,0,0,0,0,0,0,0,1,0,0,0,0,0,0,0,0,0,0,631,610,4965,1334,220,101,17,466,534.0,189,444,83,12,10,4074,1323,6,442,710,238,84.0,151.0,4.178807947019868,4.039735099337748,0.1390728476821192,0.5154800103806824,1.0350560029350695,1.0006088142478484,0.03444718868722101,0.2686807653575025,0.3314306757503222,0.36394763343403824,0.6953783091843604,0.09526686807653573,0.0034239677744209466,0.08580371938869454,0.09832443380592892,0.25337331334332835,0.105,2.94,1.2997054491899853,1.6063348416289593,4.705449189985273,2.9293078055964656,8.768041237113401,0.039764359351988215,0.5496688741721855,0.07947019867549669,0.06622516556291391,0.961,1.576158940397351,0.5562913907284768
415,1920,CHN,CHC,5.128664495114006,0,1,0,0,0,0,0,0,0,1,0,0,0,0,0,0,0,0,0,723,773,5353,1473,254,70,86,397,470.0,94,671,75,5,10,4110,1575,102,485,435,198,161.0,154.0,4.694805194805195,5.01948051948052,-0.3246753246753247,0.4694451743980084,0.9154050141665258,0.9787110317437406,-0.06330601757721478,0.2751728002988978,0.32521739130434785,0.39697365963011394,0.7221910509344618,0.12180085933121615,0.01606575751914814,0.06904347826086957,0.0817391304347826,0.27834351663272233,0.05026737967914439,4.41,1.5036496350364963,0.8969072164948454,2.8576642335766422,3.186131386861314,10.346715328467154,0.6700729927007298,0.487012987012987,0.032467532467532464,0.06493506493506493,0.969,1.2857142857142858,1.0454545454545454
240,1962,BAL,BAL,3.9882932840418976,0,0,0,0,1,0,0,0,0,0,0,0,0,1,0,0,0,0,0,641,578,5450,1299,227,38,125,529,907.0,67,489,32,15,41,4431,1268,120,510,939,126,152.0,162.0,3.95679012345679,3.567901234567901,0.3888888888888889,0.5471900611151145,0.9921010922864777,0.8945934966327366,0.09750759565374119,0.238348623853211,0.3057367452751296,0.36275229357798167,0.6684890388531113,0.12440366972477065,0.022935779816513763,0.08847633383508947,0.1516976082957016,0.3002309468822171,0.03665207877461707,2.98,1.2037914691943128,1.8411764705882352,5.721733243060258,3.107650643195667,7.726472579553148,0.7312119160460392,0.19753086419753085,0.09259259259259259,0.25308641975308643,0.98,0.7777777777777778,0.9382716049382716
100,1930,BSN,ATL,4.467216673903604,0,1,0,0,0,0,0,0,0,0,1,0,0,0,0,0,0,0,0,552,531,5243,1320,217,56,54,326,428.0,25,461,85,15,16,4209,1391,54,355,383,130,148.0,156.0,3.5384615384615383,3.4038461538461537,0.1346153846153846,0.5177371605207606,0.7920953463332935,0.7619612842445269,0.0301340620887666,0.25176425710471106,0.29556473334530436,0.34541293152775127,0.6409776648730556,0.0936486744230402,0.010299446881556361,0.058538337223918116,0.07685401328784341,0.24772727272727274,0.015188335358444714,2.96,1.2444761225944405,1.0788732394366196,2.4568781183178903,2.277263007840342,8.923022095509623,0.34640057020669995,0.5448717948717948,0.09615384615384616,0.10256410256410256,0.978,0.8333333333333334,0.9487179487179487
2144,2008,TBA,TBD,4.124935732647815,0,0,0,0,1,0,0,0,0,0,0,0,0,0,1,0,0,0,0,690,698,5449,1482,198,39,99,508,710.0,113,608,62,16,12,4299,1423,126,449,871,163,164.0,161.0,4.285714285714286,4.3354037267080745,-0.049689440993788817,0.4947263619526367,1.0389772261889922,1.051023338956401,-0.012046112767408605,0.27197650945127544,0.33406076884337754,0.37713341897595887,0.7111941878193364,0.10515690952468343,0.018168471279133788,0.08527782440825919,0.11918751049185831,0.22672064777327935,0.05678391959798995,3.82,1.3063503140265178,1.9398663697104677,5.470341939986043,2.8199581297976275,8.937194696441033,0.7913468248429868,0.38509316770186336,0.09937888198757763,0.07453416149068323,0.974,1.0124223602484472,1.0186335403726707
282,2007,BAL,BAL,4.384362139917696,0,0,0,0,0,0,0,1,0,0,0,0,0,0,0,0,0,0,1,613,785,5554,1440,264,21,133,424,1056.0,76,733,3,7,35,4309,1508,186,520,1007,105,141.0,162.0,3.7839506172839505,4.845679012345679,-1.0617283950617284,0.3887443461257688,0.8630561291533694,1.105218697202928,-0.24216256804955882,0.2592725963269715,0.3118099698895952,0.386208138278718,0.6980181081683132,0.1269355419517465,0.02394670507742168,0.07092673134827701,0.17664770826363332,0.2902777777777778,0.0407725321888412,4.59,1.41192852169877,1.9365384615384615,6.309816662798793,3.2582965885356234,9.449060106753308,1.1654676258992807,0.018518518518518517,0.043209876543209874,0.21604938271604937,0.982,0.6481481481481481,0.8703703703703703
2252,1978,MON,WSN,4.72798353909465,0,0,0,0,0,0,1,0,0,0,0,0,0,0,0,0,0,1,0,711,716,5437,1404,294,25,144,522,990.0,100,640,15,10,42,4313,1467,181,463,1028,102,152.0,162.0,4.388888888888889,4.419753086419753,-0.030864197530864196,0.4967940041882868,0.9282792236051878,0.9348072068935505,-0.006527983288362782,0.2582306418981056,0.3232085920456452,0.4009564097848078,0.7241650018304531,0.14272576788670222,0.026485194040831342,0.08759859036751133,0.16613525759355596,0.3297720797720798,0.05192107995846314,4.01,1.342453048921864,2.2203023758099354,6.435427776489682,2.898446556920937,9.18363088337584,1.1330860190122882,0.09259259259259259,0.06172839506172839,0.25925925925925924,0.983,0.6296296296296297,0.9382716049382716
553,1952,CHA,CHW,4.306072874493927,0,0,0,1,0,0,0,0,0,0,0,0,1,0,0,0,0,0,0,707,566,5265,1369,208,41,106,633,745.0,109,521,59,16,27,4203,1305,124,470,665,107,169.0,155.0,4.561290322580645,3.6516129032258067,0.9096774193548387,0.6003824623293539,1.0592691892416504,0.8480146550364556,0.21125453420519477,0.2600189933523267,0.3394370973211258,0.3754985754985755,0.7149356728197014,0.11547958214624882,0.0201329534662868,0.10732451678535096,0.12631400474737198,0.25931336742147554,0.05444555444555445,3.35,1.266952177016417,1.4148936170212767,4.271948608137045,3.019271948608137,8.383297644539615,0.7965738758029979,0.38064516129032255,0.1032258064516129,0.17419354838709677,0.982,0.6903225806451613,1.0903225806451613
1603,2010,OAK,OAK,3.385450160771704,1,0,0,0,0,0,0,0,1,0,0,0,0,0,0,0,0,0,0,504,445,5012,1223,194,68,11,334,855.0,200,325,116,22,6,4179,1167,8,379,476,238,75.0,155.0,3.2516129032258063,2.870967741935484,0.38064516129032255,0.5567145308482746,0.9604669242818243,0.8480313121139125,0.11243561216791198,0.2440143655227454,0.29124579124579125,0.3164405426975259,0.6076863339433172,0.0724261771747805,0.002194732641660016,0.06247661803217359,0.15993265993265993,0.223221586263287,0.12845215157353887,2.1,1.1098348887293612,1.2559366754617414,3.0753768844221105,2.4486719310839913,7.539842067480259,0.05168700646087581,0.7483870967741936,0.14193548387096774,0.03870967741935484,0.963,1.5354838709677419,0.4838709677419355
1384,2004,NYN,NYM,4.0660493827160495,0,0,0,0,0,0,0,1,0,0,0,0,0,0,0,0,0,0,1,629,618,5472,1306,275,19,125,516,1264.0,101,568,1,11,42,4391,1370,141,509,1303,104,158.0,162.0,3.882716049382716,3.814814814814815,0.06790123456790123,0.5080708795708749,0.954911188705025,0.9382116289661454,0.01669955973887961,0.23866959064327486,0.3042752171008684,0.3644005847953216,0.66867580189619,0.12573099415204675,0.02284356725146199,0.08617234468937876,0.21108884435537742,0.3208269525267994,0.05543358946212953,3.49,1.2837622409473923,2.5599214145383105,8.01207014347529,3.1298109769984057,8.424049191528125,0.8670006832156684,0.006172839506172839,0.06790123456790123,0.25925925925925924,0.983,0.6419753086419753,0.9753086419753086
989,1966,HOU,HOU,4.124935732647815,0,0,0,0,1,0,0,0,0,0,0,0,0,0,1,0,0,0,0,653,632,5489,1441,222,41,110,471,864.0,108,557,36,18,18,4350,1396,84,601,738,108,161.0,162.0,4.030864197530864,3.9012345679012346,0.12962962962962962,0.5149501811185818,0.9771944240555316,0.9457685696831486,0.0314258543723831,0.2625250501002004,0.3208053691275168,0.3780287848424121,0.6988341539699289,0.1155037347422117,0.02004008016032064,0.07902684563758389,0.14496644295302014,0.2588480222068008,0.056485355648535567,3.46,1.3772413793103448,1.2279534109816972,4.580689655172414,3.7303448275862072,8.664827586206895,0.5213793103448277,0.2222222222222222,0.1111111111111111,0.1111111111111111,0.983,0.6666666666666666,0.9938271604938271
1654,1949,PHI,PHI,4.460518198642813,0,0,0,1,0,0,0,0,0,0,0,0,0,1,0,0,0,0,0,705,759,5420,1410,199,39,142,531,923.0,79,678,43,7,24,4278,1469,155,574,863,138,167.0,161.0,4.37888198757764,4.714285714285714,-0.33540372670807456,0.4662859158095802,0.9816980432699474,1.0568919359459434,-0.07519389267599598,0.26014760147601473,0.32616366997143337,0.38985239852398523,0.7160160684954187,0.1297047970479705,0.026199261992619925,0.08922870105864561,0.1550999831961015,0.2695035460992908,0.04070066975785677,4.28,1.432678821879383,1.5034843205574913,5.4467040673211775,3.6227208976157086,9.271388499298737,0.9782608695652174,0.2670807453416149,0.043478260869565216,0.14906832298136646,0.977,0.8571428571428571,1.0372670807453417
839,2001,COL,COL,4.612962962962963,0,0,0,0,0,0,1,0,0,0,0,0,0,0,0,0,0,1,0,804,715,5398,1408,300,50,190,660,1277.0,106,675,5,7,45,4315,1427,141,528,1154,87,146.0,162.0,4.962962962962963,4.41358024691358,0.5493827160493827,0.5534671941177376,1.0758731433159372,0.9567777331727552,0.11909541014318212,0.2608373471656169,0.34136678771871903,0.44053353093738423,0.7819003186561033,0.17969618377176733,0.035198221563542055,0.10894684714427204,0.21079564212611424,0.3835227272727273,0.05125725338491296,4.22,1.3592120509849364,2.1856060606060606,7.220857473928159,3.303823870220162,8.929084588644265,0.882271147161066,0.030864197530864196,0.043209876543209874,0.2777777777777778,0.986,0.5370370370370371,0.9012345679012346
125,1955,ML1,ATL,4.282591093117409,0,0,0,1,0,0,0,0,0,0,0,0,1,0,0,0,0,0,0,675,541,5225,1388,221,21,167,478,646.0,26,491,72,16,17,4128,1261,125,426,773,119,152.0,154.0,4.383116883116883,3.512987012987013,0.8701298701298701,0.5998804346620378,1.0234731235865666,0.8202947553486408,0.2031783682379258,0.2656459330143541,0.32719621251972647,0.411866028708134,0.7390622412278605,0.14622009569377992,0.031961722488038274,0.08381553568297387,0.11327371558828686,0.2946685878962536,0.013933547695605574,3.21,1.226017441860465,1.8145539906103287,5.055959302325582,2.7863372093023253,8.247819767441861,0.8175872093023255,0.4675324675324675,0.1038961038961039,0.11038961038961038,0.98,0.7727272727272727,0.987012987012987
1939,1930,NY1,SFG,4.607258064516129,0,0,0,1,0,0,0,0,0,0,0,1,0,0,0,0,0,0,0,736,693,5308,1383,203,52,147,613,523.0,43,583,68,10,9,4122,1328,132,544,516,163,134.0,156.0,4.717948717948718,4.4423076923076925,0.27564102564102566,0.527513733394529,1.0240252774823053,0.9641977137163554,0.05982756376594991,0.2605501130369254,0.3371052187130552,0.40146948003014316,0.7385746987431984,0.14091936699321778,0.027694046721929162,0.10352980915385915,0.08832967404154704,0.29067245119305857,0.02154308617234469,3.82,1.3624454148471616,0.9485294117647058,3.3799126637554586,3.5633187772925763,8.698689956331878,0.8646288209606987,0.4358974358974359,0.0641025641025641,0.057692307692307696,0.973,1.044871794871795,0.8589743589743589
186,1906,SLA,BAL,3.5475423045930703,1,0,0,0,0,0,0,0,1,0,0,0,0,0,0,0,0,0,0,441,575,4964,1151,116,45,10,331,855.0,136,433,105,21,4,4062,1287,16,383,620,267,107.0,154.0,2.8636363636363638,3.7337662337662336,-0.8701298701298701,0.3809435995214432,0.8072169738268545,1.0524937867356947,-0.24527681290884015,0.23186946011281226,0.2798866855524079,0.27941176470588236,0.5592984502582903,0.0475423045930701,0.00201450443190975,0.06251180358829084,0.16147308781869688,0.14856646394439618,0.09176788124156546,2.88,1.2333825701624814,1.6187989556135771,4.121122599704579,2.545790251107829,8.554652880354505,0.10635155096011817,0.6818181818181818,0.13636363636363635,0.025974025974025976,0.958,1.7337662337662338,0.6948051948051948
1487,2000,NYA,NYY,4.384362139917696,0,0,0,0,0,0,0,1,0,0,0,0,0,0,0,0,0,0,1,859,693,5567,1485,275,32,201,662,1136.0,103,651,3,8,39,4327,1349,179,540,1154,69,161.0,162.0,5.302469135802469,4.277777777777778,1.0246913580246915,0.5969979976239076,1.209404918340529,0.9756898817345595,0.23371503660596957,0.26675049398239625,0.3446781184780864,0.43596191844799714,0.7806400369260835,0.1692114244656009,0.03610562241781929,0.10627709102584684,0.1823727725156526,0.3420875420875421,0.047973917093619006,4.06,1.3096833834065174,2.137037037037037,7.200831985209152,3.369540097064941,8.417610353593714,1.1169401432863417,0.018518518518518517,0.04938271604938271,0.24074074074074073,0.988,0.42592592592592593,0.9938271604938271
1357,1974,NYN,NYM,4.330955777460771,0,0,0,0,0,1,0,0,0,0,0,0,0,0,0,1,0,0,0,695,568,5549,1425,239,35,134,546,872.0,117,514,32,19,37,4464,1306,111,515,1039,115,138.0,162.0,4.290123456790123,3.506172839506173,0.7839506172839507,0.5912841392025698,0.9905719839294718,0.8095609883049496,0.1810109956245222,0.2568030275725356,0.32337981952420014,0.38493422238241126,0.7083140419066114,0.12813119480987567,0.02414849522436475,0.08958162428219853,0.14306808859721082,0.2863157894736842,0.0593607305936073,3.11,1.2237903225806452,2.0174757281553397,6.284274193548387,3.11491935483871,7.899193548387097,0.6713709677419355,0.19753086419753085,0.11728395061728394,0.22839506172839505,0.982,0.7098765432098766,0.8518518518518519
1466,1976,NYA,NYY,4.722802850356294,0,0,0,0,0,1,0,0,0,0,0,0,0,0,0,1,0,0,0,788,758,5511,1445,239,16,196,604,949.0,105,701,19,10,47,4338,1475,179,542,900,102,155.0,162.0,4.864197530864198,4.679012345679013,0.18518518518518517,0.5177502647220888,1.029938721769264,0.9907278567272868,0.039210865041977044,0.26220286699328615,0.33507767784137366,0.4180729450190528,0.7531506228604264,0.15587007802576663,0.03556523317002359,0.09877350776778414,0.15519215044971382,0.3121107266435986,0.05124450951683748,4.36,1.3948824343015214,1.6605166051660516,5.601659751037344,3.3734439834024896,9.180497925311203,1.1141078838174274,0.11728395061728394,0.06172839506172839,0.29012345679012347,0.983,0.6296296296296297,0.9567901234567902
600,2002,CHA,CHW,4.796791443850268,0,0,0,0,0,0,1,0,0,0,0,0,0,0,0,0,0,1,0,693,839,5441,1341,249,20,190,532,1149.0,78,763,9,9,42,4322,1556,174,499,1015,108,168.0,162.0,4.277777777777778,5.179012345679013,-0.9012345679012346,0.4134162027553625,0.8917998265824351,1.0796826183299613,-0.187882791747526,0.2464620474177541,0.31357776661644066,0.4043374379709612,0.7179152045874019,0.15787539055320712,0.03492005146112847,0.08906747028293989,0.19236564540431944,0.3422818791946309,0.04164442071542979,4.77,1.426422952336881,2.0340681362725452,6.3408144377602955,3.117306802406293,9.720499768625636,1.086996760758908,0.05555555555555555,0.05555555555555555,0.25925925925925924,0.982,0.6666666666666666,1.037037037037037
66,2010,ARI,ARI,4.384362139917696,0,0,0,0,0,0,0,1,0,0,0,0,0,0,0,0,0,0,1,713,836,5473,1366,301,34,180,589,1529.0,86,765,3,3,35,4296,1503,210,548,1070,102,152.0,162.0,4.401234567901234,5.160493827160494,-0.7592592592592593,0.42770047769735037,1.0038483198798571,1.1770227144734369,-0.17317439459357986,0.2495888909190572,0.32250082481029363,0.4156769596199525,0.7381777844302462,0.1660880687008953,0.03288872647542481,0.09716265258990432,0.25222698779280767,0.37701317715959004,0.043989769820971865,4.81,1.4322625698324023,1.9525547445255473,6.7248603351955305,3.4441340782122905,9.44622905027933,1.3198324022346368,0.018518518518518517,0.018518518518518517,0.21604938271604937,0.983,0.6296296296296297,0.9382716049382716
1176,2001,LAN,LAD,4.283244133388226,0,0,0,0,0,0,0,1,0,0,0,0,0,0,0,0,0,0,1,644,612,5436,1395,237,28,117,498,1087.0,126,563,7,17,40,4296,1287,132,507,1265,85,121.0,161.0,4.0,3.801242236024845,0.19875776397515527,0.5233002595865661,0.9338715878508266,0.8874680306905371,0.046403557160289516,0.25662251655629137,0.3190091001011122,0.37509197939661515,0.6941010794977274,0.11846946284032378,0.02152317880794702,0.0839231547017189,0.18318166498146277,0.2738351254480287,0.06656101426307448,3.54,1.2527932960893855,2.495069033530572,7.950418994413408,3.18645251396648,8.08868715083799,0.8296089385474861,0.043478260869565216,0.10559006211180125,0.2484472049689441,0.986,0.5279503105590062,0.7515527950310559
354,1969,BOS,BOS,3.686390532544378,0,0,0,0,1,0,0,0,0,0,0,0,0,0,1,0,0,0,0,640,620,5208,1289,229,34,124,522,858.0,66,533,48,20,25,4146,1309,101,512,918,130,141.0,155.0,4.129032258064516,4.0,0.12903225806451613,0.5145209449382206,1.1200745611764098,1.085072231139647,0.035002330036762806,0.24750384024577574,0.3160558464223386,0.3759600614439324,0.692015907866271,0.12845622119815667,0.023809523809523808,0.09109947643979058,0.14973821989528796,0.30023273855702093,0.036443953616786304,3.47,1.317655571635311,1.79296875,5.978292329956585,3.334298118668596,8.524602026049205,0.6577424023154849,0.3096774193548387,0.12903225806451613,0.16129032258064516,0.978,0.8387096774193549,0.9096774193548387
523,1920,CHA,CHW,5.128664495114006,0,1,0,0,0,0,0,0,0,1,0,0,0,0,0,0,0,0,0,811,770,5224,1482,299,59,38,662,405.0,129,660,71,12,13,4155,1579,69,489,374,198,162.0,154.0,5.266233766233766,5.0,0.2662337662337662,0.5237161644210655,1.0268236051024238,0.9749126706891077,0.051910934413316116,0.2836906584992343,0.36425416241930003,0.38533690658499237,0.7495910690042924,0.10164624808575806,0.007274119448698315,0.11247026843357119,0.06880733944954129,0.26720647773279355,0.060167910447761194,4.29,1.4931407942238266,0.7648261758691206,2.4303249097472923,3.177617328519856,10.260649819494585,0.4483754512635379,0.461038961038961,0.07792207792207792,0.08441558441558442,0.969,1.2857142857142858,1.051948051948052
2105,1986,SLN,STL,4.384362139917696,0,0,0,0,0,0,0,1,0,0,0,0,0,0,0,0,0,0,1,736,641,5542,1456,285,18,150,541,1027.0,79,577,7,16,32,4361,1412,133,477,1094,99,172.0,162.0,4.54320987654321,3.95679012345679,0.5864197530864198,0.5628919347995567,1.0362305237469491,0.9024779425567859,0.1337525811901633,0.2627210393359798,0.32829196120335363,0.401840490797546,0.7301324520008996,0.13911945146156623,0.027066041140382534,0.08893638007562059,0.16883116883116883,0.31112637362637363,0.039559339008512766,3.57,1.299472598027975,2.293501048218029,6.773217152029351,2.9532217381334553,8.74203164411832,0.8234349919743178,0.043209876543209874,0.09876543209876543,0.19753086419753085,0.984,0.6111111111111112,1.0617283950617284
1490,2003,NYA,NYY,4.165981077745784,0,0,0,0,0,0,0,1,0,0,0,0,0,0,0,0,0,0,1,650,671,5449,1321,247,24,144,466,1214.0,115,633,7,10,49,4342,1452,171,437,1233,69,139.0,162.0,4.012345679012346,4.1419753086419755,-0.12962962962962962,0.48545707897726387,0.9631214362556416,0.9942376672731317,-0.03111623101748996,0.24242980363369426,0.3021132713440406,0.3758487795925858,0.6779620509366264,0.13341897595889152,0.02642686731510369,0.07878275570583262,0.20524091293322064,0.3141559424678274,0.06435366536094013,3.94,1.305158912943344,2.8215102974828374,7.667204053431599,2.7174113311837864,9.02901888530631,1.0633348687240902,0.043209876543209874,0.06172839506172839,0.30246913580246915,0.988,0.42592592592592593,0.8580246913580247
1672,1967,PHI,PHI,4.2881235154394295,0,0,0,0,0,1,0,0,0,0,0,0,0,0,0,1,0,0,0,728,639,5625,1517,272,54,117,472,708.0,140,564,25,8,40,4440,1419,87,530,889,136,136.0,162.0,4.493827160493828,3.9444444444444446,0.5493827160493827,0.5593749633310996,1.0479705503616583,0.919853271539972,0.12811727882168622,0.26968888888888887,0.326226012793177,0.39964444444444447,0.7258704572376214,0.1299555555555556,0.0208,0.0774151221912416,0.11612268328686239,0.2920237310481213,0.07038712921065862,3.43,1.316891891891892,1.6773584905660377,5.406081081081082,3.222972972972973,8.629054054054054,0.529054054054054,0.15432098765432098,0.04938271604938271,0.24691358024691357,0.979,0.8395061728395061,0.8395061728395061
1103,1925,BRO,LAD,4.86468952734013,0,1,0,0,0,0,0,0,0,0,1,0,0,0,0,0,0,0,0,711,767,5410,1496,235,62,59,430,520.0,60,637,62,11,20,4074,1519,88,436,480,188,146.0,154.0,4.616883116883117,4.98051948051948,-0.36363636363636365,0.46537045549935135,0.9490601796755349,1.023810348538868,-0.07475016886333327,0.2765249537892791,0.3297945205479452,0.3756007393715342,0.7053952599194795,0.0990757855822551,0.010905730129390018,0.07363013698630137,0.08904109589041095,0.23796791443850268,0.03115264797507788,4.22,1.4396170839469808,1.1009174311926606,3.1811487481590577,2.8895434462444776,10.06701030927835,0.5832106038291606,0.4025974025974026,0.07142857142857142,0.12987012987012986,0.969,1.2207792207792207,0.948051948051948
50,2013,LAA,ANA,4.165981077745784,0,0,0,0,0,0,0,1,0,0,0,0,0,0,0,0,0,0,1,733,737,5588,1476,270,39,164,523,1221.0,82,685,4,12,41,4373,1475,167,533,1200,112,135.0,162.0,4.5246913580246915,4.549382716049383,-0.024691358024691357,0.49751021851574095,1.0861046350390544,1.0920315361852428,-0.005926901146188564,0.2641374373657838,0.32711503845524464,0.41445955619183966,0.7415745946470843,0.15032211882605584,0.02934860415175376,0.08558337424316806,0.19980363279332353,0.32046070460704607,0.04102051025512756,4.23,1.377544020123485,2.25140712945591,7.409101303453006,3.2908758289503774,9.107020352160989,1.0310999313972102,0.024691358024691357,0.07407407407407407,0.25308641975308643,0.981,0.691358024691358,0.8333333333333334
974,2006,FLO,FLA,4.0660493827160495,0,0,0,0,0,0,0,1,0,0,0,0,0,0,0,0,0,0,1,645,674,5538,1399,254,36,122,501,1419.0,58,613,3,16,42,4373,1481,114,458,1190,97,154.0,162.0,3.9814814814814814,4.160493827160494,-0.17901234567901234,0.47989009820589845,0.9792014574161226,1.023227569454987,-0.044026112038864425,0.2526182737450343,0.3146216260970359,0.37757313109425783,0.6921947571912938,0.12495485734922351,0.022029613578909354,0.08296075509190264,0.23497267759562843,0.2944960686204432,0.030526315789473683,3.78,1.330208095129202,2.5982532751091703,7.347358792590898,2.827806997484564,9.144065858678253,0.7038646238280356,0.018518518518518517,0.09876543209876543,0.25925925925925924,0.984,0.5987654320987654,0.9506172839506173
1647,1942,PHI,PHI,4.485008103727715,0,0,0,1,0,0,0,0,0,0,0,0,1,0,0,0,0,0,0,675,666,5092,1300,214,50,132,652,673.0,44,592,58,11,21,4068,1291,161,477,657,110,117.0,154.0,4.383116883116883,4.324675324675325,0.05844155844155844,0.5061407230309066,0.9772818201763905,0.9642513959073721,0.01303042426901854,0.25530243519245877,0.3398328690807799,0.39473684210526316,0.7345697111860431,0.1394344069128044,0.025923016496465043,0.11350974930362116,0.11716573816155988,0.3046153846153846,0.022540983606557378,3.93,1.303834808259587,1.3773584905660377,4.360619469026548,3.165929203539823,8.56858407079646,1.0685840707964602,0.37662337662337664,0.07142857142857142,0.13636363636363635,0.981,0.7142857142857143,0.7597402597402597
1526,1929,PHA,OAK,4.679611650485437,0,1,0,0,0,0,0,0,0,0,0,1,0,0,0,0,0,0,0,703,932,5304,1391,242,53,105,556,656.0,48,780,72,4,12,4035,1543,135,534,488,238,131.0,154.0,4.564935064935065,6.0519480519480515,-1.4870129870129871,0.3737843113546272,0.9754944225898583,1.2932586086113056,-0.31776418602144746,0.2622549019607843,0.33225255972696244,0.3872549019607843,0.7195074616877468,0.125,0.019796380090497737,0.09488054607508532,0.11194539249146758,0.2875629043853343,0.02465331278890601,5.22,1.5442379182156134,0.9138576779026217,3.2654275092936804,3.573234200743494,10.324907063197026,0.9033457249070632,0.4675324675324675,0.025974025974025976,0.07792207792207792,0.96,1.5454545454545454,0.8506493506493507
220,1942,SLA,BAL,4.206225680933852,0,0,1,0,0,0,0,0,0,0,0,1,0,0,0,0,0,0,0,597,548,5227,1302,215,37,63,500,555.0,25,482,91,10,8,4146,1307,59,506,570,143,123.0,154.0,3.8766233766233764,3.5584415584415585,0.3181818181818182,0.5391011329445488,0.9216394151639294,0.8459939690281966,0.0756454461357329,0.24909125693514444,0.3146499039636808,0.34053950640903,0.6551894103727108,0.09144824947388558,0.012052802754926343,0.08730574471800244,0.09690937663698271,0.24193548387096775,0.013873473917869035,3.14,1.3118668596237337,1.1264822134387351,3.7120115774240228,3.295224312590449,8.511577424023155,0.38422575976845147,0.5909090909090909,0.06493506493506493,0.05194805194805195,0.976,0.9285714285714286,0.7987012987012987
1967,1958,SFN,SFG,4.470518307180218,0,0,0,0,0,1,0,0,0,0,0,0,0,0,1,0,0,0,0,673,711,5497,1392,227,41,134,568,842.0,90,608,27,10,33,4377,1501,114,529,854,178,136.0,162.0,4.154320987654321,4.388888888888889,-0.2345679012345679,0.47489198819721434,0.9292705458742795,0.9817405024020991,-0.05246995652781963,0.25322903401855557,0.3231657048639736,0.3825723121702747,0.7057380170342483,0.12934327815171914,0.024376932872475898,0.09365210222588623,0.13882934872217642,0.28879310344827586,0.04591836734693878,3.75,1.391363947909527,1.614366729678639,5.267991775188485,3.2631939684715556,9.259081562714188,0.7032213845099383,0.16666666666666666,0.06172839506172839,0.2037037037037037,0.972,1.0987654320987654,0.8395061728395061
747,1927,CLE,CLE,4.86468952734013,0,1,0,0,0,0,0,0,0,0,1,0,0,0,0,0,0,0,0,776,739,5534,1573,324,77,93,460,567.0,63,644,67,12,21,4188,1527,68,457,498,174,147.0,156.0,4.9743589743589745,4.737179487179487,0.23717948717948717,0.5223361033132377,1.0225439766304691,0.9737886581571092,0.04875531847336,0.2842428623057463,0.3391725058391725,0.42103361040838455,0.7602061162475571,0.13679074810263825,0.016805204192265992,0.07674341007674342,0.0945945945945946,0.3140495867768595,0.030988686669945892,4.15,1.4212034383954155,1.0897155361050328,3.2106017191977076,2.946275071633238,9.8445558739255,0.4383954154727794,0.42948717948717946,0.07692307692307693,0.1346153846153846,0.972,1.1153846153846154,0.9423076923076923
24,1985,CAL,ANA,4.330955777460771,0,0,0,0,0,1,0,0,0,0,0,0,0,0,0,1,0,0,0,732,703,5442,1364,215,31,153,648,902.0,106,633,22,8,41,4371,1453,171,514,767,112,202.0,162.0,4.518518518518518,4.339506172839506,0.17901234567901234,0.5184853780550939,1.0433074708437025,1.0019742513703866,0.041333219473316085,0.25064314590224185,0.3303776683087028,0.38588754134509373,0.7162652096537965,0.13524439544285188,0.028114663726571114,0.10640394088669951,0.14811165845648605,0.2925219941348974,0.05268389662027833,3.91,1.3500343170899107,1.4922178988326849,4.737817433081674,3.1750171585449554,8.975291695264241,1.0562800274536719,0.13580246913580246,0.04938271604938271,0.25308641975308643,0.982,0.691358024691358,1.2469135802469136
1178,2003,LAN,LAD,4.165981077745784,0,0,0,0,0,0,0,1,0,0,0,0,0,0,0,0,0,0,1,649,582,5491,1447,281,17,138,476,1146.0,78,524,7,22,46,4351,1321,127,460,1292,109,160.0,162.0,4.006172839506172,3.5925925925925926,0.41358024691358025,0.5496857186369491,0.9616397109690944,0.862364116770436,0.09927559419865845,0.2635221271171007,0.322272498743087,0.39628482972136225,0.7185573284644493,0.13276270260426154,0.025132034237843746,0.07977207977207977,0.19205630970336854,0.3013130615065653,0.0405616224648986,3.25,1.2279935646977707,2.8086956521739133,8.017467248908298,2.8545162031716846,8.197425879108252,0.7880946908756609,0.043209876543209874,0.13580246913580246,0.2839506172839506,0.982,0.6728395061728395,0.9876543209876543
213,1935,SLA,BAL,4.902046147148455,0,1,0,0,0,0,0,0,0,0,1,0,0,0,0,0,0,0,0,755,962,5333,1498,273,36,92,590,528.0,51,866,71,3,7,4032,1584,132,737,632,145,163.0,156.0,4.839743589743589,6.166666666666667,-1.3269230769230769,0.39093041054229793,0.9872904996128796,1.2579780935464773,-0.2706875939335975,0.28089255578473654,0.3525240587540098,0.39733733358334894,0.7498613923373587,0.1164447777986124,0.017251078192387023,0.09961168326861387,0.08914401485733581,0.2676902536715621,0.02442528735632184,5.8,1.7269345238095237,0.8575305291723202,4.232142857142857,4.935267857142857,10.607142857142858,0.8839285714285714,0.4551282051282051,0.019230769230769232,0.04487179487179487,0.975,0.9294871794871795,1.044871794871795
1761,1945,PIT,PIT,4.525174825174825,0,0,0,1,0,0,0,0,0,0,0,0,0,1,0,0,0,0,0,694,675,5311,1448,232,57,128,428,721.0,26,593,34,9,29,4086,1442,121,400,759,150,189.0,154.0,4.5064935064935066,4.383116883116883,0.12337662337662338,0.512697135471487,0.9958716912819834,0.9686071925293065,0.027264498752676777,0.2726416870645829,0.32688621711099497,0.4100922613443796,0.7369784784553746,0.13745057427979668,0.024100922613443796,0.07457745251786026,0.12563164314340478,0.2879834254143646,0.013859275053304905,3.92,1.3524229074889869,1.8975,5.015418502202643,2.643171806167401,9.52863436123348,0.7995594713656388,0.22077922077922077,0.05844155844155844,0.18831168831168832,0.975,0.974025974025974,1.2272727272727273
2150,2014,TBA,TBD,4.2881235154394295,0,0,0,0,0,1,0,0,0,0,0,0,0,0,0,1,0,0,0,756,752,5690,1616,263,27,124,480,589.0,91,648,35,6,25,4353,1561,119,519,890,147,169.0,163.0,4.638036809815951,4.613496932515337,0.024539877300613498,0.5024270423327131,1.0816005633038916,1.0758778090006964,0.005722754303195194,0.2840070298769772,0.33970826580226904,0.40509666080843587,0.7448049266107049,0.12108963093145869,0.02179261862917399,0.07779578606158834,0.09546191247974069,0.2561881188118812,0.04341603053435115,4.02,1.4334941419710545,1.7148362235067438,5.520330806340455,3.219159200551344,9.682288077188145,0.7381116471399035,0.2147239263803681,0.03680981595092025,0.15337423312883436,0.977,0.901840490797546,1.0368098159509203
1381,2001,NYN,NYM,4.283244133388226,0,0,0,0,0,0,0,1,0,0,0,0,0,0,0,0,0,0,1,718,742,5600,1477,309,39,108,571,1085.0,130,674,6,9,43,4344,1482,147,514,1126,116,126.0,162.0,4.432098765432099,4.580246913580247,-0.14814814814814814,0.4849620857620795,1.0347527778964407,1.0693406144835083,-0.03458783658706765,0.26375,0.3318748987198185,0.39071428571428574,0.7225891844341042,0.12696428571428575,0.019285714285714285,0.09252957381299627,0.17582239507373199,0.3087339201083277,0.0634765625,4.19,1.3784530386740332,2.190661478599222,6.998618784530387,3.1947513812154695,9.21132596685083,0.9136740331491713,0.037037037037037035,0.05555555555555555,0.2654320987654321,0.981,0.7160493827160493,0.7777777777777778
479,1985,CHN,CHC,4.256294536817102,0,0,0,0,0,1,0,0,0,0,0,0,0,0,0,0,1,0,0,690,774,5600,1474,240,36,136,406,869.0,151,695,13,7,42,4326,1510,121,572,877,122,136.0,162.0,4.2592592592592595,4.777777777777778,-0.5185185185185185,0.44763499662963857,1.0006965501133702,1.1225204779532587,-0.12182392783988855,0.26321428571428573,0.313020313020313,0.3917857142857143,0.7048060273060273,0.12857142857142856,0.024285714285714285,0.0675990675990676,0.1446886446886447,0.27951153324287653,0.08031914893617022,4.34,1.4438280166435506,1.5332167832167831,5.473647711511789,3.57004160887656,9.424410540915396,0.7552011095700416,0.08024691358024691,0.043209876543209874,0.25925925925925924,0.98,0.7530864197530864,0.8395061728395061
2166,1974,TEX,TEX,5.0846375617792425,0,0,0,0,0,0,1,0,0,0,0,0,0,0,0,0,1,0,0,945,859,5651,1653,304,29,230,611,937.0,111,809,6,9,47,4306,1626,186,509,979,119,167.0,162.0,5.833333333333333,5.302469135802469,0.5308641975308642,0.5435422483569213,1.1472466350762085,1.0428411211962574,0.10440551387995126,0.29251459918598477,0.3615458320025551,0.47867634047071317,0.8402221724732682,0.1861617412847284,0.04070076092726951,0.09757266049185563,0.14963270520600447,0.34059286146400486,0.04902826855123675,5.07,1.4874593590339062,1.9233791748526523,6.138643752902926,3.1915931258708783,10.195541105434279,1.1662796098467254,0.037037037037037035,0.05555555555555555,0.29012345679012347,0.981,0.7345679012345679,1.0308641975308641
1388,2008,NYN,NYM,3.896523848019402,1,0,0,0,0,0,0,0,1,0,0,0,0,0,0,0,0,0,0,586,622,4957,1228,163,61,23,360,855.0,200,440,88,16,4,4059,1235,26,396,642,293,88.0,152.0,3.8552631578947367,4.092105263157895,-0.23684210526315788,0.4727507370626651,0.9894108975758898,1.0501938196112688,-0.0607829220353789,0.24773048214645954,0.29866466052285123,0.3191446439378656,0.6178093044607169,0.07141416179140608,0.004639903167238249,0.06770735377092345,0.1608049652059432,0.2011400651465798,0.12594458438287154,2.93,1.205469327420547,1.621212121212121,4.270509977827051,2.6341463414634143,8.215077605321508,0.17294900221729492,0.5789473684210527,0.10526315789473684,0.02631578947368421,0.952,1.9276315789473684,0.5789473684210527
1747,1931,PIT,PIT,4.3551890587288815,0,0,0,1,0,0,0,0,0,0,0,1,0,0,0,0,0,0,0,744,817,5307,1385,216,44,156,607,687.0,30,714,44,9,13,4122,1488,155,592,530,149,131.0,156.0,4.769230769230769,5.237179487179487,-0.46794871794871795,0.4572832730759034,1.0950685963154791,1.202514842996971,-0.10744624668149191,0.260976069342378,0.336827866080487,0.40644431882419446,0.7432721849046815,0.14546824948181647,0.029395138496325607,0.10263780858978695,0.1161650321271559,0.3003610108303249,0.015060240963855422,4.68,1.5138282387190685,0.8952702702702703,3.4716157205240172,3.8777292576419216,9.746724890829695,1.0152838427947597,0.28205128205128205,0.057692307692307696,0.08333333333333333,0.975,0.9551282051282052,0.8397435897435898
643,1931,CIN,CIN,4.823720552396425,0,1,0,0,0,0,0,0,0,0,1,0,0,0,0,0,0,0,0,767,595,5378,1493,269,60,98,500,538.0,46,510,86,13,9,4209,1340,81,499,637,159,170.0,156.0,4.916666666666667,3.8141025641025643,1.1025641025641026,0.6141246366423663,1.019268552823622,0.7906972476271905,0.22857130519643154,0.27761249535143173,0.3390609050697516,0.4046113796950539,0.7436722847648055,0.12699888434362216,0.01822238750464857,0.08506294658046955,0.09152773052058523,0.28600133958472873,0.02308078273958856,3.27,1.3107626514611546,1.276553106212425,4.0862437633642195,3.200997861724875,8.595866001425517,0.5196008553100498,0.5512820512820513,0.08333333333333333,0.057692307692307696,0.974,1.0192307692307692,1.0897435897435896
483,1989,CHN,CHC,5.0355094838994265,0,0,0,0,0,0,1,0,0,0,0,0,0,0,0,0,1,0,0,772,771,5531,1388,267,19,175,523,1090.0,108,705,10,11,34,4368,1447,184,546,1027,104,147.0,162.0,4.765432098765432,4.7592592592592595,0.006172839506172839,0.5005930004530739,0.9463654301520944,0.945139568195939,0.0012258619561555627,0.25094919544386185,0.31565906838453917,0.40101247514011934,0.7166715435246584,0.1500632796962575,0.031639848128728984,0.08638916418896597,0.1800462504129501,0.33213256484149856,0.0565149136577708,4.36,1.3688186813186813,1.880952380952381,6.3482142857142865,3.375,8.944368131868131,1.1373626373626373,0.06172839506172839,0.06790123456790123,0.20987654320987653,0.983,0.6419753086419753,0.9074074074074074
2141,2005,TBA,TBD,3.8888028895768834,0,0,0,0,1,0,0,0,0,0,0,0,0,0,1,0,0,0,0,537,660,5290,1219,189,30,86,575,956.0,68,583,30,10,26,4254,1376,132,554,762,141,170.0,159.0,3.3773584905660377,4.150943396226415,-0.7735849056603774,0.4067487365500037,0.8684828175833584,1.0674090495437925,-0.19892623196043407,0.23043478260869565,0.3058823529411765,0.3262759924385633,0.6321583453797398,0.09584120982986766,0.01625708884688091,0.09803921568627451,0.163000852514919,0.2502050861361772,0.0379041248606466,3.7,1.3610719322990128,1.3754512635379061,4.83638928067701,3.516220028208745,8.73342736248237,0.8377997179125528,0.18867924528301888,0.06289308176100629,0.16352201257861634,0.977,0.8867924528301887,1.069182389937107
1001,1978,HOU,HOU,4.722802850356294,0,0,0,0,0,1,0,0,0,0,0,0,0,0,0,1,0,0,0,648,678,5485,1386,238,28,122,526,936.0,162,615,13,13,33,4323,1363,141,525,1137,115,113.0,162.0,4.0,4.185185185185185,-0.18518518518518517,0.47930693594490564,0.8469546849067042,0.8861655499486812,-0.039210865041977044,0.25268915223336375,0.31808351355847614,0.37301731996353693,0.691100833522013,0.12032816773017319,0.022242479489516864,0.08750623856263517,0.15571452337381467,0.27994227994227994,0.08472803347280335,3.84,1.3102012491325468,2.165714285714286,7.101318528799445,3.278972935461485,8.512838306731437,0.8806384455239418,0.08024691358024691,0.08024691358024691,0.2037037037037037,0.981,0.7098765432098766,0.6975308641975309
361,1976,BOS,BOS,4.457598856598381,0,0,0,0,0,1,0,0,0,0,0,0,0,0,1,0,0,0,0,841,711,5538,1567,310,34,194,512,708.0,60,641,47,11,29,4293,1487,133,463,731,142,166.0,160.0,5.25625,4.44375,0.8125,0.5762241784949999,1.1791662213434508,0.9968932025864371,0.18227301875701382,0.2829541350668111,0.34363636363636363,0.45630191404839293,0.7999382776847566,0.17334777898158182,0.03503069700252799,0.08462809917355373,0.11702479338842975,0.3433312061263561,0.02886002886002886,4.03,1.3626834381551363,1.5788336933045357,4.59748427672956,2.911949685534591,9.352201257861637,0.8364779874213837,0.29375,0.06875,0.18125,0.977,0.8875,1.0375
1015,1993,HOU,HOU,4.72798353909465,0,0,0,0,0,0,1,0,0,0,0,0,0,0,0,0,0,1,0,805,677,5583,1466,308,30,191,557,1021.0,66,622,1,5,50,4350,1350,161,565,1139,95,149.0,162.0,4.969135802469136,4.179012345679013,0.7901234567901234,0.5785692895967862,1.051005309426408,0.8838889372443208,0.16711637218208722,0.2625828407666129,0.32947882736156353,0.431130216729357,0.7606090440909206,0.16854737596274405,0.03421099767150278,0.09071661237785016,0.16628664495114007,0.3608458390177353,0.03262481463173505,3.86,1.3206896551724139,2.015929203539823,7.069655172413793,3.5068965517241377,8.379310344827585,0.9993103448275862,0.006172839506172839,0.030864197530864196,0.30864197530864196,0.985,0.5864197530864198,0.9197530864197531
352,1967,BOS,BOS,4.341563786008231,0,0,0,0,1,0,0,0,0,0,0,0,0,0,1,0,0,0,0,786,722,5535,1450,252,28,203,594,855.0,50,622,38,8,44,4338,1391,156,594,1003,156,131.0,162.0,4.851851851851852,4.45679012345679,0.3950617283950617,0.5387781994558809,1.1175355450236966,1.0265402843601896,0.09099526066350709,0.26196928635953026,0.33349649208680043,0.4276422764227642,0.7611387685095646,0.16567299006323394,0.03667570009033424,0.09691629955947137,0.1395007342143906,0.3331034482758621,0.02446183953033268,3.87,1.3727524204702628,1.6885521885521886,6.242738589211618,3.697095435684647,8.657676348547717,0.9709543568464731,0.2345679012345679,0.04938271604938271,0.2716049382716049,0.974,0.9629629629629629,0.808641975308642
1182,2007,LAN,LAD,4.07245632065776,0,0,0,0,1,0,0,0,0,0,0,0,0,1,0,0,0,0,0,639,799,5444,1276,179,27,125,626,1015.0,167,707,21,6,33,4389,1490,172,653,963,167,149.0,163.0,3.920245398773006,4.901840490797546,-0.9815950920245399,0.3991698230201106,0.9626242960267848,1.2036569836078264,-0.24103268758104157,0.23438648052902278,0.31334431630971993,0.346069066862601,0.659413383172321,0.11168258633357825,0.02296105804555474,0.10313014827018122,0.1672158154859967,0.25940438871473354,0.08780231335436382,4.35,1.4647983595352017,1.4747320061255742,5.924128503075871,4.017088174982912,9.166097060833902,1.0580997949419002,0.12883435582822086,0.03680981595092025,0.20245398773006135,0.974,1.0245398773006136,0.9141104294478528
1899,2004,SEA,SEA,3.533016832110488,1,0,0,0,0,0,0,0,1,0,0,0,0,0,0,0,0,0,0,574,510,4874,1222,160,48,23,516,855.0,205,373,109,22,13,4113,1219,25,369,655,230,75.0,155.0,3.703225806451613,3.2903225806451615,0.4129032258064516,0.5538750789453859,1.0481766666929375,0.9313067944484288,0.1168698722445087,0.25071809601969636,0.3224489795918367,0.3173984407057858,0.6398474202976225,0.06668034468608947,0.004718916700861715,0.09573283858998145,0.15862708719851576,0.1890343698854337,0.11795166858457998,2.45,1.1582786287381472,1.7750677506775068,4.299781181619256,2.422319474835886,8.002188183807439,0.16411378555798686,0.7032258064516129,0.14193548387096774,0.08387096774193549,0.963,1.4838709677419355,0.4838709677419355
211,1933,SLA,BAL,5.188206785137318,0,1,0,0,0,0,0,0,0,0,1,0,0,0,0,0,0,0,0,804,1064,5391,1502,299,66,79,625,627.0,62,935,54,3,13,4044,1776,115,609,399,188,143.0,155.0,5.187096774193549,6.864516129032258,-1.6774193548387097,0.3745490212396226,0.9997860511367918,1.32309994827058,-0.3233138971337884,0.2786125023186793,0.35355718085106386,0.40252272305694675,0.7560799039080106,0.12391022073826746,0.014654053051381934,0.10388962765957446,0.10422207446808511,0.2956058588548602,0.02914903620122238,6.24,1.7692878338278932,0.6551724137931034,2.663946587537092,4.066023738872404,11.857566765578635,0.7678041543026707,0.34838709677419355,0.01935483870967742,0.08387096774193549,0.969,1.2129032258064516,0.9225806451612903
2139,2003,TBA,TBD,4.07245632065776,0,0,0,0,1,0,0,0,0,0,0,0,0,1,0,0,0,0,0,694,644,5447,1365,171,40,148,630,900.0,52,561,28,10,41,4341,1310,135,656,835,140,159.0,162.0,4.283950617283951,3.9753086419753085,0.30864197530864196,0.5341554779373774,1.0519328581999454,0.9761451883008139,0.07578766989913151,0.25059665871121717,0.32828698370906695,0.37818982926381495,0.7064768129728819,0.12759317055259778,0.027170919772351754,0.10366957380286325,0.1480993911469475,0.263003663003663,0.02606516290726817,3.49,1.3586731167933657,1.2728658536585367,5.193503800967519,4.08016586040083,8.14789219073946,0.8396682791983414,0.1728395061728395,0.06172839506172839,0.25308641975308643,0.978,0.8641975308641975,0.9814814814814815
300,1912,BOS,BOS,3.792771084337349,1,0,0,0,0,0,0,0,1,0,0,0,0,0,0,0,0,0,0,669,499,5024,1308,202,76,14,527,476.0,118,371,81,19,15,4191,1164,18,446,634,226,95.0,155.0,4.316129032258065,3.2193548387096773,1.096774193548387,0.6310015032791882,1.1379882772472028,0.8488133786941018,0.2891748985531008,0.2603503184713376,0.3305710682759863,0.339171974522293,0.6697430427982793,0.07882165605095537,0.002786624203821656,0.09493784903620969,0.08575031525851198,0.22324159021406728,0.06430517711171663,2.39,1.152469577666428,1.4215246636771302,4.0844667143879745,2.8732999284180387,7.498926270579814,0.11596277738010022,0.5225806451612903,0.12258064516129032,0.0967741935483871,0.964,1.4580645161290322,0.6129032258064516
307,1921,BOS,BOS,4.761169780666125,0,1,0,0,0,0,0,0,0,1,0,0,0,0,0,0,0,0,0,737,806,5340,1481,302,63,30,603,417.0,79,672,73,8,16,4173,1563,43,523,414,207,124.0,157.0,4.694267515923567,5.13375796178344,-0.4394904458598726,0.45914692465115275,0.9859483555881097,1.0782555964776341,-0.09230724088952451,0.27734082397003745,0.3506646474844355,0.3743445692883895,0.725009216772825,0.09700374531835204,0.0056179775280898875,0.10146390711761737,0.07016658253407371,0.2667116812964213,0.03790786948176583,4.35,1.4996405463695184,0.7915869980879541,2.678648454349389,3.383896477354421,10.112868439971244,0.2782171099928109,0.46496815286624205,0.050955414012738856,0.10191082802547771,0.967,1.3184713375796178,0.7898089171974523
2027,1905,SLN,STL,5.185923515052888,0,1,0,0,0,0,0,0,0,1,0,0,0,0,0,0,0,0,0,831,806,5364,1569,310,84,100,490,455.0,72,704,83,6,8,4077,1604,101,474,453,174,149.0,154.0,5.396103896103896,5.233766233766234,0.16233766233766234,0.5139711811260915,1.040529016758718,1.009225496398949,0.03130352035976889,0.2925055928411633,0.351725316023232,0.4375466070096943,0.7892719230329263,0.145041014168531,0.018642803877703208,0.08370345063204647,0.07772463272975744,0.3148502230720204,0.034968431277319086,4.66,1.5290654893303899,0.9556962025316456,3.0,3.1390728476821192,10.62251655629139,0.6688741721854304,0.538961038961039,0.03896103896103896,0.05194805194805195,0.971,1.12987012987013,0.9675324675324676
799,1980,CLE,CLE,4.132241215574549,0,0,0,0,0,1,0,0,0,0,0,0,0,0,0,1,0,0,0,604,654,5463,1340,221,26,127,499,934.0,74,589,23,13,38,4359,1423,107,452,844,118,126.0,162.0,3.728395061728395,4.037037037037037,-0.30864197530864196,0.4636776792551658,0.9022694627980465,0.9769606434932491,-0.07469118069520253,0.24528647263408385,0.30845353908084533,0.36500091524803224,0.6734544543288776,0.1197144426139484,0.02324730001830496,0.08369674605836967,0.15665883931566588,0.2791044776119403,0.04023926046764546,3.65,1.2904335856847902,1.8672566371681416,5.227804542326222,2.7997247075017206,8.81417756366139,0.6627666896077082,0.1419753086419753,0.08024691358024691,0.2345679012345679,0.981,0.7283950617283951,0.7777777777777778
536,1933,CHA,CHW,4.823720552396425,0,1,0,0,0,0,0,0,0,0,1,0,0,0,0,0,0,0,0,755,737,5279,1451,220,56,64,579,502.0,113,659,62,5,21,4131,1470,99,454,535,167,140.0,155.0,4.870967741935484,4.754838709677419,0.11612903225806452,0.5110376161451785,1.009794760916568,0.9857201838351135,0.024074577081454603,0.2748626633832165,0.3465346534653465,0.3741238870998295,0.720658540565176,0.099261223716613,0.012123508240197006,0.09883919426425401,0.08569477637418914,0.2343211578221916,0.05566502463054187,4.31,1.3972403776325344,1.1784140969162995,3.496732026143791,2.9673202614379086,9.607843137254902,0.6470588235294117,0.4,0.03225806451612903,0.13548387096774195,0.972,1.0774193548387097,0.9032258064516129
1026,2006,HOU,HOU,4.0660493827160495,0,0,0,0,0,0,0,1,0,0,0,0,0,0,0,0,0,0,1,629,723,5447,1317,240,19,163,495,1442.0,122,657,7,3,31,4316,1437,139,484,1137,106,151.0,162.0,3.882716049382716,4.462962962962963,-0.5802469135802469,0.43662305699983106,0.954911188705025,1.0976165173827235,-0.1427053286776985,0.24178446851477878,0.3049478290138001,0.38259592436203416,0.6875437533758342,0.14081145584725538,0.029924729208738756,0.08330528441602154,0.24267923258162236,0.3204252088078967,0.0673289183222958,4.11,1.3352641334569044,2.3491735537190084,7.112835959221501,3.027803521779425,8.989573679332715,0.8695551436515291,0.043209876543209874,0.018518518518518517,0.19135802469135801,0.983,0.654320987654321,0.9320987654320988
221,1943,SLA,BAL,4.006843800322061,0,0,0,1,0,0,0,0,0,0,0,1,0,0,0,0,0,0,0,621,710,5373,1350,220,46,84,465,713.0,23,607,63,13,12,4146,1465,73,573,574,159,157.0,156.0,3.980769230769231,4.551282051282051,-0.5705128205128205,0.43903016379284976,0.9934924916337556,1.135877083832474,-0.1423845921987186,0.25125628140703515,0.3108941418293936,0.3562255723059743,0.667119714135368,0.10496929089893914,0.015633724176437745,0.07965056526207605,0.12213086673518328,0.25925925925925924,0.012672176308539946,3.95,1.4746743849493487,1.0017452006980803,3.7380607814761215,3.731548480463097,9.540520984081043,0.47539797395079597,0.40384615384615385,0.08333333333333333,0.07692307692307693,0.974,1.0192307692307692,1.0064102564102564
1793,1977,PIT,PIT,5.0355094838994265,0,0,0,0,0,0,1,0,0,0,0,0,0,0,0,0,1,0,0,776,833,5665,1509,319,33,138,510,989.0,126,750,5,7,37,4360,1602,183,479,1044,128,144.0,162.0,4.790123456790123,5.1419753086419755,-0.35185185185185186,0.467617278104878,0.9512688779767168,1.021143009477584,-0.06987413150086708,0.26637246248896734,0.32696356275303645,0.40741394527802294,0.7343775080310594,0.1410414827890556,0.02436010591350397,0.0825910931174089,0.16016194331983805,0.32471835652750164,0.06240713224368499,4.64,1.4318807339449542,2.1795407098121085,6.4651376146789,2.966284403669725,9.920642201834863,1.133256880733945,0.030864197530864196,0.043209876543209874,0.22839506172839505,0.98,0.7901234567901234,0.8888888888888888
1510,1911,PHA,OAK,4.815085158150851,0,1,0,0,0,0,0,0,0,1,0,0,0,0,0,0,0,0,0,661,761,5196,1407,229,64,53,445,517.0,72,618,65,7,12,4092,1465,68,550,400,225,127.0,153.0,4.3202614379084965,4.973856209150327,-0.6535947712418301,0.4359022532358863,0.8972346897323861,1.032973674563307,-0.13573898483092076,0.2707852193995381,0.3283105832299238,0.37009237875288686,0.6984029619828107,0.09930715935334877,0.010200153964588145,0.0788867222123737,0.0916504165928027,0.2459132906894101,0.038876889848812095,4.08,1.4772727272727273,0.7272727272727273,2.6392961876832848,3.629032258064516,9.666422287390029,0.44868035190615835,0.42483660130718953,0.0457516339869281,0.0784313725490196,0.964,1.4705882352941178,0.8300653594771242
2264,1991,MON,WSN,4.250102923013586,0,0,0,0,0,0,0,1,0,0,0,0,0,0,0,0,0,0,1,703,635,5428,1363,265,13,177,539,1344.0,57,577,4,13,41,4304,1366,145,364,1342,90,125.0,162.0,4.339506172839506,3.919753086419753,0.41975308641975306,0.5464083792483725,1.0210355493608914,0.9222725090244182,0.09876304033647312,0.251105379513633,0.318753142282554,0.4025423728813559,0.72129551516391,0.15143699336772293,0.03260869565217391,0.09033014915367857,0.2252388134741076,0.3338224504768892,0.02996845425867508,3.62,1.2058550185873604,3.6868131868131866,8.418680297397769,2.283457249070632,8.569237918215613,0.9096189591078067,0.024691358024691357,0.08024691358024691,0.25308641975308643,0.985,0.5555555555555556,0.7716049382716049
238,1960,BAL,BAL,3.946880790611488,0,0,0,0,1,0,0,0,0,0,0,0,0,1,0,0,0,0,0,644,621,5448,1359,207,32,146,469,940.0,97,557,35,8,43,4356,1353,137,507,913,99,157.0,162.0,3.9753086419753085,3.8333333333333335,0.1419753086419753,0.5166320586663113,1.0072026121061073,0.971231090245175,0.0359715218609324,0.24944933920704845,0.3089403413892175,0.37958883994126286,0.6885291813304804,0.1301395007342144,0.026798825256975037,0.07926314010478283,0.15886428933581206,0.28329654157468726,0.05306345733041575,3.45,1.28099173553719,1.8007889546351086,5.659090909090909,3.1425619834710745,8.386363636363637,0.8491735537190083,0.21604938271604937,0.04938271604938271,0.2654320987654321,0.984,0.6111111111111112,0.9691358024691358
1714,2012,PHI,PHI,4.526785714285714,1,0,0,0,0,0,0,0,1,0,0,0,0,0,0,0,0,0,0,751,565,5252,1493,222,129,39,420,514.0,177,439,94,18,7,4155,1268,28,497,664,169,125.0,152.0,4.940789473684211,3.7171052631578947,1.2236842105263157,0.6273304316443162,1.0914564517803385,0.8211356794352745,0.2703207723450638,0.28427265803503426,0.33727080394922426,0.39794364051789793,0.7352144444671223,0.11367098248286367,0.007425742574257425,0.07404795486600846,0.09062059238363893,0.261219022103148,0.09252483010977522,2.85,1.2743682310469313,1.336016096579477,4.314801444043321,3.2296028880866423,8.23971119133574,0.18194945848375452,0.618421052631579,0.11842105263157894,0.046052631578947366,0.972,1.111842105263158,0.8223684210526315
2127,2010,SLN,STL,4.165981077745784,0,0,0,0,0,0,0,1,0,0,0,0,0,0,0,0,0,0,1,700,646,5538,1421,296,23,165,589,1171.0,73,608,9,17,42,4392,1315,153,482,1310,59,147.0,163.0,4.294478527607362,3.96319018404908,0.3312883435582822,0.5366625612002028,1.0308444631561091,0.9513221759983521,0.07952228715775699,0.2565908270133622,0.32805614493226704,0.40772842181292884,0.7357845667451959,0.15113759479956662,0.029794149512459372,0.09613187530602252,0.19112126652521624,0.3406052076002815,0.03631840796019901,3.74,1.2274590163934427,2.7178423236514524,8.05327868852459,2.9631147540983607,8.084016393442623,0.9405737704918034,0.05521472392638037,0.10429447852760736,0.25766871165644173,0.99,0.3619631901840491,0.901840490797546
2060,1940,SLN,STL,4.460518198642813,0,0,0,1,0,0,0,0,0,0,0,0,0,1,0,0,0,0,0,774,664,5643,1528,221,31,137,515,846.0,86,577,53,17,25,4389,1394,149,517,914,132,170.0,163.0,4.748466257668712,4.07361963190184,0.6748466257668712,0.5696737520885764,1.0645548445724338,0.9132615204083927,0.15129332416404095,0.2707779549884813,0.33176355959727183,0.3937621832358674,0.7255257428331392,0.12298422824738614,0.02427786638312954,0.08363104904189672,0.13738226696979539,0.2545811518324607,0.042094958394517865,3.55,1.30622009569378,1.7678916827852997,5.622693096377306,3.180451127819549,8.575529733424471,0.9166097060833903,0.32515337423312884,0.10429447852760736,0.15337423312883436,0.979,0.8098159509202454,1.0429447852760736
720,2011,CIN,CIN,3.607282184655397,1,0,0,0,0,0,0,0,1,0,0,0,0,0,0,0,0,0,0,663,482,5426,1516,240,73,12,330,855.0,203,328,133,27,4,4236,1197,16,365,530,217,111.0,157.0,4.222929936305732,3.070063694267516,1.1528662420382165,0.6418632787943598,1.1706680320905218,0.8510738936163373,0.3195941384741847,0.27939550313306305,0.3207088255733148,0.35716918540361225,0.6778780109769271,0.0777736822705492,0.0022115739034279398,0.05733148019457957,0.1485406532314107,0.21437994722955145,0.10996749729144095,2.09,1.1062322946175638,1.452054794520548,3.378186968838527,2.326487252124646,7.629603399433428,0.1019830028328612,0.8471337579617835,0.17197452229299362,0.025477707006369428,0.967,1.3821656050955413,0.7070063694267515
1573,1977,OAK,OAK,4.138095238095239,0,0,0,0,0,1,0,0,0,0,0,0,0,0,0,1,0,0,0,800,620,5602,1474,251,22,156,580,926.0,129,569,22,9,64,4467,1376,116,553,983,105,151.0,162.0,4.938271604938271,3.8271604938271606,1.1111111111111112,0.6145438428194698,1.1933682819758764,0.9248604185313043,0.2685078634445722,0.26312031417350945,0.33225493367842124,0.3993216708318458,0.731576604510267,0.13620135665833633,0.02784719742948947,0.09382076997735361,0.14978971206729214,0.291044776119403,0.06280428432327166,3.44,1.2955003357958361,1.7775768535262206,5.941571524513097,3.3425117528542647,8.31699126930826,0.7011417058428476,0.13580246913580246,0.05555555555555555,0.3950617283950617,0.983,0.6481481481481481,0.9320987654320988
2070,1950,SLN,STL,3.686390532544378,0,0,0,0,1,0,0,0,0,0,0,0,0,0,1,0,0,0,0,568,600,5326,1383,214,42,70,437,793.0,104,532,64,13,13,4197,1290,87,531,912,140,146.0,156.0,3.641025641025641,3.8461538461538463,-0.20512820512820512,0.4749462314917181,0.987693953986089,1.0433386837881222,-0.05564472980203318,0.2596695456252347,0.31580773902481346,0.35505069470521966,0.6708584337300332,0.09538114907998496,0.013143071723619977,0.07582856151310081,0.13760194343224016,0.23571945046999276,0.05714285714285714,3.42,1.3016440314510365,1.7175141242937852,5.867047891350965,3.4160114367405288,8.2987848463188,0.559685489635454,0.41025641025641024,0.08333333333333333,0.08333333333333333,0.976,0.8974358974358975,0.9358974358974359
1958,1949,NY1,SFG,3.4181538461538463,0,0,0,0,1,0,0,0,0,0,0,0,0,1,0,0,0,0,0,599,529,5441,1301,162,33,108,508,904.0,50,442,77,20,16,4407,1302,86,344,942,162,125.0,163.0,3.6748466257668713,3.245398773006135,0.4294478527607362,0.5566111902996209,1.0750969064490352,0.9494595384165936,0.1256373680324415,0.23911045763646388,0.3040847201210287,0.3405623966182687,0.6446471167392974,0.10145193898180482,0.019849292409483552,0.08539250294167088,0.15195831232139856,0.2328977709454266,0.027639579878385848,2.71,1.120490129339687,2.738372093023256,5.771272974812798,2.107556160653506,7.976855003403676,0.5268890401633765,0.4723926380368098,0.12269938650306748,0.09815950920245399,0.975,0.9938650306748467,0.7668711656441718
1614,1905,PHI,PHI,4.855573637103336,0,1,0,0,0,0,0,0,0,1,0,0,0,0,0,0,0,0,0,617,919,5329,1512,238,50,88,294,615.0,66,671,82,5,8,4044,1665,79,371,333,294,127.0,154.0,4.0064935064935066,5.967532467532467,-1.9610389610389611,0.3253915350551755,0.825132889732806,1.2290066866522669,-0.40387379691946096,0.2837305310564834,0.32118086430730924,0.3966973165697129,0.7178781808770222,0.11296678551322953,0.01651341715143554,0.052285256980259646,0.10937222123421661,0.24867724867724866,0.036544850498338874,4.48,1.510385756676558,0.8975741239892183,2.223293768545994,2.4770029673590503,11.11646884272997,0.5274480712166172,0.5324675324675324,0.032467532467532464,0.05194805194805195,0.955,1.9090909090909092,0.8246753246753247
2154,1962,WS2,TEX,4.330955777460771,0,0,0,0,0,1,0,0,0,0,0,0,0,0,0,1,0,0,0,617,785,5361,1359,213,41,129,530,819.0,130,715,18,5,33,4233,1479,173,501,863,119,145.0,161.0,3.8322981366459627,4.875776397515528,-1.0434782608695652,0.3915763563641793,0.8848619874139723,1.1257968559480847,-0.24093486853411236,0.25349748181309456,0.3206586318112375,0.38071255362805445,0.7013711854392919,0.1272150718149599,0.024062674874090653,0.08996774741130538,0.13902563232048887,0.28182487122884475,0.06881948120698782,4.56,1.403260099220411,1.7225548902195609,5.504606661941885,3.1956059532246637,9.433734939759036,1.1034727143869596,0.11180124223602485,0.031055900621118012,0.20496894409937888,0.98,0.7391304347826086,0.9006211180124224
2112,1993,SLN,STL,4.789679276315789,0,0,0,0,0,0,1,0,0,0,0,0,0,0,0,0,1,0,0,620,751,5555,1450,267,43,111,473,1107.0,120,697,7,8,28,4329,1425,171,643,1008,94,178.0,162.0,3.8271604938271606,4.635802469135802,-0.808641975308642,0.4131919043600488,0.7990431661576731,0.9678732544909878,-0.1688300883333148,0.26102610261026105,0.3190112806901128,0.3845184518451845,0.7035297325352974,0.12349234923492347,0.01998199819981998,0.07846715328467153,0.18364299933643,0.2903448275862069,0.062402496099843996,4.35,1.433125433125433,1.567651632970451,6.286902286902287,4.01039501039501,8.887733887733887,1.0665280665280665,0.043209876543209874,0.04938271604938271,0.1728395061728395,0.985,0.5802469135802469,1.0987654320987654
14,1974,CAL,ANA,4.124935732647815,0,0,0,0,1,0,0,0,0,0,0,0,0,0,1,0,0,0,0,618,657,5401,1372,203,31,95,509,801.0,119,563,64,13,12,4317,1339,101,649,986,147,150.0,163.0,3.791411042944785,4.030674846625767,-0.2392638036809816,0.47203225401078774,0.919144270039587,0.977148520090629,-0.05800425005104191,0.2540270320311053,0.3182741116751269,0.3558600259211257,0.6741341375962526,0.10183299389002037,0.017589335308276246,0.08612521150592217,0.13553299492385787,0.23979591836734693,0.063264221158958,3.52,1.3815149409312022,1.5192604006163328,6.166782487838777,4.059068797776233,8.374565670604586,0.6316886726893676,0.39263803680981596,0.07975460122699386,0.0736196319018405,0.976,0.901840490797546,0.9202453987730062
362,1977,BOS,BOS,4.2881235154394295,0,0,0,0,0,1,0,0,0,0,0,0,0,0,0,1,0,0,0,757,767,5603,1588,297,36,162,475,720.0,79,701,30,8,43,4323,1557,129,481,696,149,206.0,160.0,4.73125,4.79375,-0.0625,0.49399626538519575,1.1033380878524346,1.117913227718385,-0.014575139865950259,0.28341959664465466,0.3394208621256992,0.43601641977512046,0.7754372819008197,0.1525968231304658,0.02891308227735142,0.07815070746956236,0.11846001974333663,0.31171284634760704,0.03829374697043141,4.38,1.414295628036086,1.446985446985447,4.346981263011798,3.0041637751561416,9.724496877168633,0.8056904927133934,0.1875,0.05,0.26875,0.977,0.93125,1.2875
1108,1930,BRO,LAD,4.679611650485437,0,1,0,0,0,0,0,0,0,0,0,1,0,0,0,0,0,0,0,697,621,5470,1421,256,70,93,522,570.0,56,557,65,17,14,4299,1366,101,393,639,183,110.0,156.0,4.467948717948718,3.980769230769231,0.48717948717948717,0.552624737612477,0.9547691243749336,0.8506623045004789,0.10410681987445473,0.25978062157221204,0.3242656875834446,0.38318098720292504,0.7074466747863697,0.123400365630713,0.0170018281535649,0.08711615487316422,0.09512683578104139,0.294862772695285,0.028821410190427176,3.5,1.2274947662247033,1.6259541984732824,4.013258897418004,2.468248429867411,8.57920446615492,0.6343335659455688,0.4166666666666667,0.10897435897435898,0.08974358974358974,0.97,1.1730769230769231,0.7051282051282052
297,1909,BOS,BOS,4.526785714285714,1,0,0,0,0,0,0,0,1,0,0,0,0,0,0,0,0,0,0,799,544,5071,1404,269,84,29,565,855.0,185,418,108,18,6,4086,1243,18,385,712,266,88.0,154.0,5.188311688311688,3.5324675324675323,1.655844155844156,0.6689574212677981,1.1461359153666846,0.7803478572709341,0.3657880580957504,0.2768684677578387,0.349361249112846,0.3802011437586275,0.7295623928714735,0.10333267600078883,0.005718793137448235,0.10024840312278212,0.15170333569907735,0.2720797720797721,0.09395632300660234,2.76,1.1953010279001468,1.8493506493506493,4.704845814977973,2.5440528634361232,8.213656387665198,0.11894273127753305,0.7012987012987013,0.11688311688311688,0.03896103896103896,0.957,1.7272727272727273,0.5714285714285714
1582,1987,OAK,OAK,5.0846375617792425,0,0,0,0,0,0,1,0,0,0,0,0,0,0,0,0,1,0,0,893,846,5519,1430,287,20,235,770,1129.0,70,749,6,5,48,4314,1537,160,569,967,122,162.0,162.0,5.512345679012346,5.222222222222222,0.29012345679012347,0.5247155937912698,1.0841177197069356,1.027058892353939,0.05705882735299662,0.25910491030983873,0.34981714103991096,0.4460953071208552,0.7959124481607662,0.18699039681101648,0.042580177568400074,0.12243599936396883,0.17951979647002703,0.37902097902097903,0.031818181818181815,4.69,1.4645340751043114,1.6994727592267136,6.052155771905424,3.5611961057023644,9.61961057023644,1.0013908205841446,0.037037037037037035,0.030864197530864196,0.2962962962962963,0.98,0.7530864197530864,1.0
766,1947,CLE,CLE,4.485008103727715,0,0,0,1,0,0,0,0,0,0,0,0,1,0,0,0,0,0,0,698,601,5146,1325,195,31,148,723,715.0,28,522,45,15,36,4158,1285,111,558,877,108,152.0,154.0,4.532467532467533,3.9025974025974026,0.6298701298701299,0.5680285608970963,1.010581793308327,0.8701427761866826,0.14043901712164428,0.25748153905946364,0.34895212131538594,0.3937038476486592,0.7426559689640451,0.13622230858919554,0.02876020209871745,0.12318964048389845,0.12182654626001023,0.28226415094339624,0.013671875,3.39,1.3297258297258296,1.57168458781362,5.694805194805195,3.6233766233766236,8.344155844155845,0.7207792207792207,0.2922077922077922,0.09740259740259741,0.23376623376623376,0.981,0.7012987012987013,0.987012987012987
745,1925,CLE,CLE,4.467216673903604,0,1,0,0,0,0,0,0,0,0,1,0,0,0,0,0,0,0,0,654,669,5240,1366,218,77,50,448,426.0,36,556,74,12,7,4050,1382,60,465,437,157,127.0,151.0,4.33112582781457,4.430463576158941,-0.09933774834437085,0.48962689438058843,0.9695356513857849,0.9917727076102295,-0.022237056224444603,0.26068702290076334,0.3189170182841069,0.3603053435114504,0.6792223617955573,0.09961832061068704,0.009541984732824428,0.07876230661040788,0.07489451476793249,0.2525622254758419,0.019845644983461964,3.71,1.3681481481481481,0.9397849462365592,2.9133333333333336,3.1,9.213333333333335,0.4,0.4900662251655629,0.07947019867549669,0.046357615894039736,0.974,1.0397350993377483,0.8410596026490066
410,1913,CHN,CHC,4.360615883306321,0,1,0,0,0,0,0,0,0,1,0,0,0,0,0,0,0,0,0,619,635,5117,1350,223,67,34,428,421.0,115,504,95,13,9,4164,1459,37,382,508,225,112.0,154.0,4.01948051948052,4.123376623376624,-0.1038961038961039,0.48832684677112465,0.9217689948037469,0.9455950108245221,-0.023826016020775363,0.2638264608168849,0.3206492335437331,0.3535274574946258,0.6741766910383589,0.0897009966777409,0.006644518272425249,0.07718665464382327,0.07592425608656447,0.24,0.06467941507311586,3.27,1.3263688760806915,1.3298429319371727,3.2939481268011526,2.4769452449567724,9.460374639769453,0.23991354466858789,0.6168831168831169,0.08441558441558442,0.05844155844155844,0.965,1.4610389610389611,0.7272727272727273
1126,1948,BRO,LAD,4.282591093117409,0,0,0,1,0,0,0,0,0,0,0,0,1,0,0,0,0,0,0,668,761,5173,1297,166,50,172,495,850.0,73,679,30,7,31,4104,1399,173,606,855,145,198.0,154.0,4.337662337662338,4.941558441558442,-0.6038961038961039,0.4406482249758339,1.012859328230854,1.1538711808138922,-0.14101185258303808,0.2507249178426445,0.31616090331686664,0.401894451962111,0.7180553552789777,0.1511695341194665,0.03324956504929441,0.08733239237826394,0.14996471418489768,0.2991518889745567,0.040736607142857144,4.47,1.465643274853801,1.4108910891089108,5.625,3.986842105263158,9.203947368421053,1.1381578947368423,0.19480519480519481,0.045454545454545456,0.2012987012987013,0.975,0.9415584415584416,1.2857142857142858
1898,2003,SEA,SEA,3.607282184655397,1,0,0,0,0,0,0,0,1,0,0,0,0,0,0,0,0,0,0,625,510,4768,1217,162,53,15,563,855.0,288,369,105,19,18,4002,1207,13,394,639,228,84.0,153.0,4.084967320261438,3.3333333333333335,0.7516339869281046,0.5919696700884197,1.132422447469735,0.924056717135304,0.2083657303344313,0.255243288590604,0.3338960795347965,0.32088926174496646,0.654785341279763,0.06564597315436244,0.003145973154362416,0.10560870380791597,0.16038266741699495,0.18898931799506985,0.16179775280898875,2.49,1.2001499250374812,1.6218274111675126,4.311094452773613,2.658170914542729,8.143178410794603,0.08770614692653673,0.6862745098039216,0.12418300653594772,0.11764705882352941,0.964,1.4901960784313726,0.5490196078431373
1959,1950,NY1,SFG,4.07245632065776,0,0,0,0,1,0,0,0,0,0,0,0,0,1,0,0,0,0,0,713,636,5474,1325,187,28,136,711,1054.0,71,534,71,15,17,4419,1381,120,461,906,169,155.0,162.0,4.401234567901234,3.925925925925926,0.47530864197530864,0.5520946666296489,1.0807321727616153,0.9640191611169528,0.11671301164466254,0.24205334307636098,0.3291835084882781,0.36097917427840703,0.6901626827666851,0.11892583120204606,0.024844720496894408,0.11495553759094583,0.1704122877930477,0.26490566037735847,0.03487229862475442,3.26,1.2505091649694502,1.96529284164859,5.535641547861507,2.8167006109979633,8.437881873727088,0.7331975560081466,0.4382716049382716,0.09259259259259259,0.10493827160493827,0.974,1.0432098765432098,0.9567901234567902
388,2006,BOS,BOS,4.612962962962963,0,0,0,0,0,0,1,0,0,0,0,0,0,0,0,0,0,1,0,872,736,5543,1495,335,25,212,659,1120.0,126,695,8,11,41,4310,1494,167,530,1230,82,121.0,162.0,5.382716049382716,4.54320987654321,0.8395061728395061,0.5769569064869015,1.1668673892680315,0.984878897363843,0.1819884919041884,0.2697095435684647,0.3473073202192841,0.45390582716940286,0.801213147388687,0.18419628360093815,0.03824643694750135,0.10625604643663335,0.18058690744920994,0.3826086956521739,0.0584958217270195,4.35,1.4088167053364269,2.3207547169811322,7.705336426914153,3.3201856148491875,9.359164733178654,1.0461716937354988,0.04938271604938271,0.06790123456790123,0.25308641975308643,0.986,0.5061728395061729,0.7469135802469136
1534,1938,PHA,OAK,4.578819725141472,0,0,0,1,0,0,0,0,0,0,0,1,0,0,0,0,0,0,0,729,735,5181,1345,231,47,68,726,523.0,40,673,74,7,18,4104,1456,86,638,486,113,180.0,154.0,4.733766233766234,4.7727272727272725,-0.03896103896103896,0.49625004931618727,1.033839836011446,1.0423488058551615,-0.008508969843715604,0.2596023933603551,0.3506009818858981,0.36170623431769927,0.7123072162035974,0.10210384095734415,0.013124879366917584,0.12290502793296089,0.08853902149991535,0.2572490706319703,0.01931434089811685,4.43,1.530701754385965,0.7617554858934169,3.1973684210526314,4.197368421052632,9.578947368421053,0.5657894736842105,0.4805194805194805,0.045454545454545456,0.11688311688311688,0.981,0.7337662337662337,1.1688311688311688
436,1941,CHN,CHC,4.006843800322061,0,0,0,1,0,0,0,0,0,0,0,1,0,0,0,0,0,0,0,626,581,5298,1344,223,50,56,586,599.0,43,501,59,15,11,4179,1370,58,527,619,146,119.0,155.0,4.038709677419355,3.7483870967741937,0.2903225806451613,0.5340764165162794,1.0079528623238903,0.9354961869172207,0.07245667540666942,0.2536806342015855,0.3280081577158396,0.3463571158927897,0.6743652736086293,0.09267648169120424,0.010570026425066062,0.09959211420802175,0.10180149558123726,0.24479166666666666,0.02227979274611399,3.24,1.3618090452261307,1.174573055028463,3.9992821249102657,3.4048815506101935,8.851399856424981,0.37473079684134963,0.38064516129032255,0.0967741935483871,0.07096774193548387,0.976,0.9419354838709677,0.7677419354838709
1438,1948,NYA,NYY,4.282591093117409,0,0,0,1,0,0,0,0,0,0,0,0,1,0,0,0,0,0,0,759,577,5294,1418,212,39,164,537,822.0,48,493,53,21,33,4137,1201,116,557,796,128,182.0,155.0,4.896774193548387,3.7225806451612904,1.1741935483870967,0.6228615507949383,1.1434139022560517,0.8692356015833227,0.27417830067272914,0.26785039667548166,0.33527696793002915,0.415564790328674,0.7508417582587031,0.14771439365319233,0.030978466188137516,0.09209398044932258,0.14097067398387927,0.2926657263751763,0.024552429667519183,3.22,1.274836838288615,1.429084380610413,5.195068890500363,3.6352429296591735,7.838288614938361,0.7570703408266861,0.3419354838709677,0.13548387096774195,0.2129032258064516,0.978,0.8258064516129032,1.1741935483870967
383,2001,BOS,BOS,4.813838550247117,0,0,0,0,0,0,1,0,0,0,0,0,0,0,0,0,0,1,0,949,768,5720,1613,373,25,222,659,1189.0,68,674,4,12,36,4354,1430,159,447,1132,118,129.0,162.0,5.8580246913580245,4.7407407407407405,1.117283950617284,0.5956236224585113,1.2169134112437785,0.9848150683195173,0.23209834292426126,0.281993006993007,0.3561686784762502,0.4723776223776224,0.8285463008538726,0.19038461538461537,0.038811188811188814,0.10330772848408841,0.18639285154412918,0.384376937383757,0.02992957746478873,4.18,1.2932935231970601,2.5324384787472036,7.019751952227837,2.771933853927423,8.867707854846119,0.985989894350023,0.024691358024691357,0.07407407407407407,0.2222222222222222,0.981,0.7283950617283951,0.7962962962962963
1333,2005,MIN,MIN,4.250102923013586,0,0,0,0,0,0,0,1,0,0,0,0,0,0,0,0,0,0,1,696,700,5467,1349,277,44,156,439,1264.0,70,653,2,12,45,4329,1506,163,413,1046,86,150.0,162.0,4.296296296296297,4.320987654320987,-0.024691358024691357,0.4973782403490214,1.0108687657968427,1.0166783564048703,-0.00580959060802783,0.24675324675324675,0.30274297324754484,0.39912200475580756,0.7018649780033523,0.1523687580025608,0.028534845436253887,0.0743311886217406,0.2140196410430071,0.3535952557449963,0.039149888143176735,4.07,1.3298683298683298,2.532687651331719,6.523908523908523,2.5758835758835756,9.392931392931393,1.0166320166320166,0.012345679012345678,0.07407407407407407,0.2777777777777778,0.986,0.5308641975308642,0.9259259259259259
2011,2005,SFN,SFG,4.512530315278901,1,0,0,0,0,0,0,0,1,0,0,0,0,0,0,0,0,0,0,671,745,5132,1295,199,86,26,592,650.0,175,573,88,6,10,4206,1296,39,701,561,262,106.0,158.0,4.246835443037975,4.715189873417722,-0.46835443037974683,0.45228424880143303,0.9411206454743775,1.0449104036936083,-0.1037897582192309,0.2523382696804365,0.32966457023060797,0.33982852689010135,0.6694930971207094,0.08749025720966486,0.005066250974279034,0.103424178895877,0.11355695317959469,0.24015444015444015,0.09273979862215156,3.68,1.4243937232524964,0.8002853067047075,3.601283880171184,4.5,8.319543509272469,0.25035663338088443,0.5569620253164557,0.0379746835443038,0.06329113924050633,0.959,1.6582278481012658,0.6708860759493671
1560,1964,KC1,OAK,4.124935732647815,0,0,0,0,1,0,0,0,0,0,0,0,0,0,1,0,0,0,0,689,551,5331,1315,205,37,132,568,876.0,164,472,49,12,28,4317,1322,90,430,755,141,154.0,162.0,4.253086419753086,3.4012345679012346,0.8518518518518519,0.6008521085626671,1.0310673172653313,0.8245545599610995,0.2065127573042318,0.24667041830800976,0.3192066451941007,0.37328831363721626,0.692494958831317,0.1266178953292065,0.024760832864378166,0.09628750635700967,0.1484997457196135,0.2844106463878327,0.08709506107275625,2.95,1.2175121612230715,1.755813953488372,4.722029186935372,2.689367616400278,8.268241834607366,0.5628908964558721,0.30246913580246915,0.07407407407407407,0.1728395061728395,0.977,0.8703703703703703,0.9506172839506173
1952,1943,NY1,SFG,4.460518198642813,0,0,0,1,0,0,0,0,0,0,0,0,0,1,0,0,0,0,0,878,690,5588,1552,235,32,204,523,822.0,73,615,62,10,39,4383,1399,148,503,886,142,153.0,165.0,5.321212121212121,4.181818181818182,1.1393939393939394,0.6084848118666178,1.1929582806838877,0.9375184665966769,0.25543981408721056,0.2777380100214746,0.33955162821142204,0.44076592698639944,0.7803175551978214,0.16302791696492486,0.03650680028632784,0.08558337424316806,0.13451153657339224,0.30347938144329895,0.03518072289156626,3.79,1.3018480492813143,1.7614314115308152,5.457905544147844,3.0985626283367558,8.61806981519507,0.9117043121149897,0.37575757575757573,0.06060606060606061,0.23636363636363636,0.977,0.8606060606060606,0.9272727272727272
1997,1989,SFN,SFG,4.384362139917696,0,0,0,0,0,0,0,1,0,0,0,0,0,0,0,0,0,0,1,697,583,5488,1411,284,30,162,487,1099.0,55,546,6,17,57,4383,1279,134,578,1331,73,110.0,162.0,4.302469135802469,3.5987654320987654,0.7037037037037037,0.5809890242060124,0.9813215693636191,0.8208184719354231,0.16050309742819596,0.2571064139941691,0.3176569037656904,0.4083454810495627,0.726002384815253,0.15123906705539358,0.029518950437317785,0.08150627615062761,0.18393305439330543,0.3373493975903614,0.02897787144362487,3.36,1.271047227926078,2.3027681660899653,8.19917864476386,3.560574948665298,7.878850102669404,0.8254620123203286,0.037037037037037035,0.10493827160493827,0.35185185185185186,0.988,0.4506172839506173,0.6790123456790124
1592,1999,OAK,OAK,4.612962962962963,0,0,0,0,0,0,1,0,0,0,0,0,0,0,0,0,0,1,0,759,761,5584,1464,307,21,135,527,1046.0,133,685,2,10,38,4342,1486,156,523,1124,105,155.0,162.0,4.685185185185185,4.697530864197531,-0.012345679012345678,0.49879605426358975,1.0156563629064632,1.0183326642579955,-0.002676301351532182,0.2621776504297994,0.3258059237440681,0.3972063037249284,0.7230122274689965,0.13502865329512898,0.02417621776504298,0.08623793159875634,0.17116674848633612,0.3162568306010929,0.06680060271220492,4.26,1.388070013818517,2.1491395793499044,6.989405803777061,3.252187931828651,9.240442192538001,0.9700598802395209,0.012345679012345678,0.06172839506172839,0.2345679012345679,0.983,0.6481481481481481,0.9567901234567902
178,2011,ATL,ATL,4.0660493827160495,0,0,0,0,0,0,0,1,0,0,0,0,0,0,0,0,0,0,1,573,597,5468,1316,240,22,123,472,1369.0,95,547,5,13,54,4365,1369,121,472,1301,85,143.0,162.0,3.537037037037037,3.685185185185185,-0.14814814814814814,0.4812369508945623,0.8698952482161834,0.9063306512828297,-0.03643540306664642,0.24067300658376006,0.301010101010101,0.3600950987564009,0.6611051997665018,0.11942209217264083,0.022494513533284563,0.07946127946127945,0.23047138047138047,0.2925531914893617,0.053131991051454136,3.38,1.2652920962199312,2.7563559322033897,8.047422680412371,2.9195876288659797,8.468041237113402,0.7484536082474227,0.030864197530864196,0.08024691358024691,0.3333333333333333,0.986,0.5246913580246914,0.8827160493827161
671,1959,CIN,CIN,3.768518518518519,0,0,0,0,1,0,0,0,0,0,0,0,0,1,0,0,0,0,0,604,563,5519,1366,251,54,109,372,969.0,92,497,34,18,39,4404,1328,101,498,1065,121,124.0,162.0,3.728395061728395,3.4753086419753085,0.25308641975308643,0.5321154906067134,0.9893529893529892,0.922194922194922,0.06715806715806716,0.24750860663163615,0.2950263113223561,0.37180648668237,0.6668327980047262,0.12429788005073383,0.019749954701938757,0.06314717365472755,0.16448820234255646,0.30307467057101023,0.05293440736478711,3.05,1.2438692098092643,2.13855421686747,6.529291553133515,3.053133514986376,8.141689373297003,0.6192098092643052,0.20987654320987653,0.1111111111111111,0.24074074074074073,0.98,0.7469135802469136,0.7654320987654321
2052,1932,SLN,STL,4.376313662085691,0,0,0,1,0,0,0,0,0,0,0,0,1,0,0,0,0,0,0,799,790,5405,1518,285,58,119,582,586.0,63,695,40,11,18,4170,1484,170,535,680,146,178.0,154.0,5.188311688311688,5.12987012987013,0.05844155844155844,0.5051823745502507,1.1855438364166544,1.1721897756810478,0.013354060735606871,0.28085106382978725,0.3507599799565726,0.42109158186864015,0.7718515618252128,0.1402405180388529,0.022016651248843663,0.09721062301653582,0.09787873726407216,0.30434782608695654,0.03,4.5,1.4525179856115107,1.2710280373831775,4.402877697841727,3.464028776978417,9.60863309352518,1.1007194244604317,0.2597402597402597,0.07142857142857142,0.11688311688311688,0.976,0.948051948051948,1.155844155844156
204,1926,SLA,BAL,5.185923515052888,0,1,0,0,0,0,0,0,0,1,0,0,0,0,0,0,0,0,0,733,713,5174,1426,277,64,46,589,431.0,72,622,83,15,10,4113,1469,100,462,415,156,148.0,154.0,4.759740259740259,4.62987012987013,0.12987012987012986,0.5126537063157911,0.9178192169484238,0.8927764006606088,0.02504281628781511,0.2756088132972555,0.3496442824917578,0.3805566293003479,0.7302009117921057,0.10494781600309239,0.00889060688055663,0.10220371334374458,0.0747874370987333,0.2713884992987377,0.03573200992555831,4.08,1.4084609773887673,0.8982683982683982,2.7242888402625822,3.0328227571115978,9.643326039387308,0.6564551422319475,0.538961038961039,0.09740259740259741,0.06493506493506493,0.975,1.0129870129870129,0.961038961038961
1865,2007,SDN,SDP,4.256769596199525,0,0,0,0,0,1,0,0,0,0,0,0,0,0,0,1,0,0,0,682,774,5546,1429,244,34,129,519,871.0,116,691,26,4,35,4326,1497,138,619,972,126,143.0,162.0,4.209876543209877,4.777777777777778,-0.5679012345679012,0.4423642694666603,0.9889838874456549,1.12239520364067,-0.13341131619501503,0.2576631806707537,0.3211871393239901,0.3836999639379733,0.7048871032619635,0.12603678326721957,0.023260007212405336,0.08557295960428689,0.1436108821104699,0.28481455563331,0.059548254620123205,4.31,1.4674063800277393,1.5702746365105007,6.066574202496533,3.863384188626907,9.343273231622746,0.8613037447988904,0.16049382716049382,0.024691358024691357,0.21604938271604937,0.979,0.7777777777777778,0.8827160493827161
496,2004,CHN,CHC,4.612962962962963,0,0,0,0,0,0,1,0,0,0,0,0,0,0,0,0,0,1,0,707,672,5486,1398,293,29,161,592,1185.0,56,616,3,8,40,4336,1329,160,586,1272,105,144.0,161.0,4.391304347826087,4.173913043478261,0.21739130434782608,0.523211642627549,0.9519487546471646,0.9048225786745326,0.047126175972631905,0.2548304775792927,0.3274103323461665,0.4068538096974116,0.734264142043578,0.15202333211811886,0.02934742982136347,0.09740046067785456,0.1949654491609082,0.34549356223175964,0.02814070351758794,3.84,1.3249538745387455,2.1706484641638224,7.920664206642067,3.648985239852399,8.27559963099631,0.996309963099631,0.018633540372670808,0.049689440993788817,0.2484472049689441,0.983,0.6521739130434783,0.8944099378881988
481,1987,CHN,CHC,4.1170465337132,0,0,0,0,0,1,0,0,0,0,0,0,0,0,0,0,1,0,0,593,624,5590,1420,221,41,104,417,816.0,77,553,16,11,37,4407,1337,107,575,901,114,142.0,162.0,3.6604938271604937,3.8518518518518516,-0.19135802469135801,0.4767045219651167,0.889106741249063,0.9355861830344271,-0.046479441785364166,0.25402504472271914,0.3058098884634593,0.36404293381037567,0.6698528222738349,0.11001788908765653,0.018604651162790697,0.06941901115365406,0.13584151822873314,0.2577464788732394,0.041916167664670656,3.39,1.3015656909462219,1.5669565217391304,5.520081688223281,3.5228046289993196,8.191286589516679,0.6555479918311777,0.09876543209876543,0.06790123456790123,0.22839506172839505,0.982,0.7037037037037037,0.8765432098765432
612,2014,CHA,CHW,3.607282184655397,1,0,0,0,0,0,0,0,1,0,0,0,0,0,0,0,0,0,0,533,582,5025,1198,140,71,16,395,855.0,170,409,126,12,5,4107,1248,14,470,567,260,97.0,155.0,3.4387096774193546,3.7548387096774194,-0.3161290322580645,0.4598499543684591,0.9532688327092587,1.040905179431123,-0.08763634672186431,0.23840796019900498,0.29391143911439116,0.30407960199004974,0.5979910411044409,0.06567164179104476,0.0031840796019900496,0.07287822878228782,0.1577490774907749,0.18948247078464106,0.10671688637790333,2.69,1.2549306062819576,1.2063829787234042,3.7275383491599707,3.089846603360117,8.204528853177502,0.09203798392987583,0.8129032258064516,0.07741935483870968,0.03225806451612903,0.959,1.6774193548387097,0.6258064516129033
464,1969,CHN,CHC,4.124935732647815,0,0,0,0,1,0,0,0,0,0,0,0,0,0,1,0,0,0,0,669,826,5574,1397,221,42,110,621,857.0,78,697,23,6,26,4398,1593,122,576,895,199,141.0,162.0,4.12962962962963,5.098765432098766,-0.9691358024691358,0.40473272256109555,1.0011379321487759,1.2360836053137354,-0.23494567316495937,0.2506279153211338,0.32574656981436645,0.3645496950125583,0.6902962648269247,0.11392177969142447,0.019734481521349122,0.10024213075060533,0.1383373688458434,0.26700071581961343,0.03865213082259663,4.28,1.4795361527967257,1.5538194444444444,5.494542974079127,3.5361527967257844,9.779672578444748,0.7489768076398363,0.1419753086419753,0.037037037037037035,0.16049382716049382,0.969,1.228395061728395,0.8703703703703703
887,1938,DET,DET,4.006843800322061,0,0,0,1,0,0,0,0,0,0,0,1,0,0,0,0,0,0,0,704,567,5318,1373,212,41,108,622,616.0,65,502,94,18,15,4206,1277,97,497,896,155,138.0,155.0,4.541935483870968,3.6580645161290324,0.8838709677419355,0.5977375077356041,1.1335444330287838,0.9129541101240346,0.22059032290474911,0.2581797668296352,0.33585858585858586,0.37438886799548704,0.7102474538540728,0.11620910116585181,0.020308386611508085,0.10471380471380472,0.1037037037037037,0.2629278951201748,0.03258145363408521,3.22,1.2653352353780314,1.8028169014084507,5.751783166904422,3.190442225392297,8.197574893009985,0.6226818830242511,0.6064516129032258,0.11612903225806452,0.0967741935483871,0.974,1.0,0.8903225806451613
651,1939,CIN,CIN,4.3551890587288815,0,0,0,1,0,0,0,0,0,0,0,1,0,0,0,0,0,0,0,681,755,5299,1372,242,43,95,539,530.0,46,669,54,13,13,4095,1442,102,589,633,136,134.0,154.0,4.422077922077922,4.902597402597403,-0.4805194805194805,0.4529460356540022,1.0153584293235167,1.1256910633469237,-0.1103326340234071,0.25891677675033026,0.3273381294964029,0.3745989809398,0.7019371104362029,0.11568220418946973,0.01792791092658992,0.09232613908872901,0.0907845152449469,0.27696793002915454,0.024071166928309785,4.41,1.487912087912088,1.0747028862478778,4.173626373626374,3.883516483516484,9.507692307692308,0.6725274725274725,0.35064935064935066,0.08441558441558442,0.08441558441558442,0.977,0.8831168831168831,0.8701298701298701
9,1969,CAL,ANA,4.07245632065776,0,0,0,0,1,0,0,0,0,0,0,0,0,1,0,0,0,0,0,528,652,5316,1221,151,29,88,516,929.0,54,566,25,9,39,4314,1294,126,517,885,135,164.0,163.0,3.2392638036809815,4.0,-0.7607361963190185,0.40467207289583723,0.7954078690174372,0.9822082018927444,-0.18680033287530723,0.22968397291196388,0.2978395061728395,0.318660647103085,0.6165001532759244,0.08897667419112112,0.01655379984951091,0.08847736625514403,0.15929355281207133,0.2194922194922195,0.031088082901554404,3.54,1.2593880389429764,1.7117988394584138,5.538942976356051,3.2357440890125178,8.09874826147427,0.7885952712100139,0.15337423312883436,0.05521472392638037,0.2392638036809816,0.978,0.8282208588957055,1.0061349693251533
1518,1921,PHA,OAK,4.810679611650485,0,1,0,0,0,0,0,0,0,0,1,0,0,0,0,0,0,0,0,858,626,5377,1544,311,64,118,528,543.0,25,526,97,12,16,4095,1342,73,457,574,140,151.0,153.0,5.607843137254902,4.091503267973856,1.5163398692810457,0.6403570834543332,1.165707049722008,0.8505042111025372,0.3152028386194707,0.28714896782592525,0.3508890770533446,0.43462897526501765,0.7855180523183622,0.1474800074390924,0.021945322670634183,0.08941574936494497,0.09195596951735817,0.31930051813471505,0.012065637065637066,3.47,1.317948717948718,1.2560175054704594,3.7846153846153845,3.013186813186813,8.848351648351647,0.4813186813186813,0.6339869281045751,0.0784313725490196,0.10457516339869281,0.976,0.9150326797385621,0.9869281045751634
2101,1982,SLN,STL,4.857760395224372,0,0,0,0,0,0,1,0,0,0,0,0,0,0,0,0,0,1,0,781,762,5522,1484,292,27,184,531,922.0,59,721,6,9,38,4289,1475,193,504,970,98,170.0,161.0,4.850931677018633,4.732919254658385,0.11801242236024845,0.5112656748601665,0.9985942661535031,0.9743006796529697,0.024293586500533367,0.2687432089822528,0.33289278043945153,0.4313654473017023,0.7642582277411538,0.1626222383194495,0.03332126041289388,0.08772509499421774,0.15232116305963986,0.3389487870619946,0.029280397022332507,4.54,1.384238750291443,1.9246031746031746,6.106318489158312,3.172767544882257,9.285381207740732,1.2149685241314991,0.037267080745341616,0.055900621118012424,0.2360248447204969,0.984,0.6086956521739131,1.0559006211180124
451,1956,CHN,CHC,4.525174825174825,0,0,0,1,0,0,0,0,0,0,0,0,0,1,0,0,0,0,0,689,800,5344,1364,238,51,176,539,1027.0,35,689,34,6,25,4155,1492,165,465,755,183,175.0,156.0,4.416666666666667,5.128205128205129,-0.7115384615384616,0.4320853670530327,0.9760212228918766,1.1332612167104519,-0.15723999381857517,0.25523952095808383,0.32347441781404046,0.4176646706586826,0.7411390884727231,0.1624251497005988,0.03293413173652695,0.09161992180860105,0.17457079721230664,0.3409090909090909,0.01839201261166579,4.48,1.4129963898916968,1.6236559139784945,4.906137184115523,3.0216606498194944,9.695306859205775,1.0722021660649819,0.21794871794871795,0.038461538461538464,0.16025641025641027,0.97,1.1730769230769231,1.1217948717948718
