teamID,yearID,different_column_count,different_columns,rows_identical_on_common_data,G_train,R_train,AB_train,H_train,2B_train,3B_train,HR_train,BB_train,SO_train,SB_train,RA_train,ER_train,ERA_train,CG_train,SHO_train,SV_train,IPouts_train,HA_train,HRA_train,BBA_train,SOA_train,E_train,DP_train,FP_train,mlb_rpg_train,era_1_train,era_2_train,era_3_train,era_4_train,era_5_train,era_6_train,era_7_train,era_8_train,decade_1910_train,decade_1920_train,decade_1930_train,decade_1940_train,decade_1950_train,decade_1960_train,decade_1970_train,decade_1980_train,decade_1990_train,decade_2000_train,decade_2010_train,W,ID_train,year_label,decade_label,win_bins,franchID_train,G_pred,R_pred,AB_pred,H_pred,2B_pred,3B_pred,HR_pred,BB_pred,SO_pred,SB_pred,RA_pred,ER_pred,ERA_pred,CG_pred,SHO_pred,SV_pred,IPouts_pred,HA_pred,HRA_pred,BBA_pred,SOA_pred,E_pred,DP_pred,FP_pred,mlb_rpg_pred,era_1_pred,era_2_pred,era_3_pred,era_4_pred,era_5_pred,era_6_pred,era_7_pred,era_8_pred,decade_1910_pred,decade_1920_pred,decade_1930_pred,decade_1940_pred,decade_1950_pred,decade_1960_pred,decade_1970_pred,decade_1980_pred,decade_1990_pred,decade_2000_pred,decade_2010_pred,ID_pred,franchID_pred
CHN,1938,27,"R, AB, H, 2B, 3B, HR, BB, SO, SB, RA, ER, ERA, SHO, SV, IPouts, HA, HRA, BBA, SOA, E, DP, FP, mlb_rpg, era_2, era_3, decade_1930, decade_1940",False,154,713,5333,1435,242,70,65,522,476.0,49,598,523,3.37,67,16,18,4188,1414,71,454,583,135,151.0,0.978,4.902046147148455,False,True,False,False,False,False,False,False,False,False,True,False,False,False,False,False,False,False,False,89,428,1938,1930s,3,CHC,154,632,5279,1380,207,56,52,574,522.0,53,600,510,3.31,67,13,14,4158,1379,53,394,513,167,138.0,0.973,3.91518578352181,False,False,True,False,False,False,False,False,False,False,False,True,False,False,False,False,False,False,False,433,CHC
ML1,1955,24,"R, AB, H, 2B, 3B, HR, BB, SO, SB, RA, ER, ERA, CG, SHO, SV, IPouts, HA, HRA, BBA, SOA, E, DP, FP, mlb_rpg",False,154,743,5277,1377,219,55,182,504,735.0,42,668,592,3.85,61,5,12,4149,1339,138,591,654,152,155.0,0.975,4.485008103727715,False,False,False,True,False,False,False,False,False,False,False,False,True,False,False,False,False,False,False,85,122,1955,1950s,3,ATL,154,675,5225,1388,221,21,167,478,646.0,26,541,491,3.21,72,16,17,4128,1261,125,426,773,119,152.0,0.98,4.282591093117409,False,False,False,True,False,False,False,False,False,False,False,False,True,False,False,False,False,False,False,125,ATL
PHA,1938,28,"R, AB, H, 2B, 3B, HR, BB, SO, SB, RA, ER, ERA, CG, SHO, SV, IPouts, HA, HRA, BBA, SOA, E, DP, FP, mlb_rpg, era_2, era_4, decade_1930, decade_1940",False,154,726,5229,1410,243,62,98,605,590.0,65,956,806,5.48,56,4,12,3972,1573,142,599,473,204,119.0,0.965,4.902046147148455,False,True,False,False,False,False,False,False,False,False,True,False,False,False,False,False,False,False,False,53,1524,1938,1930s,2,OAK,154,729,5181,1345,231,47,68,726,523.0,40,735,673,4.43,74,7,18,4104,1456,86,638,486,113,180.0,0.981,4.578819725141472,False,False,False,True,False,False,False,False,False,False,False,True,False,False,False,False,False,False,False,1534,OAK
SDN,1990,28,"R, AB, H, 2B, 3B, HR, BB, SO, SB, RA, ER, ERA, CG, SHO, SV, IPouts, HA, HRA, BBA, SOA, E, DP, FP, mlb_rpg, era_6, era_7, decade_1990, decade_2000",False,162,673,5554,1429,243,35,123,509,902.0,138,673,597,3.68,21,12,35,4383,1437,147,507,928,141,141.0,0.977,4.256294536817102,False,False,False,False,False,True,False,False,False,False,False,False,False,False,False,False,True,False,False,75,1834,1990,1990s,3,SDP,162,637,5568,1390,264,27,154,518,1259.0,36,764,714,4.41,3,6,30,4375,1466,165,561,1100,85,149.0,0.986,4.650947281713345,False,False,False,False,False,False,True,False,False,False,False,False,False,False,False,False,False,True,False,1850,SDP
NY1,1920,27,"G, R, AB, H, 2B, 3B, HR, BB, SO, SB, RA, ER, ERA, CG, SHO, SV, IPouts, HA, HRA, BBA, SOA, E, DP, FP, mlb_rpg, decade_1920, decade_1930",False,155,682,5309,1427,210,76,46,432,545.0,131,543,438,2.8,86,18,9,4224,1379,44,297,380,209,137.0,0.969,4.360615883306321,False,True,False,False,False,False,False,False,False,True,False,False,False,False,False,False,False,False,False,86,1910,1920,1920s,3,SEA,151,703,5129,1395,211,38,116,498,499.0,26,685,596,4.07,55,6,20,3957,1412,86,477,505,153,152.0,0.975,4.823720552396425,False,True,False,False,False,False,False,False,False,False,True,False,False,False,False,False,False,False,False,1929,SFG
DET,1990,28,"R, AB, H, 2B, 3B, HR, BB, SO, SB, RA, ER, ERA, CG, SHO, SV, IPouts, HA, HRA, BBA, SOA, E, DP, FP, mlb_rpg, era_6, era_7, decade_1990, decade_2000",False,162,750,5479,1418,241,32,172,634,952.0,82,754,698,4.39,15,12,45,4290,1401,154,661,856,131,178.0,0.979,4.256294536817102,False,False,False,False,False,True,False,False,False,False,False,False,False,False,False,False,True,False,False,79,930,1990,1990s,3,DET,162,823,5644,1553,307,41,177,562,982.0,83,827,755,4.71,6,6,44,4330,1583,177,496,978,105,171.0,0.983,5.140181144503911,False,False,False,False,False,False,True,False,False,False,False,False,False,False,False,False,False,True,False,938,DET
SFN,1959,28,"G, R, AB, H, 2B, 3B, HR, BB, SO, SB, RA, ER, ERA, CG, SHO, SV, IPouts, HA, HRA, BBA, SOA, E, FP, mlb_rpg, era_4, era_6, decade_1950, decade_1970",False,154,705,5281,1377,239,35,167,473,875.0,81,613,531,3.47,52,12,23,4128,1279,139,500,873,152,118.0,0.974,4.383279483037157,False,False,False,True,False,False,False,False,False,False,False,False,True,False,False,False,False,False,False,83,1949,1959,1950s,3,SFG,162,613,5364,1331,240,41,117,554,814.0,87,594,534,3.3,42,17,29,4365,1377,84,453,840,146,118.0,0.976,4.103472882968601,False,False,False,False,False,True,False,False,False,False,False,False,False,False,True,False,False,False,False,1968,SFG
CIN,1916,28,"G, R, AB, H, 2B, 3B, HR, BB, SO, SB, RA, ER, ERA, CG, SHO, SV, HA, HRA, BBA, SOA, E, DP, FP, mlb_rpg, era_1, era_2, decade_1910, decade_1920",False,155,505,5254,1336,187,88,14,362,573.0,157,617,485,3.1,86,7,6,4224,1356,35,461,569,228,126.0,0.965,3.5641539695268647,True,False,False,False,False,False,False,False,True,False,False,False,False,False,False,False,False,False,False,60,622,1916,1910s,2,CIN,157,747,5320,1541,242,120,35,454,333.0,51,651,535,3.42,88,14,8,4224,1449,40,324,424,183,160.0,0.972,4.636547811993517,False,True,False,False,False,False,False,False,False,True,False,False,False,False,False,False,False,False,False,630,CIN
FLO,2006,28,"R, AB, H, 2B, 3B, HR, BB, SO, SB, RA, ER, ERA, CG, SHO, SV, IPouts, HA, HRA, BBA, SOA, E, DP, FP, mlb_rpg, era_7, era_8, decade_2000, decade_2010",False,162,758,5502,1454,309,42,182,497,1249.0,110,772,696,4.37,6,6,41,4300,1465,166,622,1088,126,166.0,0.979,4.857760395224372,False,False,False,False,False,False,True,False,False,False,False,False,False,False,False,False,False,True,False,78,966,2006,2000s,3,FLA,162,645,5538,1399,254,36,122,501,1419.0,58,674,613,3.78,3,16,42,4373,1481,114,458,1190,97,154.0,0.984,4.0660493827160495,False,False,False,False,False,False,False,True,False,False,False,False,False,False,False,False,False,False,True,974,FLA
CIN,2007,28,"R, AB, H, 2B, 3B, HR, BB, SO, SB, RA, ER, ERA, CG, SHO, SV, IPouts, HA, HRA, BBA, SOA, E, DP, FP, mlb_rpg, era_7, era_8, decade_2000, decade_2010",False,162,783,5607,1496,293,23,204,536,1113.0,97,853,796,4.94,6,7,34,4349,1605,198,482,1068,95,155.0,0.984,4.796791443850268,False,False,False,False,False,False,True,False,False,False,False,False,False,False,False,False,False,True,False,72,708,2007,2000s,3,CIN,162,640,5571,1382,257,27,167,496,1255.0,134,754,700,4.33,2,8,35,4360,1436,177,544,1252,90,131.0,0.985,4.250102923013586,False,False,False,False,False,False,False,True,False,False,False,False,False,False,False,False,False,False,True,716,CIN
TOR,2006,27,"R, AB, H, 2B, 3B, HR, BB, SO, SB, RA, ER, ERA, CG, SHO, SV, IPouts, HRA, BBA, SOA, E, DP, FP, mlb_rpg, era_6, era_7, decade_1980, decade_2000",False,162,809,5596,1591,348,27,199,514,906.0,65,754,694,4.37,6,6,42,4285,1447,185,504,1076,99,157.0,0.984,4.857760395224372,False,False,False,False,False,False,True,False,False,False,False,False,False,False,False,False,False,True,False,87,2210,2006,2000s,3,TOR,162,694,5465,1407,250,61,114,547,865.0,237,629,563,3.48,33,15,36,4368,1447,100,460,823,144,126.0,0.977,4.2881235154394295,False,False,False,False,False,True,False,False,False,False,False,False,False,False,False,True,False,False,False,2232,TOR
SEA,2004,29,"G, R, AB, H, 2B, 3B, HR, BB, SO, SB, RA, ER, ERA, CG, SHO, SV, IPouts, HA, HRA, BBA, SOA, E, DP, FP, mlb_rpg, era_1, era_7, decade_1910, decade_2000",False,162,698,5722,1544,276,20,136,492,1058.0,110,823,772,4.76,7,7,28,4378,1498,212,575,1036,103,140.0,0.983,4.813838550247117,False,False,False,False,False,False,True,False,False,False,False,False,False,False,False,False,False,True,False,63,1883,2004,2000s,2,SEA,155,574,4874,1222,160,48,23,516,855.0,205,510,373,2.45,109,22,13,4113,1219,25,369,655,230,75.0,0.963,3.533016832110488,True,False,False,False,False,False,False,False,True,False,False,False,False,False,False,False,False,False,False,1899,SEA
CHA,2013,29,"G, R, AB, H, 2B, 3B, HR, BB, SO, SB, RA, ER, ERA, CG, SHO, SV, IPouts, HA, HRA, BBA, SOA, E, DP, FP, mlb_rpg, era_1, era_8, decade_1910, decade_2010",False,162,598,5563,1385,237,19,148,411,1207.0,105,723,643,3.98,5,5,40,4365,1424,182,509,1249,121,155.0,0.98,4.165981077745784,False,False,False,False,False,False,False,True,False,False,False,False,False,False,False,False,False,False,True,63,606,2013,2010s,2,CHW,155,735,5205,1401,160,101,27,434,855.0,181,698,457,3.01,119,10,2,4095,1409,22,439,547,310,122.0,0.953,3.896523848019402,True,False,False,False,False,False,False,False,True,False,False,False,False,False,False,False,False,False,False,611,CHW
CLE,1970,27,"G, R, AB, H, 2B, 3B, HR, BB, SO, SB, RA, ER, ERA, CG, SHO, SV, IPouts, HA, HRA, BBA, SOA, E, DP, FP, mlb_rpg, era_5, era_6",False,162,649,5463,1358,197,23,183,503,909.0,25,675,630,3.91,34,8,35,4353,1333,163,689,1076,133,168.0,0.979,4.341563786008231,False,False,False,False,True,False,False,False,False,False,False,False,False,False,True,False,False,False,False,76,781,1970,1970s,3,CLE,159,639,5365,1400,223,45,106,488,698.0,64,694,621,3.97,36,6,28,4221,1397,100,568,739,121,142.0,0.98,4.103472882968601,False,False,False,False,False,True,False,False,False,False,False,False,False,False,True,False,False,False,False,789,CLE
SFN,2016,29,"G, R, AB, H, 2B, 3B, HR, BB, SO, SB, RA, ER, ERA, CG, SHO, SV, IPouts, HA, HRA, BBA, SOA, E, DP, FP, mlb_rpg, era_2, era_8, decade_1920, decade_2010",False,162,715,5565,1437,280,54,130,572,1107.0,79,631,593,3.65,10,11,43,4381,1334,158,439,1309,72,136.0,0.988,4.477759472817134,False,False,False,False,False,False,False,True,False,False,False,False,False,False,False,False,False,False,True,87,2003,2016,2010s,3,SFG,154,740,5349,1552,270,87,67,382,418.0,86,750,629,4.15,79,7,6,4092,1528,70,486,393,191,162.0,0.969,4.761169780666125,False,True,False,False,False,False,False,False,False,True,False,False,False,False,False,False,False,False,False,2022,SFG
PHI,1953,29,"G, R, AB, H, 2B, 3B, HR, BB, SO, SB, RA, ER, ERA, CG, SHO, SV, IPouts, HA, HRA, BBA, SOA, E, DP, FP, mlb_rpg, era_4, era_5, decade_1950, decade_1960",False,156,716,5290,1400,228,62,115,530,597.0,42,666,578,3.8,76,13,15,4107,1410,138,410,637,147,161.0,0.975,4.607258064516129,False,False,False,True,False,False,False,False,False,False,False,False,True,False,False,False,False,False,False,83,1645,1953,1950s,3,PHI,162,696,5607,1448,224,49,117,510,969.0,56,640,579,3.57,52,15,23,4377,1439,137,412,928,113,147.0,0.982,3.993808049535603,False,False,False,False,True,False,False,False,False,False,False,False,False,True,False,False,False,False,False,1658,PHI
SLA,1933,25,"G, R, AB, H, 2B, 3B, HR, BB, SO, SB, RA, ER, ERA, CG, SHO, SV, IPouts, HA, HRA, BBA, SOA, E, DP, FP, mlb_rpg",False,153,669,5285,1337,244,64,64,520,556.0,72,820,728,4.82,55,7,10,4080,1574,96,531,426,150,162.0,0.975,4.467216673903604,False,True,False,False,False,False,False,False,False,False,True,False,False,False,False,False,False,False,False,55,208,1933,1930s,2,BAL,155,804,5391,1502,299,66,79,625,627.0,62,1064,935,6.24,54,3,13,4044,1776,115,609,399,188,143.0,0.969,5.188206785137318,False,True,False,False,False,False,False,False,False,False,True,False,False,False,False,False,False,False,False,211,BAL
BAL,1983,23,"R, AB, H, 2B, 3B, HR, BB, SO, SB, RA, ER, ERA, CG, SHO, SV, IPouts, HRA, BBA, SOA, E, DP, FP, mlb_rpg",False,162,799,5546,1492,283,27,168,601,800.0,61,652,586,3.63,36,15,38,4356,1451,130,452,774,121,159.0,0.981,4.307728781412992,False,False,False,False,False,True,False,False,False,False,False,False,False,False,False,True,False,False,False,98,257,1983,1980s,4,BAL,162,708,5524,1425,223,13,169,563,862.0,64,760,686,4.3,17,6,39,4308,1451,177,535,954,135,163.0,0.978,4.409177365668093,False,False,False,False,False,True,False,False,False,False,False,False,False,False,False,True,False,False,False,260,BAL
OAK,2010,29,"G, R, AB, H, 2B, 3B, HR, BB, SO, SB, RA, ER, ERA, CG, SHO, SV, IPouts, HA, HRA, BBA, SOA, E, DP, FP, mlb_rpg, era_1, era_8, decade_1910, decade_2010",False,162,663,5448,1396,276,30,109,527,1061.0,156,626,566,3.56,7,17,38,4295,1315,153,512,1070,99,147.0,0.984,4.384362139917696,False,False,False,False,False,False,False,True,False,False,False,False,False,False,False,False,False,False,True,81,1593,2010,2010s,3,OAK,155,504,5012,1223,194,68,11,334,855.0,200,445,325,2.1,116,22,6,4179,1167,8,379,476,238,75.0,0.963,3.385450160771704,True,False,False,False,False,False,False,False,True,False,False,False,False,False,False,False,False,False,False,1603,OAK
OAK,1977,27,"G, R, AB, H, 2B, 3B, HR, BB, SO, SB, RA, ER, ERA, CG, SHO, SV, IPouts, HA, HRA, BBA, SOA, E, DP, FP, mlb_rpg, decade_1970, decade_1980",False,161,605,5358,1284,176,37,117,516,910.0,176,749,645,4.04,32,4,26,4308,1459,145,560,788,190,136.0,0.97,4.470518307180218,False,False,False,False,False,True,False,False,False,False,False,False,False,False,True,False,False,False,False,63,1563,1977,1970s,2,OAK,162,800,5602,1474,251,22,156,580,926.0,129,620,569,3.44,22,9,64,4467,1376,116,553,983,105,151.0,0.983,4.138095238095239,False,False,False,False,False,True,False,False,False,False,False,False,False,False,False,True,False,False,False,1573,OAK
CHA,1943,27,"G, R, AB, H, 2B, 3B, HR, BB, SO, SB, RA, ER, ERA, CG, SHO, SV, IPouts, HA, HRA, BBA, SOA, E, DP, FP, mlb_rpg, era_3, era_4",False,155,573,5254,1297,193,46,33,561,581.0,173,594,498,3.2,70,12,19,4200,1352,54,501,476,166,167.0,0.973,3.91518578352181,False,False,True,False,False,False,False,False,False,False,False,True,False,False,False,False,False,False,False,82,539,1943,1940s,3,CHW,154,559,5192,1303,172,39,55,595,528.0,46,814,731,4.89,35,2,23,4035,1454,89,673,403,154,176.0,0.974,4.578819725141472,False,False,False,True,False,False,False,False,False,False,False,True,False,False,False,False,False,False,False,544,CHW
PHA,1911,29,"G, R, AB, H, 2B, 3B, HR, BB, SO, SB, RA, ER, ERA, CG, SHO, SV, IPouts, HA, HRA, BBA, SOA, E, DP, FP, mlb_rpg, era_1, era_2, decade_1910, decade_1920",False,152,861,5199,1540,237,93,35,424,855.0,226,601,460,3.01,97,13,13,4125,1343,17,487,739,228,100.0,0.963,4.512530315278901,True,False,False,False,False,False,False,False,True,False,False,False,False,False,False,False,False,False,False,101,1500,1911,1910s,4,NYY,153,661,5196,1407,229,64,53,445,517.0,72,761,618,4.08,65,7,12,4092,1465,68,550,400,225,127.0,0.964,4.815085158150851,False,True,False,False,False,False,False,False,False,True,False,False,False,False,False,False,False,False,False,1510,OAK
CHN,1969,27,"G, R, AB, H, 2B, 3B, HR, BB, SO, SB, RA, ER, ERA, CG, SHO, SV, IPouts, HA, HRA, BBA, SOA, E, DP, FP, mlb_rpg, decade_1960, decade_1970",False,163,720,5530,1400,215,40,142,559,928.0,30,611,540,3.34,58,22,27,4362,1366,118,475,1017,136,149.0,0.979,4.07245632065776,False,False,False,False,True,False,False,False,False,False,False,False,False,True,False,False,False,False,False,92,459,1969,1960s,4,CHC,162,669,5574,1397,221,42,110,621,857.0,78,826,697,4.28,23,6,26,4398,1593,122,576,895,199,141.0,0.969,4.124935732647815,False,False,False,False,True,False,False,False,False,False,False,False,False,False,True,False,False,False,False,464,CHC
NYA,1974,29,"G, R, AB, H, 2B, 3B, HR, BB, SO, SB, RA, ER, ERA, CG, SHO, SV, IPouts, HA, HRA, BBA, SOA, E, DP, FP, mlb_rpg, era_5, era_6, decade_1970, decade_1980",False,162,671,5524,1451,220,30,101,515,690.0,53,623,535,3.31,53,13,24,4365,1402,104,528,829,142,158.0,0.977,4.124935732647815,False,False,False,False,True,False,False,False,False,False,False,False,False,False,True,False,False,False,False,89,1454,1974,1970s,3,NYY,161,839,5458,1458,272,31,176,620,771.0,155,660,590,3.69,25,9,49,4320,1373,157,518,907,123,172.0,0.979,4.330955777460771,False,False,False,False,False,True,False,False,False,False,False,False,False,False,False,True,False,False,False,1464,NYY
BOS,2002,24,"R, AB, H, 2B, 3B, HR, BB, SO, SB, RA, ER, ERA, CG, SHO, SV, IPouts, HA, HRA, BBA, SOA, E, DP, FP, mlb_rpg",False,162,859,5640,1560,348,33,177,545,944.0,80,665,603,3.75,5,17,51,4338,1339,146,430,1157,104,140.0,0.983,4.618301731244848,False,False,False,False,False,False,True,False,False,False,False,False,False,False,False,False,False,True,False,93,381,2002,2000s,4,BOS,162,910,5626,1579,339,21,199,653,1044.0,45,805,752,4.74,6,8,38,4287,1550,164,440,959,109,135.0,0.982,4.591731797614151,False,False,False,False,False,False,True,False,False,False,False,False,False,False,False,False,False,True,False,384,BOS
SLA,1935,25,"G, R, AB, H, 2B, 3B, HR, BB, SO, SB, RA, ER, ERA, CG, SHO, SV, IPouts, HA, HRA, BBA, SOA, E, DP, FP, mlb_rpg",False,155,718,5365,1446,291,51,73,593,561.0,45,930,807,5.26,42,4,15,4140,1667,92,641,435,186,138.0,0.97,4.86468952734013,False,True,False,False,False,False,False,False,False,False,True,False,False,False,False,False,False,False,False,65,210,1935,1930s,2,BAL,156,755,5333,1498,273,36,92,590,528.0,51,962,866,5.8,71,3,7,4032,1584,132,737,632,145,163.0,0.975,4.902046147148455,False,True,False,False,False,False,False,False,False,False,True,False,False,False,False,False,False,False,False,213,BAL
NYN,1973,28,"G, R, AB, H, 2B, 3B, HR, BB, SO, SB, RA, ER, ERA, CG, SV, IPouts, HA, HRA, BBA, SOA, E, DP, FP, mlb_rpg, era_5, era_6, decade_1970, decade_1980",False,161,608,5457,1345,198,24,85,540,805.0,27,588,531,3.26,47,15,40,4395,1345,127,490,1027,126,140.0,0.98,4.214101904271745,False,False,False,False,True,False,False,False,False,False,False,False,False,False,True,False,False,False,False,82,1346,1973,1970s,3,NYM,162,652,5438,1400,235,25,107,500,1001.0,149,676,577,3.6,12,15,50,4326,1371,104,573,1028,129,154.0,0.979,4.256769596199525,False,False,False,False,False,True,False,False,False,False,False,False,False,False,False,True,False,False,False,1356,NYM
SLN,1978,28,"R, AB, H, 2B, 3B, HR, BB, SO, SB, RA, ER, ERA, CG, SHO, SV, IPouts, HA, HRA, BBA, SOA, E, DP, FP, mlb_rpg, era_6, era_7, decade_1970, decade_2000",False,162,600,5415,1351,263,44,79,420,713.0,97,657,572,3.58,32,13,22,4311,1300,94,600,859,136,155.0,0.978,4.103472882968601,False,False,False,False,False,True,False,False,False,False,False,False,False,False,True,False,False,False,False,69,2076,1978,1970s,2,STL,162,876,5672,1580,342,32,196,580,952.0,82,796,748,4.6,9,10,41,4391,1544,210,508,969,77,138.0,0.987,4.72798353909465,False,False,False,False,False,False,True,False,False,False,False,False,False,False,False,False,False,True,False,2098,STL
CHA,1991,27,"G, R, AB, H, 2B, 3B, HR, BB, SO, SB, RA, ER, ERA, CG, SHO, SV, IPouts, HA, HRA, BBA, SOA, E, DP, FP, mlb_rpg, era_6, era_7",False,162,758,5594,1464,226,39,139,610,896.0,134,681,622,3.79,28,8,40,4434,1302,154,601,923,116,151.0,0.982,4.307747148288973,False,False,False,False,False,True,False,False,False,False,False,False,False,False,False,False,True,False,False,87,586,1991,1990s,3,CHW,163,861,5585,1516,291,38,198,551,916.0,127,931,837,5.24,8,4,42,4315,1569,211,580,911,140,161.0,0.977,4.789679276315789,False,False,False,False,False,False,True,False,False,False,False,False,False,False,False,False,True,False,False,591,CHW
DET,1952,27,"G, R, AB, H, 2B, 3B, HR, BB, SO, SB, RA, ER, ERA, CG, SHO, SV, IPouts, HA, HRA, BBA, SOA, E, DP, FP, mlb_rpg, decade_1950, decade_1960",False,156,557,5258,1278,190,37,103,553,605.0,27,738,655,4.25,51,10,14,4164,1394,111,591,702,149,145.0,0.975,4.17635189669088,False,False,False,True,False,False,False,False,False,False,False,False,True,False,False,False,False,False,False,50,893,1952,1950s,2,DET,154,633,5202,1243,188,34,150,636,728.0,66,644,568,3.64,40,7,25,4215,1336,141,474,824,137,138.0,0.977,4.313915857605178,False,False,False,True,False,False,False,False,False,False,False,False,False,True,False,False,False,False,False,901,DET
KCA,1989,29,"G, R, AB, H, 2B, 3B, HR, BB, SO, SB, RA, ER, ERA, CG, SHO, SV, IPouts, HA, HRA, BBA, SOA, E, DP, FP, mlb_rpg, era_6, era_7, decade_1980, decade_1990",False,162,690,5475,1428,227,41,101,554,897.0,154,635,572,3.55,27,13,38,4353,1415,86,455,978,111,139.0,0.982,4.132241215574549,False,False,False,False,False,True,False,False,False,False,False,False,False,False,False,True,False,False,False,92,1048,1989,1980s,4,KCR,161,856,5624,1584,294,52,151,535,932.0,127,921,844,5.35,11,3,29,4261,1607,202,643,831,125,189.0,0.98,5.0846375617792425,False,False,False,False,False,False,True,False,False,False,False,False,False,False,False,False,True,False,False,1056,KCR
BOS,1910,24,"G, R, AB, H, 2B, 3B, HR, BB, SO, SB, RA, ER, ERA, CG, SV, IPouts, HA, HRA, BBA, SOA, E, DP, FP, mlb_rpg",False,158,638,5204,1350,175,87,43,430,855.0,194,564,389,2.45,100,12,6,4290,1236,30,414,670,308,80.0,0.954,3.835068054443554,True,False,False,False,False,False,False,False,True,False,False,False,False,False,False,False,False,False,False,81,295,1910,1910s,3,BOS,151,631,4965,1334,220,101,17,466,534.0,189,610,444,2.94,83,12,10,4074,1323,6,442,710,238,84.0,0.961,4.037277147487845,True,False,False,False,False,False,False,False,True,False,False,False,False,False,False,False,False,False,False,298,BOS
NYN,1965,27,"G, R, AB, H, 2B, 3B, HR, BB, SO, SB, RA, ER, ERA, CG, SHO, SV, IPouts, HA, HRA, BBA, SOA, E, DP, FP, mlb_rpg, decade_1960, decade_1970",False,164,495,5441,1202,203,27,107,392,1129.0,28,752,656,4.06,29,11,14,4362,1462,147,498,776,169,153.0,0.974,3.9882932840418976,False,False,False,False,True,False,False,False,False,False,False,False,False,True,False,False,False,False,False,50,1338,1965,1960s,2,MIN,162,646,5587,1430,217,34,101,501,805.0,32,625,552,3.39,40,14,31,4398,1344,99,580,989,151,144.0,0.976,4.21277145811789,False,False,False,False,True,False,False,False,False,False,False,False,False,False,True,False,False,False,False,1348,NYM
CHA,1961,26,"R, AB, H, 2B, 3B, HR, BB, SO, SB, RA, ER, ERA, CG, SHO, SV, IPouts, HA, HRA, BBA, SOA, E, DP, FP, mlb_rpg, era_4, era_5",False,163,765,5556,1475,216,46,138,550,612.0,100,726,653,4.06,39,3,33,4344,1491,158,498,814,128,138.0,0.98,4.525174825174825,False,False,False,True,False,False,False,False,False,False,False,False,False,True,False,False,False,False,False,86,557,1961,1960s,3,CHW,163,574,5348,1235,193,40,87,476,872.0,153,517,439,2.68,38,22,34,4425,1229,101,403,896,160,149.0,0.976,3.993808049535603,False,False,False,False,True,False,False,False,False,False,False,False,False,True,False,False,False,False,False,562,CHW
PIT,1977,28,"R, AB, H, 2B, 3B, HR, BB, SO, SB, RA, ER, ERA, CG, SHO, SV, IPouts, HA, HRA, BBA, SOA, E, DP, FP, mlb_rpg, era_6, era_7, decade_1970, decade_1990",False,162,734,5662,1550,278,57,133,474,878.0,260,665,594,3.61,25,15,39,4443,1406,149,485,890,145,137.0,0.977,4.470518307180218,False,False,False,False,False,True,False,False,False,False,False,False,False,False,True,False,False,False,False,96,1777,1977,1970s,4,PIT,162,776,5665,1509,319,33,138,510,989.0,126,833,750,4.64,5,7,37,4360,1602,183,479,1044,128,144.0,0.98,5.0355094838994265,False,False,False,False,False,False,True,False,False,False,False,False,False,False,False,False,True,False,False,1793,PIT
KCA,1974,29,"G, R, AB, H, 2B, 3B, HR, BB, SO, SB, RA, ER, ERA, CG, SHO, SV, IPouts, HA, HRA, BBA, SOA, E, DP, FP, mlb_rpg, era_5, era_6, decade_1970, decade_1980",False,162,667,5582,1448,232,42,89,550,768.0,146,662,574,3.51,54,13,17,4413,1477,91,482,731,152,166.0,0.976,4.124935732647815,False,False,False,False,True,False,False,False,False,False,False,False,False,False,True,False,False,False,False,77,1034,1974,1970s,3,HOU,163,696,5598,1515,273,54,109,397,722.0,182,767,679,4.25,19,8,49,4311,1535,133,471,593,164,178.0,0.974,4.307728781412992,False,False,False,False,False,True,False,False,False,False,False,False,False,False,False,True,False,False,False,1042,KCR
OAK,1972,29,"G, R, AB, H, 2B, 3B, HR, BB, SO, SB, RA, ER, ERA, CG, SHO, SV, IPouts, HA, HRA, BBA, SOA, E, DP, FP, mlb_rpg, era_5, era_6, decade_1970, decade_1980",False,155,604,5200,1248,195,29,134,463,886.0,87,457,406,2.58,42,23,43,4251,1170,96,418,862,130,146.0,0.979,3.686390532544378,False,False,False,False,True,False,False,False,False,False,False,False,False,False,True,False,False,False,False,93,1558,1972,1970s,4,OAK,162,708,5516,1447,237,28,121,524,872.0,235,782,701,4.34,22,12,33,4362,1462,135,626,719,157,157.0,0.974,4.307728781412992,False,False,False,False,False,True,False,False,False,False,False,False,False,False,False,True,False,False,False,1568,OAK
PHI,1949,27,"G, R, AB, H, 2B, 3B, HR, BB, SO, SB, RA, ER, ERA, CG, SHO, SV, IPouts, HA, HRA, BBA, SOA, E, DP, FP, mlb_rpg, decade_1940, decade_1960",False,154,662,5307,1349,232,55,122,528,670.0,27,668,601,3.89,58,12,15,4173,1389,104,502,495,158,141.0,0.974,4.607258064516129,False,False,False,True,False,False,False,False,False,False,False,True,False,False,False,False,False,False,False,81,1641,1949,1940s,3,PHI,161,705,5420,1410,199,39,142,531,923.0,79,759,678,4.28,43,7,24,4278,1469,155,574,863,138,167.0,0.977,4.460518198642813,False,False,False,True,False,False,False,False,False,False,False,False,False,True,False,False,False,False,False,1654,PHI
MON,1991,29,"G, R, AB, H, 2B, 3B, HR, BB, SO, SB, RA, ER, ERA, CG, SHO, SV, IPouts, HA, HRA, BBA, SOA, E, DP, FP, mlb_rpg, era_6, era_8, decade_1990, decade_2010",False,161,579,5412,1329,236,42,95,484,1056.0,221,655,582,3.64,12,14,39,4320,1304,111,584,909,131,128.0,0.979,4.307747148288973,False,False,False,False,False,True,False,False,False,False,False,False,False,False,False,False,True,False,False,71,2242,1991,1990s,3,TOR,162,703,5428,1363,265,13,177,539,1344.0,57,635,577,3.62,4,13,41,4304,1366,145,364,1342,90,125.0,0.985,4.250102923013586,False,False,False,False,False,False,False,True,False,False,False,False,False,False,False,False,False,False,True,2264,WSN
BOS,1916,29,"G, R, AB, H, 2B, 3B, HR, BB, SO, SB, RA, ER, ERA, CG, SHO, SV, IPouts, HA, HRA, BBA, SOA, E, DP, FP, mlb_rpg, era_1, era_2, decade_1910, decade_1920",False,156,550,5018,1246,197,56,14,464,482.0,129,480,389,2.48,76,24,16,4230,1221,10,463,584,183,108.0,0.972,3.5641539695268647,True,False,False,False,False,False,False,False,True,False,False,False,False,False,False,False,False,False,False,91,301,1916,1910s,4,BOS,154,668,5206,1440,248,69,17,428,344.0,83,696,603,3.98,88,9,5,4092,1521,53,452,446,157,151.0,0.975,4.855573637103336,False,True,False,False,False,False,False,False,False,True,False,False,False,False,False,False,False,False,False,304,BOS
KCA,2011,29,"G, R, AB, H, 2B, 3B, HR, BB, SO, SB, RA, ER, ERA, CG, SHO, SV, IPouts, HA, HRA, BBA, SOA, E, DP, FP, mlb_rpg, era_1, era_8, decade_1910, decade_2010",False,162,730,5672,1560,325,41,129,442,1006.0,153,762,716,4.44,2,6,37,4354,1487,163,557,1080,95,149.0,0.985,4.283244133388226,False,False,False,False,False,False,False,True,False,False,False,False,False,False,False,False,False,False,True,71,1068,2011,2010s,3,KCR,153,496,4897,1156,141,68,25,388,855.0,175,625,469,3.13,119,22,11,4044,1255,15,453,476,283,73.0,0.955,3.607282184655397,True,False,False,False,False,False,False,False,True,False,False,False,False,False,False,False,False,False,False,1076,KCR
WS1,1921,27,"G, R, AB, H, 2B, 3B, HR, BB, SO, SB, RA, ER, ERA, CG, SHO, SV, IPouts, HA, HRA, BBA, SOA, E, DP, FP, mlb_rpg, decade_1920, decade_1930",False,154,704,5294,1468,240,96,42,462,472.0,111,738,610,3.97,80,10,10,4149,1568,51,442,452,234,153.0,0.963,4.855573637103336,False,True,False,False,False,False,False,False,False,True,False,False,False,False,False,False,False,False,False,80,1242,1921,1920s,3,MIN,156,843,5576,1588,308,93,49,481,459.0,72,691,582,3.76,60,7,24,4182,1434,73,498,582,142,148.0,0.976,4.810679611650485,False,True,False,False,False,False,False,False,False,False,True,False,False,False,False,False,False,False,False,1252,MIN
PHA,1925,26,"G, R, AB, H, 2B, 3B, HR, BB, SO, SB, RA, ER, ERA, CG, SHO, SV, IPouts, HA, HRA, BBA, SOA, E, DP, mlb_rpg, decade_1920, decade_1930",False,153,831,5399,1659,298,79,76,453,432.0,67,713,594,3.87,61,8,18,4143,1468,60,544,495,214,148.0,0.966,5.128664495114006,False,True,False,False,False,False,False,False,False,True,False,False,False,False,False,False,False,False,False,88,1512,1925,1920s,3,OAK,154,714,5373,1443,240,60,72,524,590.0,59,1045,913,6.08,68,3,12,4056,1645,131,696,405,208,152.0,0.966,5.188206785137318,False,True,False,False,False,False,False,False,False,False,True,False,False,False,False,False,False,False,False,1522,OAK
CIN,1931,25,"G, R, AB, H, 2B, 3B, HR, BB, SO, SB, RA, ER, ERA, CG, SHO, SV, IPouts, HA, HRA, BBA, SOA, E, DP, FP, mlb_rpg",False,154,592,5343,1439,241,70,21,403,463.0,24,742,631,4.22,70,7,6,4035,1545,51,399,317,165,194.0,0.973,4.810679611650485,False,True,False,False,False,False,False,False,False,False,True,False,False,False,False,False,False,False,False,58,635,1931,1930s,2,CIN,156,767,5378,1493,269,60,98,500,538.0,46,595,510,3.27,86,13,9,4209,1340,81,499,637,159,170.0,0.974,4.823720552396425,False,True,False,False,False,False,False,False,False,False,True,False,False,False,False,False,False,False,False,643,CIN
PIT,1999,29,"G, R, AB, H, 2B, 3B, HR, BB, SO, SB, RA, ER, ERA, CG, SHO, SV, IPouts, HA, HRA, BBA, SOA, E, DP, FP, mlb_rpg, era_7, era_8, decade_1990, decade_2010",False,161,775,5468,1417,282,40,171,573,1197.0,112,782,689,4.33,8,3,34,4297,1444,160,633,1083,147,174.0,0.976,5.0846375617792425,False,False,False,False,False,False,True,False,False,False,False,False,False,False,False,False,True,False,False,78,1796,1999,1990s,3,PIT,162,697,5631,1462,292,27,140,461,1322.0,98,596,532,3.21,0,13,54,4469,1392,110,453,1338,122,177.0,0.981,4.250102923013586,False,False,False,False,False,False,False,True,False,False,False,False,False,False,False,False,False,False,True,1812,PIT
CLE,2002,26,"R, AB, H, 2B, 3B, HR, BB, SO, SB, RA, ER, ERA, CG, IPouts, HA, HRA, BBA, SOA, E, DP, FP, mlb_rpg, era_7, era_8, decade_2000, decade_2010",False,162,739,5423,1349,255,26,192,542,1000.0,52,837,777,4.91,9,4,34,4274,1508,142,603,1058,113,161.0,0.981,4.618301731244848,False,False,False,False,False,False,True,False,False,False,False,False,False,False,False,False,False,True,False,74,810,2002,2000s,3,CLE,162,646,5487,1362,290,20,128,545,1184.0,91,752,684,4.3,10,4,34,4299,1477,147,572,967,110,179.0,0.982,4.384362139917696,False,False,False,False,False,False,False,True,False,False,False,False,False,False,False,False,False,False,True,818,CLE
SFN,1996,28,"R, AB, H, 2B, 3B, HR, BB, SO, SB, RA, ER, ERA, CG, SHO, SV, IPouts, HA, HRA, BBA, SOA, E, DP, FP, mlb_rpg, era_7, era_8, decade_1990, decade_2010",False,162,752,5533,1400,245,21,153,615,1189.0,113,862,756,4.72,9,8,35,4326,1520,194,570,997,134,165.0,0.978,5.0355094838994265,False,False,False,False,False,False,True,False,False,False,False,False,False,False,False,False,True,False,False,68,1983,1996,1990s,2,SFG,162,696,5565,1486,288,39,136,457,1159.0,93,627,597,3.72,7,18,41,4333,1344,155,431,1165,78,145.0,0.987,4.250102923013586,False,False,False,False,False,False,False,True,False,False,False,False,False,False,False,False,False,False,True,2002,SFG
LAN,2001,29,"G, R, AB, H, 2B, 3B, HR, BB, SO, SB, RA, ER, ERA, CG, SHO, SV, IPouts, HA, HRA, BBA, SOA, E, DP, FP, mlb_rpg, era_7, era_8, decade_2000, decade_2010",False,162,758,5493,1399,264,27,206,519,1062.0,89,744,685,4.25,3,5,46,4352,1387,184,524,1212,116,138.0,0.981,4.7754219843557015,False,False,False,False,False,False,True,False,False,False,False,False,False,False,False,False,False,True,False,86,1166,2001,2000s,3,LAD,161,644,5436,1395,237,28,117,498,1087.0,126,612,563,3.54,7,17,40,4296,1287,132,507,1265,85,121.0,0.986,4.283244133388226,False,False,False,False,False,False,False,True,False,False,False,False,False,False,False,False,False,False,True,1176,LAD
BOS,1985,25,"G, R, AB, H, 2B, 3B, HR, BB, SO, SB, RA, ER, ERA, CG, SHO, SV, IPouts, HA, HRA, BBA, SOA, E, DP, FP, mlb_rpg",False,163,800,5720,1615,292,31,162,562,816.0,66,720,659,4.06,35,8,29,4383,1487,130,540,913,145,161.0,0.977,4.330955777460771,False,False,False,False,False,True,False,False,False,False,False,False,False,False,False,True,False,False,False,81,366,1985,1980s,3,BOS,162,813,5545,1569,310,39,124,623,728.0,65,689,629,3.97,26,14,37,4278,1415,143,493,1085,93,123.0,0.984,4.138095238095239,False,False,False,False,False,True,False,False,False,False,False,False,False,False,False,True,False,False,False,369,BOS
SLN,1996,24,"R, AB, H, 2B, 3B, HR, BB, SO, SB, RA, ER, ERA, CG, SHO, SV, IPouts, HA, HRA, BBA, SOA, E, DP, FP, mlb_rpg",False,162,759,5502,1468,281,31,142,495,1089.0,149,706,642,3.98,13,11,43,4356,1380,173,539,1050,125,139.0,0.98,5.0355094838994265,False,False,False,False,False,False,True,False,False,False,False,False,False,False,False,False,True,False,False,88,2091,1996,1990s,3,STL,162,772,5586,1531,272,29,145,544,1042.0,73,913,805,5.06,6,5,45,4297,1606,172,695,1055,135,198.0,0.978,5.0846375617792425,False,False,False,False,False,False,True,False,False,False,False,False,False,False,False,False,True,False,False,2113,STL
TBA,2005,29,"G, R, AB, H, 2B, 3B, HR, BB, SO, SB, RA, ER, ERA, CG, SHO, SV, IPouts, HA, HRA, BBA, SOA, E, DP, FP, mlb_rpg, era_5, era_7, decade_1970, decade_2000",False,162,750,5552,1519,289,40,157,412,990.0,151,936,851,5.39,1,4,43,4265,1570,194,615,949,124,139.0,0.979,4.591731797614151,False,False,False,False,False,False,True,False,False,False,False,False,False,False,False,False,False,True,False,67,2119,2005,2000s,2,STL,159,537,5290,1219,189,30,86,575,956.0,68,660,583,3.7,30,10,26,4254,1376,132,554,762,141,170.0,0.977,3.8888028895768834,False,False,False,False,True,False,False,False,False,False,False,False,False,False,True,False,False,False,False,2141,TBD
TBA,2008,28,"G, R, AB, H, 2B, 3B, HR, BB, SO, SB, RA, ER, CG, SHO, SV, IPouts, HA, HRA, BBA, SOA, E, DP, FP, mlb_rpg, era_5, era_7, decade_1970, decade_2000",False,162,774,5541,1443,284,37,180,626,1224.0,142,671,618,3.82,7,12,52,4373,1349,166,526,1143,90,153.0,0.985,4.650947281713345,False,False,False,False,False,False,True,False,False,False,False,False,False,False,False,False,False,True,False,97,2122,2008,2000s,4,STL,161,690,5449,1482,198,39,99,508,710.0,113,698,608,3.82,62,16,12,4299,1423,126,449,871,163,164.0,0.974,4.124935732647815,False,False,False,False,True,False,False,False,False,False,False,False,False,False,True,False,False,False,False,2144,TBD
PIT,1968,27,"G, R, AB, H, 2B, 3B, BB, SO, SB, RA, ER, ERA, CG, SHO, SV, IPouts, HA, HRA, BBA, SOA, E, DP, mlb_rpg, era_5, era_6, decade_1960, decade_1980",False,163,583,5569,1404,180,44,80,422,953.0,130,532,453,2.74,42,19,30,4461,1322,73,485,897,139,162.0,0.979,3.4181538461538463,False,False,False,False,True,False,False,False,False,False,False,False,False,True,False,False,False,False,False,80,1768,1968,1960s,3,PIT,161,568,5436,1340,251,28,80,514,842.0,110,708,637,3.97,15,6,29,4335,1406,107,584,962,133,127.0,0.979,4.330955777460771,False,False,False,False,False,True,False,False,False,False,False,False,False,False,False,True,False,False,False,1784,PIT
BOS,1937,26,"R, AB, H, 2B, 3B, HR, BB, SO, SB, RA, ER, ERA, CG, SHO, SV, IPouts, HA, HRA, BBA, SOA, E, DP, FP, mlb_rpg, decade_1930, decade_1940",False,154,821,5354,1506,269,64,100,601,557.0,79,775,680,4.48,74,6,14,4098,1518,92,597,682,175,139.0,0.97,4.870863599677159,False,True,False,False,False,False,False,False,False,False,True,False,False,False,False,False,False,False,False,80,319,1937,1930s,3,BOS,154,872,5481,1566,301,80,145,590,597.0,55,825,749,4.89,51,4,16,4137,1568,124,625,613,173,156.0,0.972,4.679611650485437,False,True,False,False,False,False,False,False,False,False,False,True,False,False,False,False,False,False,False,322,BOS
TBA,2014,28,"G, R, AB, H, 3B, HR, BB, SO, SB, RA, ER, ERA, CG, SHO, SV, IPouts, HA, HRA, BBA, SOA, E, DP, FP, mlb_rpg, era_6, era_8, decade_1980, decade_2010",False,162,612,5516,1361,263,24,117,527,1124.0,63,625,579,3.56,3,22,37,4391,1292,145,482,1437,88,96.0,0.985,4.0660493827160495,False,False,False,False,False,False,False,True,False,False,False,False,False,False,False,False,False,False,True,77,2128,2014,2010s,3,STL,163,756,5690,1616,263,27,124,480,589.0,91,752,648,4.02,35,6,25,4353,1561,119,519,890,147,169.0,0.977,4.2881235154394295,False,False,False,False,False,True,False,False,False,False,False,False,False,False,False,True,False,False,False,2150,TBD
SLN,1982,29,"G, R, AB, H, 2B, 3B, HR, BB, SO, SB, RA, ER, ERA, CG, SHO, SV, IPouts, HA, HRA, BBA, SOA, E, DP, FP, mlb_rpg, era_6, era_7, decade_1980, decade_2000",False,162,685,5455,1439,239,52,67,569,805.0,200,609,549,3.37,25,10,47,4395,1420,94,502,689,124,169.0,0.981,4.297579496915045,False,False,False,False,False,True,False,False,False,False,False,False,False,False,False,True,False,False,False,92,2079,1982,1980s,4,STL,161,781,5522,1484,292,27,184,531,922.0,59,762,721,4.54,6,9,38,4289,1475,193,504,970,98,170.0,0.984,4.857760395224372,False,False,False,False,False,False,True,False,False,False,False,False,False,False,False,False,False,True,False,2101,STL
TEX,1976,28,"R, AB, H, 2B, 3B, HR, BB, SO, SB, RA, ER, ERA, CG, SHO, SV, IPouts, HA, HRA, BBA, SOA, E, DP, FP, mlb_rpg, era_5, era_7, decade_1970, decade_2000",False,162,616,5555,1390,213,26,80,568,809.0,87,652,564,3.45,63,15,15,4416,1464,106,461,773,156,142.0,0.976,3.99484270242393,False,False,False,False,True,False,False,False,False,False,False,False,False,False,True,False,False,False,False,76,2146,1976,1970s,3,TBD,162,890,5685,1566,326,23,246,548,1093.0,97,968,913,5.71,4,3,37,4315,1670,222,596,951,114,167.0,0.981,4.7754219843557015,False,False,False,False,False,False,True,False,False,False,False,False,False,False,False,False,False,True,False,2168,TEX
BOS,1958,27,"G, R, AB, H, 2B, 3B, HR, BB, SO, SB, RA, ER, ERA, CG, SHO, SV, IPouts, HA, HRA, BBA, SOA, E, DP, FP, mlb_rpg, decade_1950, decade_1960",False,155,697,5218,1335,229,30,155,638,820.0,29,691,601,3.92,44,5,28,4140,1396,121,521,695,145,172.0,0.976,4.282591093117409,False,False,False,True,False,False,False,False,False,False,False,False,True,False,False,False,False,False,False,79,340,1958,1950s,3,BOS,163,729,5508,1401,251,37,112,647,847.0,56,792,687,4.29,35,6,30,4326,1472,167,679,831,143,140.0,0.977,4.525174825174825,False,False,False,True,False,False,False,False,False,False,False,False,False,True,False,False,False,False,False,343,BOS
BAL,1970,23,"R, AB, H, 2B, 3B, HR, BB, SO, SB, RA, ER, ERA, CG, SHO, SV, IPouts, HA, HRA, BBA, SOA, E, DP, mlb_rpg",False,162,792,5545,1424,213,25,179,717,952.0,84,574,517,3.15,60,12,31,4434,1317,139,469,941,117,148.0,0.981,4.341563786008231,False,False,False,False,True,False,False,False,False,False,False,False,False,False,True,False,False,False,False,108,245,1970,1970s,4,BAL,162,754,5537,1474,229,48,119,648,752.0,146,561,498,3.07,67,14,26,4383,1297,124,475,715,119,184.0,0.981,4.214101904271745,False,False,False,False,True,False,False,False,False,False,False,False,False,False,True,False,False,False,False,248,BAL
CHN,1926,27,"G, R, AB, H, 2B, 3B, HR, BB, SO, SB, RA, ER, ERA, CG, SHO, SV, IPouts, HA, HRA, BBA, SOA, E, DP, FP, mlb_rpg, decade_1920, decade_1930",False,155,682,5229,1453,291,49,66,445,447.0,85,602,499,3.26,77,13,14,4134,1407,39,486,508,162,174.0,0.974,4.636547811993517,False,True,False,False,False,False,False,False,False,True,False,False,False,False,False,False,False,False,False,82,416,1926,1920s,3,CHC,156,828,5451,1578,340,66,84,577,641.0,49,710,611,3.97,80,8,8,4155,1448,54,524,541,169,141.0,0.973,4.810679611650485,False,True,False,False,False,False,False,False,False,False,True,False,False,False,False,False,False,False,False,421,CHC
SFN,1989,28,"R, AB, H, 2B, 3B, HR, BB, SO, SB, RA, ER, ERA, CG, SHO, SV, IPouts, HA, HRA, BBA, SOA, E, DP, FP, mlb_rpg, era_6, era_8, decade_1980, decade_2010",False,162,699,5469,1365,241,52,141,508,1071.0,87,600,534,3.3,12,16,47,4371,1320,120,471,802,113,135.0,0.982,4.132241215574549,False,False,False,False,False,True,False,False,False,False,False,False,False,False,False,True,False,False,False,92,1978,1989,1980s,4,SFG,162,697,5488,1411,284,30,162,487,1099.0,55,583,546,3.36,6,17,57,4383,1279,134,578,1331,73,110.0,0.988,4.384362139917696,False,False,False,False,False,False,False,True,False,False,False,False,False,False,False,False,False,False,True,1997,SFG
CHN,1936,27,"G, R, AB, H, 2B, 3B, HR, BB, SO, SB, RA, ER, ERA, CG, SHO, SV, IPouts, HA, HRA, BBA, SOA, E, DP, FP, mlb_rpg, decade_1930, decade_1940",False,154,755,5409,1545,275,36,76,491,462.0,68,603,544,3.54,77,18,10,4146,1413,77,434,597,146,156.0,0.976,5.188206785137318,False,True,False,False,False,False,False,False,False,False,True,False,False,False,False,False,False,False,False,87,426,1936,1930s,3,CHC,155,666,5230,1323,239,25,99,559,670.0,39,670,564,3.72,74,8,9,4092,1431,60,449,548,180,139.0,0.97,4.488745980707395,False,True,False,False,False,False,False,False,False,False,False,True,False,False,False,False,False,False,False,431,CHC
BOS,1967,25,"R, AB, H, 2B, 3B, HR, BB, SO, SB, RA, ER, ERA, CG, SHO, IPouts, HA, HRA, BBA, SOA, E, DP, FP, mlb_rpg, decade_1960, decade_1970",False,162,722,5471,1394,216,39,158,522,1020.0,68,614,545,3.36,41,9,44,4377,1307,142,477,1010,142,142.0,0.977,3.768518518518519,False,False,False,False,True,False,False,False,False,False,False,False,False,True,False,False,False,False,False,92,349,1967,1960s,4,BOS,162,786,5535,1450,252,28,203,594,855.0,50,722,622,3.87,38,8,44,4338,1391,156,594,1003,156,131.0,0.974,4.341563786008231,False,False,False,False,True,False,False,False,False,False,False,False,False,False,True,False,False,False,False,352,BOS
SLA,1906,23,"R, AB, H, 2B, 3B, HR, BB, SB, RA, ER, ERA, CG, SHO, SV, IPouts, HA, HRA, BBA, SOA, E, DP, FP, mlb_rpg",False,154,558,5030,1244,145,60,20,366,855.0,221,498,336,2.23,133,17,5,4071,1132,14,314,558,289,80.0,0.954,3.607282184655397,True,False,False,False,False,False,False,False,True,False,False,False,False,False,False,False,False,False,False,76,183,1906,1900s,3,ATL,154,441,4964,1151,116,45,10,331,855.0,136,575,433,2.88,105,21,4,4062,1287,16,383,620,267,107.0,0.958,3.5475423045930703,True,False,False,False,False,False,False,False,True,False,False,False,False,False,False,False,False,False,False,186,BAL
BAL,2001,24,"R, AB, H, 2B, 3B, HR, BB, SO, SB, RA, ER, ERA, CG, SHO, SV, IPouts, HA, HRA, BBA, SOA, E, DP, FP, mlb_rpg",False,162,687,5472,1359,262,24,136,514,989.0,133,829,744,4.67,10,6,31,4297,1504,194,528,938,125,137.0,0.979,4.7754219843557015,False,False,False,False,False,False,True,False,False,False,False,False,False,False,False,False,False,True,False,63,273,2001,2000s,2,BAL,162,842,5736,1614,319,18,169,528,949.0,101,830,760,4.7,8,10,27,4366,1488,159,687,1090,110,161.0,0.982,4.813838550247117,False,False,False,False,False,False,True,False,False,False,False,False,False,False,False,False,False,True,False,276,BAL
NY1,1955,29,"G, R, AB, H, 2B, 3B, HR, BB, SO, SB, RA, ER, ERA, CG, SHO, SV, IPouts, HA, HRA, BBA, SOA, E, DP, FP, mlb_rpg, era_4, era_5, decade_1950, decade_1970",False,154,702,5288,1377,173,34,169,497,581.0,38,673,581,3.77,52,6,14,4158,1347,155,560,721,141,165.0,0.976,4.485008103727715,False,False,False,True,False,False,False,False,False,False,False,False,True,False,False,False,False,False,False,80,1945,1955,1950s,3,SFG,162,634,5482,1380,228,38,93,548,869.0,107,723,604,3.78,27,11,25,4317,1409,116,559,756,175,153.0,0.972,4.124935732647815,False,False,False,False,True,False,False,False,False,False,False,False,False,False,True,False,False,False,False,1964,SFG
WS1,1948,27,"G, R, AB, H, 2B, 3B, HR, BB, SO, SB, RA, ER, ERA, CG, SHO, SV, IPouts, HA, HRA, BBA, SOA, E, DP, FP, mlb_rpg, decade_1940, decade_1950",False,154,578,5111,1245,203,75,31,568,572.0,76,796,701,4.65,42,4,22,4071,1439,81,734,446,154,144.0,0.974,4.578819725141472,False,False,False,True,False,False,False,False,False,False,False,True,False,False,False,False,False,False,False,56,1269,1948,1940s,2,MIN,156,553,5156,1240,161,38,121,477,751.0,22,747,693,4.53,28,6,28,4128,1443,156,558,762,118,163.0,0.98,4.282591093117409,False,False,False,True,False,False,False,False,False,False,False,False,True,False,False,False,False,False,False,1279,MIN
PIT,1965,28,"G, R, AB, H, 2B, 3B, HR, BB, SO, SB, RA, ER, ERA, CG, SHO, SV, IPouts, HA, HRA, BBA, SOA, E, DP, mlb_rpg, era_5, era_6, decade_1960, decade_1980",False,163,675,5686,1506,217,57,111,419,1008.0,51,580,495,3.01,49,17,27,4437,1324,89,469,882,152,189.0,0.977,3.9882932840418976,False,False,False,False,True,False,False,False,False,False,False,False,False,True,False,False,False,False,False,90,1765,1965,1960s,4,PIT,162,724,5614,1535,272,40,134,447,862.0,161,696,621,3.81,19,7,39,4398,1434,118,521,933,145,133.0,0.977,4.297579496915045,False,False,False,False,False,True,False,False,False,False,False,False,False,False,False,True,False,False,False,1781,PIT
BAL,2016,29,"G, R, AB, H, 2B, 3B, HR, BB, SO, SB, RA, ER, ERA, CG, SHO, SV, IPouts, HA, HRA, BBA, SOA, E, DP, FP, mlb_rpg, era_1, era_8, decade_1910, decade_2010",False,162,744,5524,1413,265,6,253,468,1324.0,19,715,671,4.22,1,9,54,4296,1408,183,545,1248,80,165.0,0.987,4.477759472817134,False,False,False,False,False,False,False,True,False,False,False,False,False,False,False,False,False,False,True,89,288,2016,2010s,3,BAL,155,463,5168,1223,160,75,13,298,855.0,99,706,524,3.41,124,6,6,4146,1360,37,285,549,333,84.0,0.949,3.607282184655397,True,False,False,False,False,False,False,False,True,False,False,False,False,False,False,False,False,False,False,291,BAL
LAN,2007,28,"G, R, AB, H, 2B, 3B, HR, BB, SO, SB, RA, ER, ERA, CG, SV, IPouts, HA, HRA, BBA, SOA, E, DP, FP, mlb_rpg, era_5, era_7, decade_1960, decade_2000",False,162,735,5614,1544,276,35,129,511,864.0,137,727,677,4.2,4,6,43,4350,1443,146,518,1184,114,160.0,0.981,4.796791443850268,False,False,False,False,False,False,True,False,False,False,False,False,False,False,False,False,False,True,False,82,1172,2007,2000s,3,LAD,163,639,5444,1276,179,27,125,626,1015.0,167,799,707,4.35,21,6,33,4389,1490,172,653,963,167,149.0,0.974,4.07245632065776,False,False,False,False,True,False,False,False,False,False,False,False,False,True,False,False,False,False,False,1182,LAD
NY1,1943,29,"G, R, AB, H, 2B, 3B, HR, BB, SO, SB, RA, ER, ERA, CG, SHO, SV, IPouts, HA, HRA, BBA, SOA, E, DP, FP, mlb_rpg, era_3, era_4, decade_1940, decade_1960",False,156,558,5290,1309,153,33,81,480,470.0,35,713,632,4.08,35,6,19,4182,1474,80,626,588,167,140.0,0.973,3.91518578352181,False,False,True,False,False,False,False,False,False,False,False,True,False,False,False,False,False,False,False,55,1933,1943,1940s,2,SFG,165,878,5588,1552,235,32,204,523,822.0,73,690,615,3.79,62,10,39,4383,1399,148,503,886,142,153.0,0.977,4.460518198642813,False,False,False,True,False,False,False,False,False,False,False,False,False,True,False,False,False,False,False,1952,SFG
SLN,1986,29,"G, R, AB, H, 2B, 3B, HR, BB, SO, SB, RA, ER, ERA, CG, SHO, SV, IPouts, HA, HRA, BBA, SOA, E, DP, FP, mlb_rpg, era_6, era_8, decade_1980, decade_2010",False,161,601,5378,1270,216,48,58,568,905.0,262,611,549,3.37,17,4,46,4398,1364,135,485,761,123,178.0,0.981,4.409177365668093,False,False,False,False,False,True,False,False,False,False,False,False,False,False,False,True,False,False,False,79,2083,1986,1980s,3,STL,162,736,5542,1456,285,18,150,541,1027.0,79,641,577,3.57,7,16,32,4361,1412,133,477,1094,99,172.0,0.984,4.384362139917696,False,False,False,False,False,False,False,True,False,False,False,False,False,False,False,False,False,False,True,2105,STL
BRO,1936,29,"G, R, AB, H, 2B, 3B, HR, BB, SO, SB, RA, ER, ERA, CG, SHO, SV, IPouts, HA, HRA, BBA, SOA, E, DP, FP, mlb_rpg, era_2, era_4, decade_1930, decade_1940",False,156,662,5574,1518,263,43,33,390,458.0,55,752,620,3.98,59,7,18,4209,1466,84,528,651,202,107.0,0.967,5.188206785137318,False,True,False,False,False,False,False,False,False,False,True,False,False,False,False,False,False,False,False,67,1104,1936,1930s,2,LAD,157,701,5285,1376,233,66,55,691,575.0,100,570,481,3.05,52,14,28,4254,1280,58,671,647,174,154.0,0.972,4.006843800322061,False,False,False,True,False,False,False,False,False,False,False,True,False,False,False,False,False,False,False,1114,LAD
NYA,1934,28,"G, R, AB, H, 2B, HR, BB, SO, SB, RA, ER, ERA, CG, SHO, SV, IPouts, HA, HRA, BBA, SOA, E, DP, FP, mlb_rpg, era_2, era_3, decade_1930, decade_1940",False,154,842,5368,1494,226,61,135,700,597.0,71,669,577,3.76,83,13,10,4146,1349,71,542,656,160,151.0,0.973,4.930343926861124,False,True,False,False,False,False,False,False,False,False,True,False,False,False,False,False,False,False,False,94,1415,1934,1930s,4,NYY,152,676,5176,1343,189,61,93,618,567.0,64,606,519,3.45,78,9,14,4065,1277,66,485,474,175,170.0,0.971,4.206225680933852,False,False,True,False,False,False,False,False,False,False,False,True,False,False,False,False,False,False,False,1425,NYY
PHI,1935,28,"G, R, AB, H, 2B, 3B, HR, BB, SO, SB, RA, ER, ERA, CG, SHO, IPouts, HA, HRA, BBA, SOA, E, DP, FP, mlb_rpg, era_2, era_4, decade_1930, decade_1940",False,156,685,5442,1466,249,32,92,392,661.0,52,871,727,4.76,53,8,15,4122,1652,106,505,475,228,145.0,0.963,4.86468952734013,False,True,False,False,False,False,False,False,False,False,True,False,False,False,False,False,False,False,False,64,1627,1935,1930s,2,PHI,155,591,5287,1367,227,39,91,440,598.0,68,729,617,4.08,61,6,15,4086,1385,95,556,550,210,126.0,0.964,4.578819725141472,False,False,False,True,False,False,False,False,False,False,False,True,False,False,False,False,False,False,False,1640,PHI
CHA,1999,25,"R, AB, H, 2B, 3B, HR, SO, SB, RA, ER, ERA, CG, SHO, SV, IPouts, HA, HRA, BBA, SOA, E, DP, FP, mlb_rpg, decade_1990, decade_2000",False,162,777,5644,1563,298,37,162,499,810.0,110,870,786,4.92,6,3,39,4314,1608,210,596,968,136,148.0,0.977,5.0846375617792425,False,False,False,False,False,False,True,False,False,False,False,False,False,False,False,False,True,False,False,75,592,1999,1990s,3,CHW,162,865,5534,1481,284,19,242,499,1030.0,78,831,782,4.91,8,8,34,4297,1505,224,527,1013,100,167.0,0.984,4.813838550247117,False,False,False,False,False,False,True,False,False,False,False,False,False,False,False,False,False,True,False,597,CHW
KCA,1977,26,"R, AB, H, 2B, 3B, HR, BB, SO, SB, RA, ER, ERA, CG, SHO, SV, IPouts, HA, HRA, BBA, SOA, E, DP, FP, mlb_rpg, decade_1970, decade_1980",False,162,822,5594,1549,299,77,146,522,687.0,170,651,571,3.52,41,15,42,4380,1377,110,499,850,137,145.0,0.978,4.470518307180218,False,False,False,False,False,True,False,False,False,False,False,False,False,False,True,False,False,False,False,102,1037,1977,1970s,4,KCR,162,654,5561,1403,264,45,137,474,919.0,97,673,611,3.82,24,13,31,4320,1413,121,479,888,123,153.0,0.98,4.409177365668093,False,False,False,False,False,True,False,False,False,False,False,False,False,False,False,True,False,False,False,1045,KCR
PIT,1925,27,"G, R, AB, H, 2B, 3B, HR, BB, SO, SB, RA, ER, ERA, CG, SHO, SV, IPouts, HA, HRA, BBA, SOA, E, DP, FP, mlb_rpg, decade_1920, decade_1940",False,153,912,5372,1651,316,105,78,499,363.0,159,715,582,3.87,77,2,13,4062,1526,81,387,386,224,171.0,0.964,5.128664495114006,False,True,False,False,False,False,False,False,False,True,False,False,False,False,False,False,False,False,False,95,1725,1925,1920s,4,PIT,156,690,5297,1417,233,65,56,547,516.0,59,643,531,3.48,71,8,12,4122,1392,66,492,410,194,130.0,0.968,4.488745980707395,False,True,False,False,False,False,False,False,False,False,False,True,False,False,False,False,False,False,False,1741,PIT
CLE,1993,26,"R, AB, H, 2B, 3B, HR, BB, SO, SB, RA, ER, ERA, CG, SHO, SV, IPouts, HA, HRA, BBA, SOA, E, DP, FP, mlb_rpg, decade_1990, decade_2000",False,162,790,5619,1547,264,31,141,488,843.0,159,813,735,4.58,7,8,45,4335,1591,182,591,888,148,174.0,0.976,4.597620096959012,False,False,False,False,False,False,True,False,False,False,False,False,False,False,False,False,True,False,False,76,803,1993,1990s,3,CLE,162,699,5572,1413,296,26,158,466,1062.0,86,778,682,4.21,5,7,34,4378,1477,179,501,943,126,178.0,0.98,4.72798353909465,False,False,False,False,False,False,True,False,False,False,False,False,False,False,False,False,False,True,False,811,CLE
MIL,2002,27,"R, AB, H, 2B, 3B, HR, BB, SO, SB, RA, ER, ERA, CG, SHO, SV, IPouts, HA, HRA, BBA, SOA, E, DP, mlb_rpg, era_7, era_8, decade_2000, decade_2010",False,162,627,5415,1369,269,29,139,500,1125.0,94,821,752,4.73,7,4,32,4297,1468,199,666,1026,103,154.0,0.983,4.618301731244848,False,False,False,False,False,False,True,False,False,False,False,False,False,False,False,False,False,True,False,56,1212,2002,2000s,2,MIL,162,776,5557,1442,300,39,202,466,1240.0,158,733,682,4.22,0,9,44,4361,1458,169,525,1402,99,133.0,0.983,4.324485596707819,False,False,False,False,False,False,False,True,False,False,False,False,False,False,False,False,False,False,True,1222,MIL
PIT,2012,29,"G, R, AB, H, 2B, 3B, HR, BB, SO, SB, RA, ER, ERA, CG, SHO, SV, IPouts, HA, HRA, BBA, SOA, E, DP, FP, mlb_rpg, era_6, era_8, decade_1980, decade_2010",False,162,651,5412,1313,241,37,170,444,1354.0,73,674,615,3.86,2,10,45,4300,1357,153,490,1192,112,126.0,0.982,4.324485596707819,False,False,False,False,False,False,False,True,False,False,False,False,False,False,False,False,False,False,True,79,1809,2012,2010s,3,PIT,163,591,5540,1410,195,43,67,563,791.0,239,654,595,3.65,19,9,39,4398,1474,97,536,728,131,157.0,0.98,4.2881235154394295,False,False,False,False,False,True,False,False,False,False,False,False,False,False,False,True,False,False,False,1825,PIT
SDN,1976,27,"R, AB, H, 2B, 3B, HR, BB, SO, RA, ER, ERA, CG, SHO, SV, IPouts, HA, HRA, BBA, SOA, E, DP, FP, mlb_rpg, era_5, era_7, decade_1970, decade_1990",False,162,570,5369,1327,216,37,64,488,716.0,92,662,581,3.65,47,11,18,4296,1368,87,543,652,141,148.0,0.978,3.99484270242393,False,False,False,False,True,False,False,False,False,False,False,False,False,False,True,False,False,False,False,73,1821,1976,1970s,3,PIT,162,679,5503,1386,239,28,153,443,1046.0,92,772,675,4.23,8,6,32,4311,1470,148,558,957,160,129.0,0.974,4.597620096959012,False,False,False,False,False,False,True,False,False,False,False,False,False,False,False,False,True,False,False,1837,SDP
HOU,1971,25,"R, AB, H, 2B, HR, BB, SO, SB, RA, ER, ERA, CG, SHO, SV, IPouts, HA, HRA, BBA, SOA, E, DP, FP, mlb_rpg, era_5, era_6",False,162,585,5492,1319,230,52,71,478,888.0,101,567,512,3.13,43,10,25,4413,1318,75,475,914,104,152.0,0.983,3.8888028895768834,False,False,False,False,True,False,False,False,False,False,False,False,False,False,True,False,False,False,False,79,986,1971,1970s,3,HOU,162,583,5394,1382,224,52,49,461,745.0,190,582,514,3.2,55,19,31,4341,1278,90,504,854,137,146.0,0.978,4.457598856598381,False,False,False,False,False,True,False,False,False,False,False,False,False,False,True,False,False,False,False,994,HOU
CHN,1993,26,"G, R, AB, H, 2B, 3B, HR, BB, SO, SB, RA, ER, ERA, CG, SV, IPouts, HA, HRA, BBA, SOA, E, DP, FP, mlb_rpg, decade_1990, decade_2000",False,163,738,5627,1521,259,32,161,446,923.0,100,739,673,4.18,8,5,56,4347,1514,153,470,905,115,162.0,0.982,4.597620096959012,False,False,False,False,False,False,True,False,False,False,False,False,False,False,False,False,True,False,False,84,482,1993,1990s,3,CHC,162,764,5577,1426,272,23,183,632,1120.0,93,904,849,5.25,10,5,39,4364,1505,231,658,1143,100,139.0,0.983,5.140181144503911,False,False,False,False,False,False,True,False,False,False,False,False,False,False,False,False,False,True,False,487,CHC
NYN,1969,28,"G, R, AB, H, 2B, HR, BB, SO, SB, RA, ER, ERA, CG, SHO, SV, IPouts, HA, HRA, BBA, SOA, E, DP, FP, mlb_rpg, era_5, era_6, decade_1960, decade_1970",False,162,632,5427,1311,184,41,109,527,1089.0,66,541,488,2.99,51,28,35,4404,1217,119,517,1012,122,146.0,0.98,4.07245632065776,False,False,False,False,True,False,False,False,False,False,False,False,False,True,False,False,False,False,False,100,1342,1969,1960s,4,MIN,163,593,5591,1399,255,41,74,498,817.0,135,706,632,3.84,16,10,36,4446,1486,120,607,819,140,168.0,0.978,4.457598856598381,False,False,False,False,False,True,False,False,False,False,False,False,False,False,True,False,False,False,False,1352,NYM
CHN,1914,29,"G, R, AB, H, 2B, 3B, HR, BB, SO, SB, RA, ER, ERA, CG, SHO, SV, IPouts, HA, HRA, BBA, SOA, E, DP, FP, mlb_rpg, era_1, era_2, decade_1910, decade_1920",False,156,605,5050,1229,199,74,42,501,577.0,164,638,418,2.71,70,14,11,4167,1169,37,528,651,310,87.0,0.951,3.745222929936306,True,False,False,False,False,False,False,False,True,False,False,False,False,False,False,False,False,False,False,78,406,1914,1910s,3,CHC,153,668,5321,1553,234,56,37,343,374.0,70,773,665,4.39,73,7,7,4089,1605,67,409,441,166,129.0,0.974,4.855573637103336,False,True,False,False,False,False,False,False,False,True,False,False,False,False,False,False,False,False,False,411,CHC
SDN,1987,28,"R, AB, H, 2B, 3B, HR, BB, SO, SB, RA, ER, ERA, CG, SHO, SV, IPouts, HA, HRA, BBA, SOA, E, DP, FP, mlb_rpg, era_6, era_7, decade_1980, decade_2000",False,162,668,5456,1419,209,48,113,577,992.0,198,763,680,4.27,14,10,33,4299,1402,175,602,897,146,135.0,0.976,4.722802850356294,False,False,False,False,False,True,False,False,False,False,False,False,False,False,False,True,False,False,False,65,1831,1987,1980s,2,SDP,162,684,5502,1416,269,39,130,600,977.0,99,726,668,4.13,4,8,45,4366,1452,146,503,1133,109,136.0,0.982,4.591731797614151,False,False,False,False,False,False,True,False,False,False,False,False,False,False,False,False,False,True,False,1847,SDP
CIN,1990,29,"G, R, AB, H, 2B, 3B, HR, BB, SO, SB, RA, ER, ERA, CG, SHO, SV, IPouts, HA, HRA, BBA, SOA, E, DP, FP, mlb_rpg, era_6, era_7, decade_1990, decade_2000",False,162,693,5525,1466,284,40,125,466,913.0,166,597,548,3.39,14,12,50,4368,1338,124,543,1029,102,126.0,0.983,4.256294536817102,False,False,False,False,False,True,False,False,False,False,False,False,False,False,False,False,True,False,False,91,693,1990,1990s,4,CIN,163,825,5635,1545,302,36,200,559,995.0,100,765,700,4.33,8,7,42,4369,1446,190,659,1015,111,156.0,0.982,5.140181144503911,False,False,False,False,False,False,True,False,False,False,False,False,False,False,False,False,False,True,False,701,CIN
NYA,1997,26,"R, AB, H, 2B, 3B, HR, BB, SO, SB, RA, ER, ERA, CG, SHO, SV, IPouts, HA, HRA, BBA, SOA, E, DP, FP, mlb_rpg, decade_1990, decade_2000",False,162,891,5710,1636,325,23,161,676,954.0,99,688,626,3.84,11,10,51,4401,1463,144,532,1165,105,156.0,0.983,4.766990291262136,False,False,False,False,False,False,True,False,False,False,False,False,False,False,False,False,True,False,False,96,1474,1997,1990s,4,NYY,162,968,5717,1656,326,32,201,637,991.0,123,777,724,4.49,1,5,34,4352,1498,150,578,1009,88,174.0,0.985,4.796791443850268,False,False,False,False,False,False,True,False,False,False,False,False,False,False,False,False,False,True,False,1484,NYY
OAK,2012,29,"G, R, AB, H, 2B, 3B, HR, BB, SO, SB, RA, ER, ERA, CG, SHO, SV, IPouts, HA, HRA, BBA, SOA, E, DP, FP, mlb_rpg, era_1, era_8, decade_1910, decade_2010",False,162,713,5527,1315,267,32,195,550,1387.0,122,614,569,3.48,1,13,47,4410,1360,147,462,1136,111,135.0,0.982,4.324485596707819,False,False,False,False,False,False,False,True,False,False,False,False,False,False,False,False,False,False,True,94,1595,2012,2010s,4,OAK,157,674,5171,1319,223,71,22,506,559.0,199,639,478,3.05,84,17,9,4233,1297,36,547,657,258,132.0,0.96,3.835068054443554,True,False,False,False,False,False,False,False,True,False,False,False,False,False,False,False,False,False,False,1605,OAK
PHI,1996,26,"R, AB, H, 2B, 3B, HR, BB, SO, SB, RA, ER, ERA, CG, SHO, SV, IPouts, HA, HRA, BBA, SOA, E, DP, FP, mlb_rpg, decade_1990, decade_2000",False,162,650,5499,1405,249,39,132,536,1092.0,117,790,710,4.49,12,6,42,4269,1463,160,510,1044,115,145.0,0.981,5.0355094838994265,False,False,False,False,False,False,True,False,False,False,False,False,False,False,False,False,True,False,False,67,1685,1996,1990s,2,PHI,162,820,5578,1439,312,35,224,589,1155.0,119,709,673,4.16,8,9,44,4367,1479,189,489,1153,76,132.0,0.987,4.612962962962963,False,False,False,False,False,False,True,False,False,False,False,False,False,False,False,False,False,True,False,1698,PHI
CLE,1937,28,"R, AB, H, 2B, 3B, HR, BB, SO, SB, RA, ER, ERA, CG, SHO, SV, IPouts, HA, HRA, BBA, SOA, E, DP, FP, mlb_rpg, era_2, era_4, decade_1930, decade_1940",False,156,817,5353,1499,304,76,103,570,551.0,78,768,665,4.39,64,4,15,4092,1529,61,566,630,157,153.0,0.974,4.870863599677159,False,True,False,False,False,False,False,False,False,False,True,False,False,False,False,False,False,False,False,83,749,1937,1930s,3,CLE,156,537,5242,1285,233,56,79,506,697.0,57,638,558,3.62,63,16,13,4164,1282,84,649,789,147,147.0,0.975,4.006843800322061,False,False,False,True,False,False,False,False,False,False,False,True,False,False,False,False,False,False,False,757,CLE
MON,1990,28,"R, AB, H, 2B, 3B, HR, BB, SO, SB, RA, ER, ERA, CG, SHO, SV, IPouts, HA, HRA, BBA, SOA, E, DP, FP, mlb_rpg, era_6, era_8, decade_1990, decade_2010",False,162,662,5453,1363,227,43,114,576,1024.0,235,598,552,3.37,18,11,50,4419,1349,127,510,991,110,134.0,0.982,4.256294536817102,False,False,False,False,False,True,False,False,False,False,False,False,False,False,False,False,True,False,False,85,2241,1990,1990s,3,TOR,162,686,5542,1403,265,27,152,517,1304.0,101,555,495,3.03,5,19,45,4412,1351,110,352,1288,100,139.0,0.984,4.0660493827160495,False,False,False,False,False,False,False,True,False,False,False,False,False,False,False,False,False,False,True,2263,WSN
BAL,2015,29,"G, R, AB, H, 2B, 3B, HR, BB, SO, SB, RA, ER, ERA, CG, SHO, SV, IPouts, HA, HRA, BBA, SOA, E, DP, FP, mlb_rpg, era_1, era_8, decade_1910, decade_2010",False,162,713,5485,1370,246,20,217,418,1331.0,44,693,646,4.05,0,10,43,4304,1406,174,483,1233,77,134.0,0.987,4.250102923013586,False,False,False,False,False,False,False,True,False,False,False,False,False,False,False,False,False,False,True,81,287,2015,2010s,3,BAL,153,579,5049,1179,165,69,29,486,855.0,131,564,428,2.84,124,14,1,4068,1198,33,292,652,290,75.0,0.953,3.896523848019402,True,False,False,False,False,False,False,False,True,False,False,False,False,False,False,False,False,False,False,290,BAL
BRO,1923,26,"G, R, AB, H, 2B, 3B, BB, SO, SB, RA, ER, ERA, CG, SHO, SV, IPouts, HA, HRA, BBA, SOA, E, DP, FP, mlb_rpg, decade_1920, decade_1930",False,155,753,5476,1559,214,81,62,425,382.0,71,741,580,3.74,94,8,5,4188,1503,55,476,548,291,137.0,0.955,4.815085158150851,False,True,False,False,False,False,False,False,False,True,False,False,False,False,False,False,False,False,False,76,1091,1923,1920s,3,LAD,157,617,5367,1413,224,51,62,397,453.0,82,695,574,3.73,71,9,10,4158,1502,51,374,415,177,120.0,0.971,4.467216673903604,False,True,False,False,False,False,False,False,False,False,True,False,False,False,False,False,False,False,False,1101,LAD
CIN,1925,25,"R, AB, H, 2B, 3B, HR, BB, SO, SB, ER, ERA, CG, SHO, SV, IPouts, HA, HRA, BBA, SOA, E, DP, FP, mlb_rpg, decade_1920, decade_1930",False,153,690,5233,1490,221,90,44,409,327.0,108,643,516,3.38,92,11,12,4125,1447,35,324,437,203,161.0,0.968,5.128664495114006,False,True,False,False,False,False,False,False,False,True,False,False,False,False,False,False,False,False,False,80,629,1925,1920s,3,CIN,153,496,5156,1267,208,37,34,349,354.0,30,643,514,3.42,74,13,8,4056,1470,47,257,310,177,139.0,0.971,4.467216673903604,False,True,False,False,False,False,False,False,False,False,True,False,False,False,False,False,False,False,False,637,CIN
NYA,2000,29,"G, R, AB, H, 2B, 3B, HR, BB, SO, SB, RA, ER, ERA, CG, SHO, SV, IPouts, HA, HRA, BBA, SOA, E, DP, FP, mlb_rpg, era_7, era_8, decade_2000, decade_2010",False,161,871,5556,1541,294,25,205,631,1007.0,99,814,753,4.76,9,6,40,4273,1458,177,577,1040,109,132.0,0.981,5.140181144503911,False,False,False,False,False,False,True,False,False,False,False,False,False,False,False,False,False,True,False,87,1477,2000,2000s,3,NYY,162,859,5567,1485,275,32,201,662,1136.0,103,693,651,4.06,3,8,39,4327,1349,179,540,1154,69,161.0,0.988,4.384362139917696,False,False,False,False,False,False,False,True,False,False,False,False,False,False,False,False,False,False,True,1487,NYY
HOU,2006,28,"R, AB, H, 2B, 3B, HR, BB, SO, SB, RA, ER, ERA, CG, SHO, SV, IPouts, HA, HRA, BBA, SOA, E, DP, FP, mlb_rpg, era_7, era_8, decade_2000, decade_2010",False,162,735,5521,1407,275,27,174,585,1076.0,79,719,666,4.08,5,12,42,4406,1425,182,480,1160,80,164.0,0.987,4.857760395224372,False,False,False,False,False,False,True,False,False,False,False,False,False,False,False,False,False,True,False,82,1018,2006,2000s,3,HOU,162,629,5447,1317,240,19,163,495,1442.0,122,723,657,4.11,7,3,31,4316,1437,139,484,1137,106,151.0,0.983,4.0660493827160495,False,False,False,False,False,False,False,True,False,False,False,False,False,False,False,False,False,False,True,1026,HOU
CIN,1904,24,"G, R, AB, H, 2B, 3B, BB, SO, SB, RA, ER, ERA, CG, SHO, SV, IPouts, HA, HRA, BBA, SOA, E, DP, FP, mlb_rpg",False,157,695,5231,1332,189,92,21,399,855.0,179,547,362,2.34,142,12,2,4176,1256,13,343,502,301,81.0,0.954,3.725780624499599,True,False,False,False,False,False,False,False,True,False,False,False,False,False,False,False,False,False,False,88,610,1904,1900s,3,CHW,155,656,5115,1310,183,89,21,479,492.0,248,722,523,3.42,86,13,10,4131,1455,28,452,561,247,102.0,0.96,4.526785714285714,True,False,False,False,False,False,False,False,True,False,False,False,False,False,False,False,False,False,False,618,CIN
PHI,1954,29,"G, R, AB, H, 2B, 3B, HR, BB, SO, SB, RA, ER, ERA, CG, SHO, SV, IPouts, HA, HRA, BBA, SOA, E, DP, FP, mlb_rpg, era_4, era_5, decade_1950, decade_1960",False,154,659,5184,1384,243,58,102,604,620.0,30,614,544,3.59,78,14,12,4095,1329,133,450,570,145,133.0,0.975,4.376313662085691,False,False,False,True,False,False,False,False,False,False,False,False,True,False,False,False,False,False,False,75,1646,1954,1950s,3,PHI,162,612,5401,1306,221,47,103,545,1033.0,79,581,500,3.1,46,17,23,4359,1372,86,403,967,137,174.0,0.978,3.768518518518519,False,False,False,False,True,False,False,False,False,False,False,False,False,True,False,False,False,False,False,1659,PHI
CLE,1947,27,"G, R, AB, H, 2B, 3B, HR, BB, SO, SB, RA, ER, ERA, CG, SHO, SV, IPouts, HA, HRA, BBA, SOA, E, DP, FP, mlb_rpg, decade_1940, decade_1950",False,157,687,5367,1392,234,51,112,502,609.0,29,588,536,3.44,55,13,29,4206,1244,94,628,590,104,178.0,0.983,4.3551890587288815,False,False,False,True,False,False,False,False,False,False,False,True,False,False,False,False,False,False,False,80,758,1947,1940s,3,CLE,154,698,5146,1325,195,31,148,723,715.0,28,601,522,3.39,45,15,36,4158,1285,111,558,877,108,152.0,0.981,4.485008103727715,False,False,False,True,False,False,False,False,False,False,False,False,True,False,False,False,False,False,False,766,CLE
BOS,1977,27,"G, R, AB, H, 2B, 3B, HR, BB, SO, SB, RA, ER, ERA, CG, SHO, SV, IPouts, HA, HRA, BBA, SOA, E, DP, FP, mlb_rpg, decade_1970, decade_1980",False,161,859,5510,1551,258,56,213,528,905.0,66,712,652,4.11,40,13,40,4284,1555,158,378,758,132,162.0,0.978,4.470518307180218,False,False,False,False,False,True,False,False,False,False,False,False,False,False,True,False,False,False,False,97,359,1977,1970s,4,BOS,160,757,5603,1588,297,36,162,475,720.0,79,767,701,4.38,30,8,43,4323,1557,129,481,696,149,206.0,0.977,4.2881235154394295,False,False,False,False,False,True,False,False,False,False,False,False,False,False,False,True,False,False,False,362,BOS
BAL,1962,23,"R, AB, H, 2B, 3B, HR, BB, SO, SB, RA, ER, ERA, SHO, SV, IPouts, HA, HRA, BBA, SOA, E, mlb_rpg, era_4, era_5",False,162,652,5491,1363,225,34,156,516,931.0,45,680,599,3.69,32,8,33,4386,1373,147,549,898,122,152.0,0.98,4.460518198642813,False,False,False,True,False,False,False,False,False,False,False,False,False,True,False,False,False,False,False,77,237,1962,1960s,3,BAL,162,641,5450,1299,227,38,125,529,907.0,67,578,489,2.98,32,15,41,4431,1268,120,510,939,126,152.0,0.98,3.9882932840418976,False,False,False,False,True,False,False,False,False,False,False,False,False,True,False,False,False,False,False,240,BAL
SFN,1958,29,"G, R, AB, H, 2B, 3B, HR, BB, SO, SB, RA, ER, ERA, CG, SHO, SV, IPouts, HA, HRA, BBA, SOA, E, DP, FP, mlb_rpg, era_4, era_6, decade_1950, decade_1970",False,154,727,5318,1399,250,42,170,531,817.0,64,698,614,3.98,38,7,25,4167,1400,166,512,775,152,156.0,0.975,4.282591093117409,False,False,False,True,False,False,False,False,False,False,False,False,True,False,False,False,False,False,False,80,1948,1958,1950s,3,SFG,162,673,5497,1392,227,41,134,568,842.0,90,711,608,3.75,27,10,33,4377,1501,114,529,854,178,136.0,0.972,4.470518307180218,False,False,False,False,False,True,False,False,False,False,False,False,False,False,True,False,False,False,False,1967,SFG
SFN,2005,28,"G, R, AB, H, 2B, 3B, HR, BB, SO, SB, ER, ERA, CG, SHO, SV, IPouts, HA, HRA, BBA, SOA, E, DP, FP, mlb_rpg, era_1, era_7, decade_1910, decade_2000",False,162,649,5462,1427,299,26,128,431,901.0,71,745,695,4.33,4,8,46,4333,1456,151,592,972,90,146.0,0.985,4.591731797614151,False,False,False,False,False,False,True,False,False,False,False,False,False,False,False,False,False,True,False,75,1992,2005,2000s,3,SFG,158,671,5132,1295,199,86,26,592,650.0,175,745,573,3.68,88,6,10,4206,1296,39,701,561,262,106.0,0.959,4.512530315278901,True,False,False,False,False,False,False,False,True,False,False,False,False,False,False,False,False,False,False,2011,SFG
SLA,1934,24,"G, R, AB, H, 2B, 3B, HR, SO, SB, RA, ER, ERA, CG, SHO, SV, IPouts, HA, HRA, BBA, SOA, E, DP, FP, mlb_rpg",False,154,674,5288,1417,252,59,62,514,631.0,43,800,674,4.49,50,6,20,4050,1499,94,632,499,187,160.0,0.969,4.930343926861124,False,True,False,False,False,False,False,False,False,False,True,False,False,False,False,False,False,False,False,67,209,1934,1930s,2,BAL,156,715,5510,1573,327,44,71,514,510.0,30,1023,909,6.0,55,2,8,4089,1768,143,653,468,174,166.0,0.972,4.870863599677159,False,True,False,False,False,False,False,False,False,False,True,False,False,False,False,False,False,False,False,212,BAL
MIN,2006,28,"R, AB, H, 2B, 3B, HR, BB, SO, SB, RA, ER, ERA, CG, SHO, SV, IPouts, HA, HRA, BBA, SOA, E, DP, FP, mlb_rpg, era_7, era_8, decade_2000, decade_2010",False,162,801,5602,1608,275,34,143,490,872.0,101,683,632,3.95,1,6,40,4318,1490,182,356,1164,84,135.0,0.986,4.857760395224372,False,False,False,False,False,False,True,False,False,False,False,False,False,False,False,False,False,True,False,96,1324,2006,2000s,4,MIN,162,722,5618,1409,288,35,200,513,1426.0,91,889,814,5.08,4,3,26,4329,1617,221,479,1191,126,172.0,0.979,4.477759472817134,False,False,False,False,False,False,False,True,False,False,False,False,False,False,False,False,False,False,True,1334,MIN
BOS,1983,24,"G, R, AB, H, 2B, 3B, HR, BB, SO, SB, RA, ER, ERA, CG, SHO, SV, IPouts, HA, HRA, BBA, SOA, E, DP, mlb_rpg",False,162,724,5590,1512,287,32,142,536,758.0,30,775,697,4.34,29,7,42,4338,1572,158,493,767,130,168.0,0.979,4.307728781412992,False,False,False,False,False,True,False,False,False,False,False,False,False,False,False,True,False,False,False,78,364,1983,1980s,3,BOS,161,794,5498,1488,320,21,144,595,707.0,41,696,624,3.93,36,6,41,4287,1469,167,474,1033,129,146.0,0.979,4.409177365668093,False,False,False,False,False,True,False,False,False,False,False,False,False,False,False,True,False,False,False,367,BOS
NY1,1914,27,"R, AB, H, 2B, 3B, HR, BB, SB, RA, ER, ERA, CG, SHO, SV, IPouts, HA, HRA, BBA, SOA, E, DP, FP, mlb_rpg, era_1, era_2, decade_1910, decade_1930",False,156,672,5146,1363,222,59,30,447,479.0,239,576,454,2.94,88,20,9,4170,1298,47,367,563,253,119.0,0.961,3.745222929936306,True,False,False,False,False,False,False,False,True,False,False,False,False,False,False,False,False,False,False,84,1906,1914,1910s,3,SEA,156,770,5623,1608,248,56,123,392,479.0,32,675,589,3.78,76,10,11,4209,1433,106,411,524,174,129.0,0.972,4.86468952734013,False,True,False,False,False,False,False,False,False,False,True,False,False,False,False,False,False,False,False,1925,SFG
SLN,1909,28,"R, AB, H, 2B, 3B, HR, BB, SO, SB, RA, ER, ERA, CG, SHO, SV, IPouts, HA, HRA, BBA, SOA, E, DP, FP, mlb_rpg, era_1, era_2, decade_1910, decade_1930",False,154,583,5108,1242,148,56,15,568,855.0,161,731,522,3.41,84,5,4,4137,1368,22,483,435,321,90.0,0.95,3.5475423045930703,True,False,False,False,False,False,False,False,True,False,False,False,False,False,False,False,False,False,False,54,2009,1909,1900s,2,SFG,154,687,5387,1486,256,61,57,391,528.0,99,609,517,3.37,73,11,16,4146,1391,55,452,635,160,119.0,0.973,4.467216673903604,False,True,False,False,False,False,False,False,False,False,True,False,False,False,False,False,False,False,False,2031,STL
CLE,1922,27,"G, R, AB, H, 2B, 3B, HR, BB, SO, SB, RA, ER, ERA, CG, SHO, SV, IPouts, HA, HRA, BBA, SOA, E, DP, FP, mlb_rpg, decade_1920, decade_1930",False,155,768,5293,1544,320,73,32,554,331.0,89,817,705,4.59,76,14,7,4149,1605,58,464,489,201,140.0,0.968,4.870355411954765,False,True,False,False,False,False,False,False,False,True,False,False,False,False,False,False,False,False,False,78,734,1922,1920s,3,CLE,154,890,5439,1654,358,59,72,490,461.0,51,915,737,4.88,68,5,14,4080,1663,85,528,441,235,156.0,0.962,5.549027552674231,False,True,False,False,False,False,False,False,False,False,True,False,False,False,False,False,False,False,False,742,CLE
WS1,1925,26,"G, R, AB, H, 2B, 3B, HR, BB, SO, SB, RA, ER, ERA, CG, SHO, SV, IPouts, HA, HRA, BBA, SOA, E, DP, mlb_rpg, decade_1920, decade_1930",False,152,829,5206,1577,251,71,56,533,427.0,134,670,558,3.7,69,10,21,4074,1434,49,543,463,172,166.0,0.972,5.128664495114006,False,True,False,False,False,False,False,False,False,True,False,False,False,False,False,False,False,False,False,96,1246,1925,1920s,4,MIN,154,823,5592,1591,255,95,32,596,406.0,54,903,804,5.25,67,5,12,4134,1672,89,613,456,171,186.0,0.972,4.86468952734013,False,True,False,False,False,False,False,False,False,False,True,False,False,False,False,False,False,False,False,1256,MIN
BSN,1913,25,"G, R, AB, H, 2B, 3B, HR, BB, SO, SB, RA, ER, ERA, CG, SHO, SV, IPouts, HA, HRA, BBA, SOA, E, DP, FP, mlb_rpg",False,154,641,5145,1318,191,60,32,488,640.0,177,690,487,3.19,105,13,3,4119,1343,37,419,597,273,82.0,0.957,4.037277147487845,True,False,False,False,False,False,False,False,True,False,False,False,False,False,False,False,False,False,False,69,82,1913,1910s,2,ATL,158,542,5075,1181,166,73,22,437,646.0,141,453,344,2.19,97,23,11,4245,1206,24,325,644,212,124.0,0.967,3.5641539695268647,True,False,False,False,False,False,False,False,True,False,False,False,False,False,False,False,False,False,False,85,ATL
BOS,1948,27,"G, R, AB, H, 2B, 3B, HR, BB, SO, SB, RA, ER, ERA, CG, SHO, SV, IPouts, HA, HRA, BBA, SOA, E, DP, FP, mlb_rpg, decade_1940, decade_1950",False,155,907,5363,1471,277,40,121,823,552.0,38,720,653,4.26,70,11,13,4137,1445,83,592,513,116,174.0,0.981,4.578819725141472,False,False,False,True,False,False,False,False,False,False,False,True,False,False,False,False,False,False,False,96,330,1948,1940s,4,BOS,154,804,5378,1428,233,32,127,756,594.0,20,725,644,4.14,46,7,24,4197,1413,100,599,658,138,184.0,0.977,4.547215496368039,False,False,False,True,False,False,False,False,False,False,False,False,True,False,False,False,False,False,False,333,BOS
SLA,1905,24,"G, R, AB, H, 2B, 3B, HR, BB, SB, RA, ER, ERA, CG, SHO, SV, IPouts, HA, HRA, BBA, SOA, E, DP, FP, mlb_rpg",False,156,511,5204,1205,153,49,16,362,855.0,130,608,421,2.74,134,10,2,4152,1245,19,389,633,284,78.0,0.956,3.896523848019402,True,False,False,False,False,False,False,False,True,False,False,False,False,False,False,False,False,False,False,54,182,1905,1900s,2,ATL,155,544,5151,1261,173,52,20,343,855.0,126,483,334,2.15,107,15,5,4191,1151,7,387,607,237,97.0,0.964,3.385450160771704,True,False,False,False,False,False,False,False,True,False,False,False,False,False,False,False,False,False,False,185,BAL
CHN,2004,23,"G, R, AB, H, 2B, HR, BB, SO, SB, RA, ER, ERA, SHO, SV, IPouts, HA, HRA, BBA, SOA, E, DP, FP, mlb_rpg",False,162,789,5628,1508,308,29,235,489,1080.0,66,665,621,3.81,3,6,42,4396,1363,169,545,1346,86,126.0,0.986,4.813838550247117,False,False,False,False,False,False,True,False,False,False,False,False,False,False,False,False,False,True,False,89,491,2004,2000s,3,CHC,161,707,5486,1398,293,29,161,592,1185.0,56,672,616,3.84,3,8,40,4336,1329,160,586,1272,105,144.0,0.983,4.612962962962963,False,False,False,False,False,False,True,False,False,False,False,False,False,False,False,False,False,True,False,496,CHC
SLN,1923,27,"G, R, AB, H, 2B, 3B, HR, BB, SO, SB, RA, ER, ERA, SHO, SV, IPouts, HA, BBA, SOA, E, DP, FP, mlb_rpg, era_2, era_3, decade_1920, decade_1940",False,154,746,5526,1582,274,76,63,438,446.0,89,732,601,3.87,77,9,7,4194,1539,70,456,398,230,141.0,0.964,4.815085158150851,False,True,False,False,False,False,False,False,False,True,False,False,False,False,False,False,False,False,False,79,2021,1923,1920s,3,SFG,155,756,5487,1498,256,44,64,515,488.0,55,583,507,3.24,77,18,9,4224,1351,70,497,510,136,150.0,0.977,4.206225680933852,False,False,True,False,False,False,False,False,False,False,False,True,False,False,False,False,False,False,False,2043,STL
MIN,1968,28,"R, AB, H, 2B, 3B, HR, BB, SO, SB, RA, ER, ERA, CG, SHO, SV, IPouts, HA, HRA, BBA, SOA, E, DP, FP, mlb_rpg, era_5, era_6, decade_1960, decade_1970",False,162,562,5373,1274,207,41,105,445,966.0,98,546,460,2.89,46,14,29,4299,1224,92,414,996,170,117.0,0.973,3.4181538461538463,False,False,False,False,True,False,False,False,False,False,False,False,False,True,False,False,False,False,False,79,1289,1968,1960s,3,MIN,162,666,5522,1472,259,47,82,604,684.0,99,678,598,3.69,48,9,26,4377,1468,102,520,703,146,171.0,0.977,4.103472882968601,False,False,False,False,False,True,False,False,False,False,False,False,False,False,True,False,False,False,False,1299,MIN
BRO,1954,29,"G, R, AB, H, 2B, 3B, HR, BB, SO, SB, RA, ER, ERA, CG, SHO, SV, IPouts, HA, HRA, BBA, SOA, E, DP, FP, mlb_rpg, era_4, era_5, decade_1950, decade_1960",False,154,778,5251,1418,246,56,186,634,625.0,46,740,667,4.31,39,8,36,4179,1399,164,533,762,129,138.0,0.978,4.376313662085691,False,False,False,True,False,False,False,False,False,False,False,False,True,False,False,False,False,False,False,92,1122,1954,1950s,4,LAD,164,614,5499,1375,180,39,79,438,893.0,141,572,486,2.95,47,19,27,4449,1289,88,458,1062,170,126.0,0.973,4.035670356703567,False,False,False,False,True,False,False,False,False,False,False,False,False,True,False,False,False,False,False,1132,LAD
COL,2003,28,"R, AB, H, 2B, 3B, HR, BB, SO, SB, RA, ER, ERA, CG, SHO, SV, IPouts, HA, HRA, BBA, SOA, E, DP, FP, mlb_rpg, era_7, era_8, decade_2000, decade_2010",False,162,853,5518,1472,330,31,198,619,1134.0,63,892,821,5.2,3,4,34,4260,1629,200,552,866,116,165.0,0.981,4.72798353909465,False,False,False,False,False,False,True,False,False,False,False,False,False,False,False,False,False,True,False,74,833,2003,2000s,3,COL,162,735,5544,1429,274,40,163,555,1201.0,118,774,713,4.43,5,7,41,4343,1471,176,522,1118,98,156.0,0.984,4.283244133388226,False,False,False,False,False,False,False,True,False,False,False,False,False,False,False,False,False,False,True,841,COL
CLE,1967,27,"G, R, AB, H, 2B, 3B, HR, BB, SO, SB, RA, ER, ERA, CG, SHO, SV, IPouts, HA, HRA, BBA, SOA, E, DP, FP, mlb_rpg, decade_1960, decade_1970",False,162,559,5461,1282,213,35,131,413,984.0,53,613,533,3.25,49,14,27,4431,1258,120,559,1189,115,138.0,0.981,3.768518518518519,False,False,False,False,True,False,False,False,False,False,False,False,False,True,False,False,False,False,False,75,778,1967,1960s,3,CLE,159,688,5404,1409,201,25,153,525,667.0,106,703,612,3.84,37,6,33,4305,1395,136,599,800,134,156.0,0.978,4.21277145811789,False,False,False,False,True,False,False,False,False,False,False,False,False,False,True,False,False,False,False,786,CLE
MIL,2001,28,"R, AB, H, 2B, 3B, HR, BB, SO, SB, RA, ER, ERA, CG, SHO, SV, IPouts, HA, HRA, BBA, SOA, E, DP, FP, mlb_rpg, era_7, era_8, decade_2000, decade_2010",False,162,740,5488,1378,273,30,209,488,1399.0,66,806,740,4.64,3,8,28,4309,1452,197,667,1057,103,156.0,0.983,4.7754219843557015,False,False,False,False,False,False,True,False,False,False,False,False,False,False,False,False,False,True,False,68,1211,2001,2000s,2,MIL,162,721,5447,1422,276,31,185,481,1083.0,94,638,582,3.63,1,13,47,4325,1348,147,440,1257,111,130.0,0.982,4.283244133388226,False,False,False,False,False,False,False,True,False,False,False,False,False,False,False,False,False,False,True,1221,MIL
NYN,1989,27,"R, AB, H, 2B, 3B, BB, SO, SB, RA, ER, ERA, CG, SHO, SV, IPouts, HA, HRA, BBA, SOA, E, DP, FP, mlb_rpg, era_6, era_7, decade_1980, decade_2000",False,162,683,5489,1351,280,21,147,504,934.0,158,595,532,3.29,24,12,38,4362,1260,115,532,1108,144,110.0,0.976,4.132241215574549,False,False,False,False,False,True,False,False,False,False,False,False,False,False,False,True,False,False,False,87,1361,1989,1980s,3,NYM,162,642,5459,1361,273,18,147,545,1062.0,66,713,654,4.07,6,14,48,4337,1418,186,438,1191,101,132.0,0.983,4.7754219843557015,False,False,False,False,False,False,True,False,False,False,False,False,False,False,False,False,False,True,False,1371,NYM
WS1,1951,26,"G, R, AB, H, 2B, 3B, HR, BB, SO, SB, RA, ERA, CG, SHO, SV, IPouts, HA, HRA, BBA, SOA, E, DP, FP, mlb_rpg, decade_1950, decade_1960",False,154,672,5329,1399,242,45,54,560,515.0,45,764,681,4.49,58,6,13,4098,1429,110,630,475,160,148.0,0.973,4.547215496368039,False,False,False,True,False,False,False,False,False,False,False,False,True,False,False,False,False,False,False,62,1272,1951,1950s,2,MIN,161,707,5417,1353,215,40,167,597,840.0,47,778,681,4.28,49,14,23,4296,1415,163,570,914,174,150.0,0.971,4.525174825174825,False,False,False,True,False,False,False,False,False,False,False,False,False,True,False,False,False,False,False,1282,MIN
MON,1984,28,"R, AB, H, 2B, 3B, HR, BB, SO, SB, RA, ER, ERA, CG, SHO, SV, IPouts, HA, HRA, BBA, SOA, E, DP, FP, mlb_rpg, era_6, era_7, decade_1980, decade_2000",False,161,593,5439,1367,242,36,96,470,782.0,131,585,526,3.31,19,10,48,4293,1333,114,474,861,132,147.0,0.978,4.256769596199525,False,False,False,False,False,True,False,False,False,False,False,False,False,False,False,True,False,False,False,78,2235,1984,1980s,3,TOR,161,641,5491,1376,269,26,117,534,1095.0,81,825,742,4.66,2,8,28,4302,1496,190,588,1063,123,143.0,0.98,4.650947281713345,False,False,False,False,False,False,True,False,False,False,False,False,False,False,False,False,False,True,False,2257,WSN
PIT,1984,29,"G, R, AB, H, 2B, 3B, HR, BB, SO, SB, RA, ER, ERA, CG, SHO, SV, IPouts, HA, HRA, BBA, SOA, E, DP, FP, mlb_rpg, era_6, era_7, decade_1980, decade_2000",False,162,615,5537,1412,237,33,98,438,841.0,96,567,508,3.11,27,13,34,4410,1344,102,502,995,128,142.0,0.98,4.256769596199525,False,False,False,False,False,True,False,False,False,False,False,False,False,False,False,True,False,False,False,75,1783,1984,1980s,3,PIT,161,641,5330,1300,263,20,142,537,1109.0,86,730,664,4.23,2,7,47,4238,1447,163,572,920,115,177.0,0.982,4.618301731244848,False,False,False,False,False,False,True,False,False,False,False,False,False,False,False,False,False,True,False,1799,PIT
CHN,1939,27,"G, R, AB, H, 2B, 3B, HR, BB, SO, SB, RA, ER, ERA, CG, SHO, IPouts, HA, HRA, BBA, SOA, E, DP, mlb_rpg, era_2, era_3, decade_1930, decade_1940",False,156,724,5293,1407,263,62,91,523,553.0,61,678,588,3.8,72,8,13,4176,1504,74,430,584,186,126.0,0.97,4.823720552396425,False,True,False,False,False,False,False,False,False,False,True,False,False,False,False,False,False,False,False,84,429,1939,1930s,3,CHC,157,702,5462,1425,236,46,71,520,521.0,53,669,558,3.59,70,11,13,4200,1484,75,458,545,185,151.0,0.97,4.167874396135265,False,False,True,False,False,False,False,False,False,False,False,True,False,False,False,False,False,False,False,434,CHC
OAK,1979,26,"R, AB, H, 2B, 3B, HR, BB, SO, SB, RA, ER, ERA, CG, SHO, SV, IPouts, HA, HRA, BBA, SOA, E, DP, FP, mlb_rpg, decade_1970, decade_1990",False,162,573,5348,1276,188,32,108,482,751.0,104,860,754,4.75,41,4,20,4287,1606,147,654,726,174,137.0,0.972,4.457598856598381,False,False,False,False,False,True,False,False,False,False,False,False,False,False,True,False,False,False,False,54,1565,1979,1970s,2,OAK,162,733,5433,1379,209,22,164,651,992.0,141,570,514,3.18,18,16,64,4368,1287,123,494,831,87,152.0,0.986,4.256294536817102,False,False,False,False,False,True,False,False,False,False,False,False,False,False,False,False,True,False,False,1575,OAK
PIT,1945,29,"G, R, AB, H, 2B, 3B, HR, BB, SO, SB, RA, ER, ERA, CG, SHO, SV, IPouts, HA, HRA, BBA, SOA, E, DP, FP, mlb_rpg, era_3, era_4, decade_1940, decade_1960",False,155,753,5343,1425,259,56,72,590,480.0,81,686,579,3.76,73,8,16,4161,1477,61,455,518,178,141.0,0.971,4.206225680933852,False,False,True,False,False,False,False,False,False,False,False,True,False,False,False,False,False,False,False,82,1745,1945,1940s,3,PIT,154,694,5311,1448,232,57,128,428,721.0,26,675,593,3.92,34,9,29,4086,1442,121,400,759,150,189.0,0.975,4.525174825174825,False,False,False,True,False,False,False,False,False,False,False,False,False,True,False,False,False,False,False,1761,PIT
NYA,1967,28,"G, R, AB, H, 2B, 3B, HR, BB, SO, SB, RA, ER, ERA, CG, SV, IPouts, HA, HRA, BBA, SOA, E, DP, FP, mlb_rpg, era_5, era_6, decade_1960, decade_1970",False,163,522,5443,1225,166,17,100,532,1043.0,63,621,533,3.24,37,16,27,4440,1375,110,480,898,154,144.0,0.976,3.768518518518519,False,False,False,False,True,False,False,False,False,False,False,False,False,True,False,False,False,False,False,72,1447,1967,1960s,3,NYY,162,831,5605,1576,267,47,184,533,681.0,93,651,581,3.61,52,16,34,4347,1395,139,486,758,132,151.0,0.979,4.470518307180218,False,False,False,False,False,True,False,False,False,False,False,False,False,False,True,False,False,False,False,1457,NYY
DET,1999,27,"G, R, AB, H, 2B, 3B, HR, BB, SO, SB, RA, ER, ERA, CG, SHO, SV, IPouts, HA, HRA, BBA, SOA, E, DP, FP, mlb_rpg, decade_1990, decade_2000",False,161,747,5481,1433,289,34,212,458,1049.0,108,882,817,5.18,4,6,33,4261,1528,209,583,976,106,155.0,0.982,5.0846375617792425,False,False,False,False,False,False,True,False,False,False,False,False,False,False,False,False,True,False,False,69,937,1999,1990s,2,DET,162,887,5757,1652,352,50,177,474,1054.0,103,797,735,4.57,1,9,44,4342,1498,174,566,1047,99,148.0,0.984,4.796791443850268,False,False,False,False,False,False,True,False,False,False,False,False,False,False,False,False,False,True,False,945,DET
TOR,2008,29,"G, R, AB, H, 2B, 3B, HR, BB, SO, SB, RA, ER, ERA, CG, SHO, SV, IPouts, HA, HRA, BBA, SOA, E, DP, FP, mlb_rpg, era_6, era_7, decade_1980, decade_2000",False,162,714,5503,1453,303,32,126,521,938.0,80,610,561,3.49,15,13,44,4340,1330,134,467,1184,84,137.0,0.986,4.650947281713345,False,False,False,False,False,False,True,False,False,False,False,False,False,False,False,False,False,True,False,86,2212,2008,2000s,3,TOR,163,677,5611,1482,297,41,102,509,733.0,138,646,585,3.58,38,15,34,4413,1406,120,479,899,116,130.0,0.981,4.307728781412992,False,False,False,False,False,True,False,False,False,False,False,False,False,False,False,True,False,False,False,2234,TOR
FLO,2009,28,"R, AB, H, 2B, 3B, HR, BB, SO, SB, RA, ER, ERA, CG, SHO, SV, IPouts, HA, HRA, BBA, SOA, E, DP, FP, mlb_rpg, era_4, era_7, decade_1960, decade_2000",False,162,772,5572,1493,296,25,159,568,1226.0,75,766,690,4.29,5,5,45,4339,1425,160,601,1248,106,129.0,0.982,4.612962962962963,False,False,False,False,False,False,True,False,False,False,False,False,False,False,False,False,False,True,False,87,969,2009,2000s,3,FLA,162,592,5558,1370,170,47,105,493,806.0,42,717,618,3.83,34,9,19,4359,1446,113,471,1047,173,149.0,0.973,4.460518198642813,False,False,False,True,False,False,False,False,False,False,False,False,False,True,False,False,False,False,False,977,FLA
CIN,1957,29,"G, R, AB, H, 2B, 3B, HR, BB, SO, SB, RA, ER, ERA, CG, SHO, SV, IPouts, HA, HRA, BBA, SOA, E, DP, FP, mlb_rpg, era_4, era_5, decade_1950, decade_1960",False,154,747,5389,1452,251,33,187,546,752.0,51,781,716,4.62,40,5,29,4185,1486,179,429,707,107,139.0,0.982,4.306072874493927,False,False,False,True,False,False,False,False,False,False,False,False,True,False,False,False,False,False,False,80,661,1957,1950s,3,CIN,162,825,5658,1544,268,61,183,538,1003.0,82,704,628,3.88,43,9,34,4371,1355,136,587,1113,117,142.0,0.981,3.9882932840418976,False,False,False,False,True,False,False,False,False,False,False,False,False,True,False,False,False,False,False,669,CIN
HOU,1968,25,"R, AB, H, 2B, 3B, BB, SO, SB, RA, ER, ERA, CG, SHO, SV, IPouts, HA, HRA, BBA, SOA, E, DP, FP, mlb_rpg, decade_1960, decade_1970",False,162,510,5336,1233,205,28,66,479,988.0,44,588,524,3.26,50,12,23,4338,1362,68,479,1021,152,129.0,0.975,3.4181538461538463,False,False,False,False,True,False,False,False,False,False,False,False,False,True,False,False,False,False,False,72,983,1968,1960s,3,FLA,162,625,5464,1401,195,50,66,530,719.0,150,657,571,3.56,42,17,29,4332,1349,82,662,780,140,155.0,0.978,3.99484270242393,False,False,False,False,True,False,False,False,False,False,False,False,False,False,True,False,False,False,False,991,HOU
TEX,1997,28,"R, AB, H, 2B, 3B, HR, BB, SO, SB, RA, ER, ERA, CG, SHO, SV, IPouts, HA, HRA, BBA, SOA, E, DP, FP, mlb_rpg, era_6, era_7, decade_1970, decade_1990",False,162,807,5651,1547,311,27,187,500,1116.0,72,823,744,4.68,8,9,33,4289,1598,169,541,925,122,155.0,0.981,4.766990291262136,False,False,False,False,False,False,True,False,False,False,False,False,False,False,False,False,True,False,False,77,2164,1997,1990s,3,TEX,162,613,5423,1362,253,34,95,448,663.0,75,862,759,4.82,44,7,11,4251,1537,165,594,613,158,187.0,0.975,4.457598856598381,False,False,False,False,False,True,False,False,False,False,False,False,False,False,True,False,False,False,False,2186,TEX
NY1,1937,28,"G, R, AB, H, 2B, 3B, HR, BB, SO, SB, RA, ER, ERA, CG, SHO, SV, IPouts, HA, HRA, BBA, SOA, E, FP, mlb_rpg, era_2, era_4, decade_1930, decade_1950",False,152,732,5329,1484,251,41,111,412,492.0,45,602,519,3.43,67,11,17,4083,1341,85,404,653,159,143.0,0.974,4.870863599677159,False,True,False,False,False,False,False,False,False,False,True,False,False,False,False,False,False,False,False,95,1927,1937,1930s,4,SFG,154,540,5190,1268,192,45,145,402,659.0,67,650,579,3.78,31,9,28,4134,1287,144,551,765,144,143.0,0.976,4.451573849878935,False,False,False,True,False,False,False,False,False,False,False,False,True,False,False,False,False,False,False,1946,SFG
SFN,1987,28,"R, AB, H, 2B, 3B, HR, BB, SO, SB, RA, ER, ERA, CG, SHO, SV, IPouts, HA, HRA, BBA, SOA, E, DP, FP, mlb_rpg, era_6, era_7, decade_1980, decade_2000",False,162,783,5608,1458,274,32,205,511,1094.0,126,669,601,3.68,19,10,38,4413,1407,146,547,1038,129,183.0,0.98,4.722802850356294,False,False,False,False,False,True,False,False,False,False,False,False,False,False,False,True,False,False,False,90,1976,1987,1980s,4,SFG,162,640,5543,1452,311,37,94,452,1044.0,108,759,701,4.38,4,12,41,4326,1416,147,652,1240,96,129.0,0.983,4.650947281713345,False,False,False,False,False,False,True,False,False,False,False,False,False,False,False,False,False,True,False,1995,SFG
CIN,2011,29,"G, R, AB, H, 2B, 3B, HR, BB, SO, SB, RA, ER, ERA, CG, SHO, SV, IPouts, HA, HRA, BBA, SOA, E, DP, FP, mlb_rpg, era_1, era_8, decade_1910, decade_2010",False,162,735,5612,1438,264,19,183,535,1250.0,97,720,678,4.16,4,5,39,4403,1414,185,539,1112,91,146.0,0.985,4.283244133388226,False,False,False,False,False,False,False,True,False,False,False,False,False,False,False,False,False,False,True,79,712,2011,2010s,3,CIN,157,663,5426,1516,240,73,12,330,855.0,203,482,328,2.09,133,27,4,4236,1197,16,365,530,217,111.0,0.967,3.607282184655397,True,False,False,False,False,False,False,False,True,False,False,False,False,False,False,False,False,False,False,720,CIN
MIL,2013,29,"G, R, AB, H, 2B, 3B, HR, BB, SO, SB, RA, ER, ERA, CG, SHO, SV, IPouts, HA, HRA, BBA, SOA, E, DP, FP, mlb_rpg, era_1, era_8, decade_1910, decade_2010",False,162,640,5474,1381,238,43,157,407,1183.0,142,687,615,3.84,4,15,40,4328,1401,175,466,1125,114,153.0,0.981,4.165981077745784,False,False,False,False,False,False,False,True,False,False,False,False,False,False,False,False,False,False,True,74,1223,2013,2010s,3,MIL,157,501,4989,1175,145,46,9,449,855.0,192,550,375,2.46,119,19,3,4119,1215,19,375,674,264,99.0,0.959,3.835068054443554,True,False,False,False,False,False,False,False,True,False,False,False,False,False,False,False,False,False,False,1233,MIL
DET,1931,25,"G, R, AB, H, 2B, 3B, HR, BB, SO, SB, RA, ER, ERA, CG, SHO, SV, IPouts, HA, HRA, BBA, SOA, E, DP, FP, mlb_rpg",False,154,651,5430,1456,292,69,43,480,468.0,117,836,706,4.59,86,5,6,4152,1549,79,597,511,221,139.0,0.964,4.810679611650485,False,True,False,False,False,False,False,False,False,False,True,False,False,False,False,False,False,False,False,61,872,1931,1930s,2,DET,155,849,5326,1487,277,67,124,620,592.0,88,762,652,4.29,64,8,16,4101,1430,104,574,633,198,147.0,0.967,4.823720552396425,False,True,False,False,False,False,False,False,False,False,True,False,False,False,False,False,False,False,False,880,DET
SLA,1941,27,"G, R, AB, H, 2B, 3B, HR, BB, SO, SB, RA, ER, ERA, CG, SHO, SV, IPouts, HA, HRA, BBA, SOA, E, DP, FP, mlb_rpg, era_2, era_3",False,157,765,5408,1440,281,58,91,775,552.0,50,823,728,4.72,65,7,10,4167,1563,120,549,454,151,156.0,0.975,4.488745980707395,False,True,False,False,False,False,False,False,False,False,False,True,False,False,False,False,False,False,False,70,216,1941,1940s,3,BAL,154,684,5269,1328,223,45,72,531,604.0,44,587,492,3.17,71,16,17,4191,1392,58,469,581,171,142.0,0.972,4.167874396135265,False,False,True,False,False,False,False,False,False,False,False,True,False,False,False,False,False,False,False,219,BAL
MIN,1988,27,"R, AB, H, 2B, 3B, HR, BB, SO, SB, RA, ER, ERA, CG, SHO, SV, IPouts, HA, HRA, BBA, SOA, E, FP, mlb_rpg, era_6, era_7, decade_1980, decade_2000",False,162,759,5510,1508,294,31,151,528,832.0,107,672,625,3.93,18,9,52,4293,1457,146,453,897,83,155.0,0.986,4.138095238095239,False,False,False,False,False,True,False,False,False,False,False,False,False,False,False,True,False,False,False,91,1308,1988,1980s,4,MIN,162,748,5615,1516,325,49,116,556,1021.0,90,880,819,5.14,6,4,35,4298,1634,212,516,1042,102,155.0,0.983,5.140181144503911,False,False,False,False,False,False,True,False,False,False,False,False,False,False,False,False,False,True,False,1318,MIN
CHA,2005,28,"R, AB, H, 2B, 3B, HR, BB, SO, SB, RA, ER, ERA, CG, SHO, SV, IPouts, HA, HRA, BBA, SOA, E, DP, FP, mlb_rpg, era_7, era_8, decade_2000, decade_2010",False,162,741,5529,1450,253,23,200,435,1002.0,137,645,592,3.61,9,10,54,4427,1392,167,459,1040,94,166.0,0.985,4.591731797614151,False,False,False,False,False,False,True,False,False,False,False,False,False,False,False,False,False,True,False,99,598,2005,2000s,4,CHW,162,752,5484,1467,263,21,177,467,922.0,160,704,658,4.09,6,11,43,4339,1471,136,490,1149,103,158.0,0.983,4.384362139917696,False,False,False,False,False,False,False,True,False,False,False,False,False,False,False,False,False,False,True,603,CHW
NYA,2001,29,"G, R, AB, H, 2B, 3B, HR, BB, SO, SB, RA, ER, ERA, CG, SHO, SV, IPouts, HA, HRA, BBA, SOA, E, DP, FP, mlb_rpg, era_7, era_8, decade_2000, decade_2010",False,161,804,5577,1488,289,20,203,519,1035.0,161,713,649,4.02,7,9,57,4354,1429,158,465,1266,109,132.0,0.982,4.7754219843557015,False,False,False,False,False,False,True,False,False,False,False,False,False,False,False,False,False,True,False,95,1478,2001,2000s,4,NYY,162,867,5518,1452,267,33,222,627,1138.0,147,657,605,3.73,5,8,47,4375,1423,152,507,1222,102,141.0,0.983,4.283244133388226,False,False,False,False,False,False,False,True,False,False,False,False,False,False,False,False,False,False,True,1488,NYY
PIT,1924,27,"G, R, AB, H, 2B, 3B, HR, BB, SO, SB, RA, ER, ERA, CG, SHO, SV, IPouts, HA, HRA, BBA, SOA, E, DP, FP, mlb_rpg, decade_1920, decade_1940",False,153,724,5288,1517,222,122,44,366,396.0,181,588,502,3.27,85,15,5,4146,1387,42,323,364,183,161.0,0.971,4.761169780666125,False,True,False,False,False,False,False,False,False,True,False,False,False,False,False,False,False,False,False,90,1724,1924,1920s,4,PIT,156,809,5466,1511,276,68,76,553,494.0,69,783,672,4.36,49,8,24,4164,1569,72,492,491,217,160.0,0.966,4.679611650485437,False,True,False,False,False,False,False,False,False,False,False,True,False,False,False,False,False,False,False,1740,PIT
CHA,1954,25,"G, R, AB, H, 2B, 3B, HR, BB, SO, SB, RA, ER, ERA, CG, SHO, SV, IPouts, HA, HRA, BBA, SOA, E, DP, FP, mlb_rpg",False,155,711,5168,1382,203,47,94,604,536.0,98,521,469,3.05,60,23,33,4149,1255,94,517,701,108,149.0,0.982,4.376313662085691,False,False,False,True,False,False,False,False,False,False,False,False,True,False,False,False,False,False,False,94,550,1954,1950s,4,CHW,156,669,5297,1325,220,46,97,580,634.0,113,588,521,3.29,44,13,36,4275,1297,129,525,761,130,141.0,0.979,4.383279483037157,False,False,False,True,False,False,False,False,False,False,False,False,True,False,False,False,False,False,False,555,CHW
CHN,1989,28,"R, AB, H, 2B, 3B, HR, BB, SO, SB, RA, ER, ERA, CG, SHO, SV, IPouts, HA, HRA, BBA, SOA, E, DP, FP, mlb_rpg, era_6, era_7, decade_1980, decade_1990",False,162,702,5513,1438,235,45,124,472,921.0,136,623,556,3.43,18,10,55,4380,1369,106,532,918,119,130.0,0.981,4.132241215574549,False,False,False,False,False,True,False,False,False,False,False,False,False,False,False,True,False,False,False,93,478,1989,1980s,4,CHC,162,772,5531,1388,267,19,175,523,1090.0,108,771,705,4.36,10,11,34,4368,1447,184,546,1027,104,147.0,0.983,5.0355094838994265,False,False,False,False,False,False,True,False,False,False,False,False,False,False,False,False,True,False,False,483,CHC
MIN,2005,28,"R, AB, H, 2B, 3B, HR, BB, SO, SB, RA, ER, ERA, CG, SHO, SV, IPouts, HA, HRA, BBA, SOA, E, DP, FP, mlb_rpg, era_7, era_8, decade_2000, decade_2010",False,162,688,5564,1441,269,32,134,485,978.0,102,662,604,3.71,9,8,44,4393,1458,169,348,965,102,171.0,0.984,4.591731797614151,False,False,False,False,False,False,True,False,False,False,False,False,False,False,False,False,False,True,False,83,1323,2005,2000s,3,MIN,162,696,5467,1349,277,44,156,439,1264.0,70,700,653,4.07,2,12,45,4329,1506,163,413,1046,86,150.0,0.986,4.250102923013586,False,False,False,False,False,False,False,True,False,False,False,False,False,False,False,False,False,False,True,1333,MIN
HOU,1993,26,"R, AB, H, 2B, 3B, HR, BB, SO, SB, RA, ER, ERA, CG, SHO, SV, IPouts, HA, HRA, BBA, SOA, E, DP, FP, mlb_rpg, decade_1990, decade_2000",False,162,716,5464,1459,288,37,138,497,911.0,103,630,559,3.49,18,14,42,4323,1363,117,476,1056,125,141.0,0.979,4.597620096959012,False,False,False,False,False,False,True,False,False,False,False,False,False,False,False,False,True,False,False,85,1007,1993,1990s,3,HOU,162,805,5583,1466,308,30,191,557,1021.0,66,677,622,3.86,1,5,50,4350,1350,161,565,1139,95,149.0,0.985,4.72798353909465,False,False,False,False,False,False,True,False,False,False,False,False,False,False,False,False,False,True,False,1015,HOU
CIN,1961,27,"G, R, AB, H, 2B, 3B, HR, BB, SO, SB, RA, ER, ERA, CG, SHO, SV, IPouts, HA, HRA, BBA, SOA, E, DP, FP, mlb_rpg, era_4, era_5",False,154,710,5243,1414,247,35,158,423,761.0,70,653,575,3.78,46,12,40,4110,1300,147,500,829,134,124.0,0.977,4.525174825174825,False,False,False,True,False,False,False,False,False,False,False,False,False,True,False,False,False,False,False,93,665,1961,1960s,4,CIN,163,798,5634,1558,224,42,171,474,1042.0,79,768,669,4.11,23,11,44,4395,1478,149,611,818,168,158.0,0.973,4.07245632065776,False,False,False,False,True,False,False,False,False,False,False,False,False,True,False,False,False,False,False,673,CIN
CHN,1932,24,"R, AB, H, 2B, 3B, HR, BB, SO, SB, RA, ER, ERA, CG, SHO, SV, IPouts, HA, HRA, BBA, SOA, E, DP, FP, mlb_rpg",False,154,720,5462,1519,296,60,69,398,514.0,48,633,535,3.44,79,9,7,4203,1444,68,409,527,173,146.0,0.973,4.913219789132198,False,True,False,False,False,False,False,False,False,False,True,False,False,False,False,False,False,False,False,90,422,1932,1930s,4,CHC,154,811,5349,1537,253,74,96,538,496.0,71,682,609,3.97,73,11,13,4143,1434,91,502,596,151,141.0,0.975,4.870863599677159,False,True,False,False,False,False,False,False,False,False,True,False,False,False,False,False,False,False,False,427,CHC
BOS,1911,24,"G, R, AB, H, 2B, 3B, HR, BB, SO, SB, RA, ER, ERA, CG, SHO, IPouts, HA, HRA, BBA, SOA, E, DP, FP, mlb_rpg",False,153,680,5014,1379,203,66,35,506,855.0,190,643,411,2.74,87,10,8,4053,1309,21,473,711,322,93.0,0.949,4.512530315278901,True,False,False,False,False,False,False,False,True,False,False,False,False,False,False,False,False,False,False,78,296,1911,1910s,3,BOS,159,589,5117,1278,226,85,18,490,549.0,177,510,374,2.36,88,24,8,4281,1207,18,393,602,242,99.0,0.963,3.745222929936306,True,False,False,False,False,False,False,False,True,False,False,False,False,False,False,False,False,False,False,299,BOS
CHN,1910,25,"G, R, AB, H, 2B, 3B, HR, BB, SO, SB, RA, ER, ERA, CG, SHO, SV, IPouts, HA, HRA, BBA, SOA, E, DP, FP, mlb_rpg",False,154,712,4977,1333,219,84,34,542,501.0,173,499,384,2.51,100,25,13,4134,1171,18,474,609,229,110.0,0.964,3.835068054443554,True,False,False,False,False,False,False,False,True,False,False,False,False,False,False,False,False,False,False,104,402,1910,1910s,4,CHC,156,570,5114,1246,212,66,53,393,639.0,166,620,483,3.11,71,18,8,4197,1272,28,480,657,268,94.0,0.958,3.792771084337349,True,False,False,False,False,False,False,False,True,False,False,False,False,False,False,False,False,False,False,407,CHC
MON,1978,27,"R, AB, 2B, 3B, HR, BB, SO, SB, RA, ER, ERA, CG, SHO, SV, IPouts, HA, HRA, BBA, SOA, E, DP, FP, mlb_rpg, era_6, era_7, decade_1970, decade_2000",False,162,633,5530,1404,269,31,121,396,881.0,80,611,549,3.42,42,13,32,4338,1332,117,572,740,134,150.0,0.979,4.103472882968601,False,False,False,False,False,True,False,False,False,False,False,False,False,False,True,False,False,False,False,76,2230,1978,1970s,3,TOR,162,711,5437,1404,294,25,144,522,990.0,100,716,640,4.01,15,10,42,4313,1467,181,463,1028,102,152.0,0.983,4.72798353909465,False,False,False,False,False,False,True,False,False,False,False,False,False,False,False,False,False,True,False,2252,WSN
ML1,1965,25,"G, R, AB, H, 2B, 3B, HR, BB, SO, SB, RA, ER, ERA, CG, SHO, SV, IPouts, HA, HRA, BBA, SOA, E, DP, FP, mlb_rpg",False,162,708,5542,1419,243,28,196,408,976.0,64,633,566,3.52,43,4,38,4341,1336,123,541,966,140,145.0,0.978,3.9882932840418976,False,False,False,False,True,False,False,False,False,False,False,False,False,True,False,False,False,False,False,86,132,1965,1960s,3,ATL,163,514,5552,1399,179,31,80,414,782.0,83,549,478,2.92,44,16,29,4422,1326,87,362,871,125,139.0,0.98,3.4181538461538463,False,False,False,False,True,False,False,False,False,False,False,False,False,True,False,False,False,False,False,135,ATL
PHI,2012,29,"G, R, AB, H, 2B, 3B, HR, BB, SO, SB, RA, ER, ERA, CG, SHO, SV, IPouts, HA, HRA, BBA, SOA, E, DP, FP, mlb_rpg, era_1, era_8, decade_1910, decade_2010",False,162,684,5544,1414,271,28,158,454,1094.0,116,680,618,3.83,5,11,42,4354,1387,178,409,1385,101,118.0,0.983,4.324485596707819,False,False,False,False,False,False,False,True,False,False,False,False,False,False,False,False,False,False,True,81,1701,2012,2010s,3,PHI,152,751,5252,1493,222,129,39,420,514.0,177,565,439,2.85,94,18,7,4155,1268,28,497,664,169,125.0,0.972,4.526785714285714,True,False,False,False,False,False,False,False,True,False,False,False,False,False,False,False,False,False,False,1714,PHI
MIN,1969,28,"R, AB, H, 2B, 3B, HR, BB, SO, SB, RA, ER, ERA, CG, SHO, SV, IPouts, HA, HRA, BBA, SOA, E, DP, FP, mlb_rpg, era_5, era_6, decade_1960, decade_1970",False,162,790,5677,1520,246,32,163,599,906.0,115,618,539,3.24,41,8,43,4491,1388,119,524,906,150,177.0,0.977,4.07245632065776,False,False,False,False,True,False,False,False,False,False,False,False,False,True,False,False,False,False,False,97,1290,1969,1960s,4,MIN,162,764,5544,1544,256,46,112,526,693.0,66,725,663,4.13,31,6,33,4332,1590,128,452,721,134,203.0,0.979,4.457598856598381,False,False,False,False,False,True,False,False,False,False,False,False,False,False,True,False,False,False,False,1300,MIN
SLN,1935,28,"R, AB, H, 2B, 3B, HR, BB, SO, SB, RA, ER, ERA, CG, SHO, SV, IPouts, HA, HRA, BBA, SOA, E, DP, FP, mlb_rpg, era_2, era_4, decade_1930, decade_1950",False,154,829,5457,1548,286,59,86,404,521.0,71,625,541,3.52,73,10,18,4152,1445,68,377,602,163,133.0,0.972,4.86468952734013,False,True,False,False,False,False,False,False,False,False,True,False,False,False,False,False,False,False,False,96,2033,1935,1930s,4,STL,154,737,5472,1497,235,43,132,493,672.0,58,666,593,3.78,46,11,29,4239,1385,140,506,778,131,168.0,0.979,4.306072874493927,False,False,False,True,False,False,False,False,False,False,False,False,True,False,False,False,False,False,False,2055,STL
ATL,2008,28,"R, AB, H, 2B, 3B, HR, BB, SO, SB, RA, ER, ERA, CG, SHO, SV, IPouts, HA, HRA, BBA, SOA, E, DP, FP, mlb_rpg, era_7, era_8, decade_2000, decade_2010",False,162,753,5604,1514,316,33,130,618,1023.0,58,778,714,4.46,2,7,26,4322,1439,156,586,1076,107,149.0,0.983,4.650947281713345,False,False,False,False,False,False,True,False,False,False,False,False,False,False,False,False,False,True,False,72,172,2008,2000s,3,ATL,162,641,5528,1345,244,16,173,504,1260.0,77,605,572,3.48,3,16,52,4439,1332,125,521,1332,83,131.0,0.987,4.283244133388226,False,False,False,False,False,False,False,True,False,False,False,False,False,False,False,False,False,False,True,175,ATL
TEX,1975,28,"R, AB, H, 2B, 3B, HR, BB, SO, SB, RA, ER, ERA, CG, SHO, SV, IPouts, HA, HRA, BBA, SOA, E, DP, FP, mlb_rpg, era_5, era_7, decade_1970, decade_2000",False,162,714,5599,1431,208,17,134,613,863.0,102,733,628,3.86,60,16,17,4395,1456,123,518,792,191,173.0,0.971,4.21277145811789,False,False,False,False,True,False,False,False,False,False,False,False,False,False,True,False,False,False,False,79,2145,1975,1970s,3,TBD,162,848,5648,1601,330,35,173,580,922.0,69,974,876,5.52,3,4,39,4287,1683,202,661,918,135,162.0,0.978,5.140181144503911,False,False,False,False,False,False,True,False,False,False,False,False,False,False,False,False,False,True,False,2167,TEX
SLA,1917,29,"G, R, AB, H, 2B, 3B, HR, BB, SO, SB, RA, ER, ERA, CG, SHO, SV, IPouts, HA, HRA, BBA, SOA, E, DP, FP, mlb_rpg, era_1, era_2, decade_1910, decade_1920",False,155,510,5091,1250,183,63,15,405,540.0,157,687,492,3.2,66,12,12,4155,1320,19,537,429,281,139.0,0.957,3.587810745789896,True,False,False,False,False,False,False,False,True,False,False,False,False,False,False,False,False,False,False,57,194,1917,1910s,2,BAL,154,867,5416,1693,291,94,98,473,381.0,132,643,523,3.38,79,8,22,4176,1412,71,419,534,196,158.0,0.968,4.870355411954765,False,True,False,False,False,False,False,False,False,True,False,False,False,False,False,False,False,False,False,197,BAL
CHN,1978,27,"G, R, AB, H, 2B, 3B, HR, BB, SO, SB, RA, ER, ERA, CG, SHO, SV, IPouts, HA, HRA, BBA, SOA, E, DP, FP, mlb_rpg, decade_1970, decade_1980",False,162,664,5532,1461,224,48,72,562,746.0,110,724,655,4.05,24,7,38,4365,1475,125,539,768,144,154.0,0.978,4.103472882968601,False,False,False,False,False,True,False,False,False,False,False,False,False,False,True,False,False,False,False,79,468,1978,1970s,3,CHC,161,762,5437,1415,240,47,136,567,967.0,154,658,598,3.75,19,8,50,4302,1458,99,442,879,121,137.0,0.981,4.256769596199525,False,False,False,False,False,True,False,False,False,False,False,False,False,False,False,True,False,False,False,473,CHC
PHI,1965,28,"R, AB, H, 2B, 3B, HR, BB, SO, SB, RA, ER, ERA, CG, SHO, SV, IPouts, HA, HRA, BBA, SOA, E, DP, FP, mlb_rpg, era_5, era_6, decade_1960, decade_1970",False,162,654,5528,1380,205,53,144,494,1091.0,46,667,576,3.53,50,18,21,4404,1426,116,466,1071,157,153.0,0.975,3.9882932840418976,False,False,False,False,True,False,False,False,False,False,False,False,False,True,False,False,False,False,False,85,1657,1965,1960s,3,PHI,162,708,5448,1404,248,32,133,552,866.0,152,586,531,3.33,38,9,29,4308,1343,118,393,813,104,156.0,0.983,4.103472882968601,False,False,False,False,False,True,False,False,False,False,False,False,False,False,True,False,False,False,False,1670,PHI
CHA,1952,25,"G, R, AB, H, 2B, 3B, HR, BB, SO, SB, RA, ER, ERA, CG, SHO, SV, IPouts, HA, HRA, BBA, SOA, E, DP, FP, mlb_rpg",False,156,610,5316,1337,199,38,80,541,521.0,61,568,511,3.25,53,15,28,4248,1251,86,578,774,123,158.0,0.98,4.17635189669088,False,False,False,True,False,False,False,False,False,False,False,False,True,False,False,False,False,False,False,81,548,1952,1950s,3,CHW,155,707,5265,1369,208,41,106,633,745.0,109,566,521,3.35,59,16,27,4203,1305,124,470,665,107,169.0,0.982,4.306072874493927,False,False,False,True,False,False,False,False,False,False,False,False,True,False,False,False,False,False,False,553,CHW
BAL,1954,24,"R, AB, H, 2B, 3B, HR, BB, SO, SB, RA, ER, ERA, CG, SHO, SV, IPouts, HA, HRA, BBA, SOA, E, DP, FP, mlb_rpg",False,154,483,5206,1309,195,49,52,468,634.0,30,668,592,3.88,58,6,8,4119,1279,78,688,668,147,152.0,0.975,4.376313662085691,False,False,False,True,False,False,False,False,False,False,False,False,True,False,False,False,False,False,False,54,229,1954,1950s,2,BAL,154,597,5264,1326,191,39,87,504,699.0,57,588,541,3.46,44,13,25,4224,1272,95,493,767,109,159.0,0.982,4.306072874493927,False,False,False,True,False,False,False,False,False,False,False,False,True,False,False,False,False,False,False,232,BAL
KCA,2007,26,"R, AB, H, 3B, HR, BB, SO, SB, RA, ER, ERA, SHO, SV, IPouts, HA, HRA, BBA, SOA, E, DP, FP, mlb_rpg, era_7, era_8, decade_2000, decade_2010",False,162,706,5534,1447,300,46,102,428,1069.0,78,778,716,4.48,2,6,36,4312,1547,168,520,993,106,160.0,0.982,4.796791443850268,False,False,False,False,False,False,True,False,False,False,False,False,False,False,False,False,False,True,False,69,1064,2007,2000s,2,KCR,162,724,5575,1497,300,42,139,383,973.0,104,641,601,3.73,2,8,56,4356,1372,155,489,1160,88,138.0,0.985,4.250102923013586,False,False,False,False,False,False,False,True,False,False,False,False,False,False,False,False,False,False,True,1072,KCR
PHI,2002,29,"G, R, AB, H, 2B, 3B, HR, BB, SO, SB, RA, ER, ERA, CG, SHO, SV, IPouts, HA, HRA, BBA, SOA, E, DP, FP, mlb_rpg, era_7, era_8, decade_2000, decade_2010",False,161,710,5523,1428,325,41,165,640,1095.0,104,724,671,4.17,5,9,47,4349,1381,153,570,1075,88,156.0,0.986,4.618301731244848,False,False,False,False,False,False,True,False,False,False,False,False,False,False,False,False,False,True,False,80,1691,2002,2000s,3,PHI,162,626,5529,1374,272,37,130,387,1274.0,88,809,749,4.69,1,7,35,4309,1592,191,488,1153,117,145.0,0.981,4.250102923013586,False,False,False,False,False,False,False,True,False,False,False,False,False,False,False,False,False,False,True,1704,PHI
PHI,1976,27,"R, AB, H, 2B, 3B, HR, BB, SO, SB, RA, ER, ERA, CG, SHO, SV, IPouts, HA, HRA, BBA, SOA, E, DP, mlb_rpg, era_5, era_6, decade_1970, decade_1990",False,162,770,5528,1505,259,45,110,542,793.0,127,557,499,3.08,34,9,44,4377,1377,98,397,918,115,148.0,0.981,3.99484270242393,False,False,False,False,True,False,False,False,False,False,False,False,False,False,True,False,False,False,False,101,1668,1976,1970s,4,PHI,162,646,5535,1410,237,27,103,582,915.0,108,729,655,4.07,18,7,35,4347,1381,124,651,840,117,150.0,0.981,4.256294536817102,False,False,False,False,False,True,False,False,False,False,False,False,False,False,False,False,True,False,False,1681,PHI
CHA,2002,24,"R, AB, H, 2B, 3B, HR, BB, SO, SB, RA, ER, ERA, CG, SHO, SV, IPouts, HA, HRA, BBA, SOA, E, DP, FP, mlb_rpg",False,162,856,5502,1475,289,29,217,555,952.0,75,798,716,4.53,7,7,35,4269,1422,190,528,945,97,157.0,0.984,4.618301731244848,False,False,False,False,False,False,True,False,False,False,False,False,False,False,False,False,False,True,False,81,595,2002,2000s,3,CHW,162,693,5441,1341,249,20,190,532,1149.0,78,839,763,4.77,9,9,42,4322,1556,174,499,1015,108,168.0,0.982,4.796791443850268,False,False,False,False,False,False,True,False,False,False,False,False,False,False,False,False,False,True,False,600,CHW
CIN,1917,28,"G, R, AB, H, 2B, 3B, HR, BB, SO, SB, RA, ER, ERA, CG, SV, IPouts, HA, HRA, BBA, SOA, E, DP, FP, mlb_rpg, era_1, era_2, decade_1910, decade_1920",False,157,601,5251,1385,196,100,26,312,477.0,153,611,419,2.7,94,12,6,4191,1358,20,402,488,247,120.0,0.962,3.587810745789896,True,False,False,False,False,False,False,False,True,False,False,False,False,False,False,False,False,False,False,78,623,1917,1910s,3,CIN,153,643,5185,1439,222,77,29,402,332.0,62,653,538,3.54,87,12,12,4104,1472,36,316,407,165,160.0,0.973,4.75121359223301,False,True,False,False,False,False,False,False,False,True,False,False,False,False,False,False,False,False,False,631,CIN
NYA,1984,28,"R, AB, H, 2B, 3B, HR, BB, SO, SB, RA, ER, ERA, CG, SHO, SV, IPouts, HA, HRA, BBA, SOA, E, DP, FP, mlb_rpg, era_6, era_7, decade_1980, decade_1990",False,162,758,5661,1560,275,32,130,534,673.0,62,679,615,3.78,15,12,43,4395,1485,120,518,992,142,177.0,0.977,4.256769596199525,False,False,False,False,False,True,False,False,False,False,False,False,False,False,False,True,False,False,False,87,1463,1984,1980s,3,NYY,162,871,5628,1621,293,28,162,632,909.0,96,787,744,4.65,6,9,52,4320,1469,143,610,1139,91,146.0,0.985,5.0355094838994265,False,False,False,False,False,False,True,False,False,False,False,False,False,False,False,False,True,False,False,1473,NYY
SLA,1953,22,"R, AB, H, 2B, 3B, HR, BB, SO, SB, RA, ER, ERA, CG, IPouts, HA, HRA, BBA, SOA, E, DP, FP, mlb_rpg",False,154,555,5264,1310,214,25,112,507,644.0,17,778,688,4.48,28,10,24,4149,1467,101,626,639,152,165.0,0.974,4.607258064516129,False,False,False,True,False,False,False,False,False,False,False,False,True,False,False,False,False,False,False,54,228,1953,1950s,2,BAL,154,571,5090,1242,198,34,91,563,725.0,39,705,635,4.2,38,10,24,4080,1362,99,547,715,133,142.0,0.977,4.451573849878935,False,False,False,True,False,False,False,False,False,False,False,False,True,False,False,False,False,False,False,231,BAL
LAN,2005,27,"R, AB, H, 2B, 3B, HR, BB, SO, SB, RA, ER, ERA, SHO, SV, IPouts, HA, HRA, BBA, SOA, E, DP, FP, mlb_rpg, era_7, era_8, decade_2000, decade_2010",False,162,685,5433,1374,284,21,149,541,1094.0,58,755,695,4.38,6,9,40,4282,1434,182,471,1004,106,141.0,0.983,4.591731797614151,False,False,False,False,False,False,True,False,False,False,False,False,False,False,False,False,False,True,False,71,1170,2005,2000s,3,LAD,162,667,5385,1346,263,26,187,563,1258.0,59,595,553,3.44,6,21,47,4337,1317,145,395,1396,75,133.0,0.988,4.250102923013586,False,False,False,False,False,False,False,True,False,False,False,False,False,False,False,False,False,False,True,1180,LAD
NYN,2007,29,"G, R, AB, H, 2B, 3B, HR, BB, SO, SB, RA, ER, ERA, CG, SHO, SV, IPouts, HA, HRA, BBA, SOA, E, DP, FP, mlb_rpg, era_1, era_7, decade_1910, decade_2000",False,162,804,5605,1543,294,27,177,549,981.0,200,750,687,4.26,2,10,39,4357,1415,165,570,1134,101,124.0,0.983,4.796791443850268,False,False,False,False,False,False,True,False,False,False,False,False,False,False,False,False,False,True,False,88,1377,2007,2000s,3,NYM,155,598,5220,1354,195,91,27,312,548.0,163,526,394,2.57,123,15,1,4140,1180,29,311,684,275,90.0,0.958,3.725780624499599,True,False,False,False,False,False,False,False,True,False,False,False,False,False,False,False,False,False,False,1387,NYM
CLE,2004,28,"R, AB, H, 2B, 3B, HR, BB, SO, SB, RA, ER, ERA, CG, SHO, SV, IPouts, HA, HRA, BBA, SOA, E, DP, FP, mlb_rpg, era_7, era_8, decade_2000, decade_2010",False,162,858,5676,1565,345,29,184,606,1009.0,94,857,784,4.81,8,8,32,4400,1553,201,579,1115,106,152.0,0.983,4.813838550247117,False,False,False,False,False,False,True,False,False,False,False,False,False,False,False,False,False,True,False,80,812,2004,2000s,3,CLE,162,667,5525,1385,266,24,136,555,1087.0,110,845,766,4.78,2,6,43,4326,1503,174,543,1086,96,157.0,0.984,4.324485596707819,False,False,False,False,False,False,False,True,False,False,False,False,False,False,False,False,False,False,True,820,CLE
NY1,1957,29,"G, R, AB, H, 2B, 3B, HR, BB, SO, SB, RA, ER, ERA, CG, SHO, SV, IPouts, HA, HRA, BBA, SOA, E, DP, FP, mlb_rpg, era_4, era_5, decade_1950, decade_1970",False,154,643,5346,1349,171,54,157,447,669.0,64,701,623,4.01,35,9,20,4194,1436,150,471,701,161,180.0,0.974,4.306072874493927,False,False,False,True,False,False,False,False,False,False,False,False,True,False,False,False,False,False,False,69,1947,1957,1950s,2,SFG,162,595,5452,1340,211,37,85,518,778.0,88,686,573,3.53,27,18,31,4383,1464,68,518,746,183,153.0,0.972,3.99484270242393,False,False,False,False,True,False,False,False,False,False,False,False,False,False,True,False,False,False,False,1966,SFG
PIT,1915,29,"G, R, AB, H, 2B, 3B, HR, BB, SO, SB, RA, ER, ERA, CG, SHO, SV, IPouts, HA, HRA, BBA, SOA, E, DP, FP, mlb_rpg, era_1, era_2, decade_1910, decade_1930",False,156,557,5113,1259,197,91,24,419,656.0,182,520,399,2.6,91,18,11,4140,1229,21,384,544,214,100.0,0.966,3.792771084337349,True,False,False,False,False,False,False,False,True,False,False,False,False,False,False,False,False,False,False,73,1717,1915,1910s,3,PHI,154,667,5429,1548,249,84,39,366,334.0,34,619,499,3.27,70,16,12,4119,1417,54,313,401,166,133.0,0.972,4.467216673903604,False,True,False,False,False,False,False,False,False,False,True,False,False,False,False,False,False,False,False,1733,PIT
MON,1979,28,"G, R, AB, H, 2B, 3B, HR, BB, SO, SB, RA, ER, ERA, CG, SHO, SV, HA, HRA, BBA, SOA, E, DP, FP, mlb_rpg, era_6, era_7, decade_1970, decade_2000",False,160,701,5465,1445,273,42,143,432,890.0,121,581,505,3.14,33,18,39,4341,1379,116,450,813,131,123.0,0.979,4.457598856598381,False,False,False,False,False,True,False,False,False,False,False,False,False,False,True,False,False,False,False,95,2231,1979,1970s,4,TOR,162,635,5474,1361,276,27,151,496,925.0,109,769,696,4.33,11,11,31,4341,1477,191,582,1032,99,172.0,0.984,4.813838550247117,False,False,False,False,False,False,True,False,False,False,False,False,False,False,False,False,False,True,False,2253,WSN
HOU,2015,28,"R, AB, H, 2B, 3B, HR, BB, SO, SB, RA, ER, ERA, CG, SHO, SV, IPouts, HA, HRA, BBA, SOA, E, DP, FP, mlb_rpg, era_5, era_8, decade_1970, decade_2010",False,162,729,5459,1363,278,26,230,486,1392.0,121,618,572,3.57,5,13,39,4323,1308,148,423,1280,85,131.0,0.986,4.250102923013586,False,False,False,False,False,False,False,True,False,False,False,False,False,False,False,False,False,False,True,86,1027,2015,2010s,3,HOU,162,710,5491,1431,263,58,118,591,675.0,155,649,561,3.47,52,11,25,4368,1422,108,498,815,155,151.0,0.976,4.21277145811789,False,False,False,False,True,False,False,False,False,False,False,False,False,False,True,False,False,False,False,1035,HOU
PIT,1931,28,"G, R, AB, H, 2B, 3B, HR, BB, SO, SB, RA, ER, ERA, CG, SV, IPouts, HA, HRA, BBA, SOA, E, DP, FP, mlb_rpg, era_2, era_4, decade_1930, decade_1940",False,155,636,5360,1425,243,70,41,493,454.0,59,691,565,3.66,89,9,5,4170,1489,55,442,345,193,167.0,0.969,4.810679611650485,False,True,False,False,False,False,False,False,False,False,True,False,False,False,False,False,False,False,False,75,1731,1931,1930s,3,PIT,156,744,5307,1385,216,44,156,607,687.0,30,817,714,4.68,44,9,13,4122,1488,155,592,530,149,131.0,0.975,4.3551890587288815,False,False,False,True,False,False,False,False,False,False,False,True,False,False,False,False,False,False,False,1747,PIT
SLN,1993,24,"R, AB, H, 2B, 3B, HR, BB, SO, SB, RA, ER, ERA, CG, SHO, SV, IPouts, HA, HRA, BBA, SOA, E, DP, FP, mlb_rpg",False,162,758,5551,1508,262,34,118,588,882.0,153,744,660,4.09,5,7,54,4359,1553,152,383,775,159,157.0,0.975,4.597620096959012,False,False,False,False,False,False,True,False,False,False,False,False,False,False,False,False,True,False,False,87,2090,1993,1990s,3,STL,162,620,5555,1450,267,43,111,473,1107.0,120,751,697,4.35,7,8,28,4329,1425,171,643,1008,94,178.0,0.985,4.789679276315789,False,False,False,False,False,False,True,False,False,False,False,False,False,False,False,False,True,False,False,2112,STL
BOS,1984,23,"R, AB, H, 2B, 3B, HR, BB, SO, SB, RA, ER, ERA, CG, SHO, SV, IPouts, HA, HRA, SOA, E, DP, FP, mlb_rpg",False,162,810,5648,1598,259,45,181,500,842.0,38,764,670,4.18,40,12,32,4326,1524,141,517,927,143,128.0,0.977,4.256769596199525,False,False,False,False,False,True,False,False,False,False,False,False,False,False,False,True,False,False,False,86,365,1984,1980s,3,BOS,162,842,5586,1554,273,26,174,606,825.0,77,825,761,4.77,47,13,16,4308,1584,190,517,1034,110,158.0,0.982,4.722802850356294,False,False,False,False,False,True,False,False,False,False,False,False,False,False,False,True,False,False,False,368,BOS
CHA,1928,25,"G, R, AB, H, 3B, HR, BB, SO, SB, RA, ER, ERA, CG, SHO, SV, IPouts, HA, HRA, BBA, SOA, E, DP, mlb_rpg, decade_1920, decade_1930",False,155,656,5207,1405,231,77,24,469,488.0,139,725,609,3.98,88,6,11,4134,1518,66,501,418,184,149.0,0.97,4.729894394800975,False,True,False,False,False,False,False,False,False,True,False,False,False,False,False,False,False,False,False,72,526,1928,1920s,3,CHW,151,683,5318,1448,231,53,43,538,416.0,43,814,678,4.45,53,8,13,4113,1505,85,519,423,186,143.0,0.97,4.467216673903604,False,True,False,False,False,False,False,False,False,False,True,False,False,False,False,False,False,False,False,531,CHW
CIN,1921,25,"G, R, AB, H, 2B, 3B, HR, BB, SO, SB, RA, ER, ERA, CG, SHO, SV, IPouts, HA, HRA, BBA, SOA, E, DP, FP, mlb_rpg",False,153,618,5112,1421,221,94,20,375,308.0,117,649,524,3.46,83,7,9,4089,1500,37,305,408,193,139.0,0.969,4.855573637103336,False,True,False,False,False,False,False,False,False,True,False,False,False,False,False,False,False,False,False,70,625,1921,1920s,3,CIN,155,686,5269,1478,258,79,34,412,347.0,134,760,671,4.41,75,5,8,4107,1558,61,413,347,162,148.0,0.974,5.185923515052888,False,True,False,False,False,False,False,False,False,True,False,False,False,False,False,False,False,False,False,633,CIN
KCA,1991,28,"R, AB, H, 2B, 3B, HR, BB, SO, SB, RA, ER, ERA, CG, SHO, SV, IPouts, HA, HRA, BBA, SOA, E, DP, FP, mlb_rpg, era_6, era_7, decade_1990, decade_2000",False,162,727,5584,1475,290,41,117,523,969.0,119,722,639,3.92,17,12,41,4398,1473,105,529,1004,125,141.0,0.98,4.307747148288973,False,False,False,False,False,True,False,False,False,False,False,False,False,False,False,False,True,False,False,82,1050,1991,1990s,3,KCR,162,729,5643,1503,277,37,152,406,898.0,100,858,779,4.87,5,1,30,4320,1537,209,576,911,117,204.0,0.981,4.7754219843557015,False,False,False,False,False,False,True,False,False,False,False,False,False,False,False,False,False,True,False,1058,KCR
BSN,1940,27,"G, R, AB, H, 2B, 3B, HR, BB, SO, SB, RA, ER, ERA, CG, SHO, SV, IPouts, HA, HRA, BBA, SOA, E, DP, FP, mlb_rpg, era_2, era_3",False,152,623,5329,1366,219,50,59,402,581.0,48,745,658,4.36,76,9,12,4077,1444,83,573,435,183,169.0,0.97,4.679611650485437,False,True,False,False,False,False,False,False,False,False,False,True,False,False,False,False,False,False,False,65,107,1940,1940s,2,ATL,153,465,5196,1213,202,36,39,469,609.0,56,612,504,3.25,87,13,4,4191,1361,66,441,409,178,139.0,0.972,3.91518578352181,False,False,True,False,False,False,False,False,False,False,False,True,False,False,False,False,False,False,False,110,ATL
BRO,1929,27,"G, R, AB, H, 2B, 3B, HR, BB, SO, SB, RA, ER, ERA, CG, SHO, SV, IPouts, HA, HRA, BBA, SOA, E, DP, FP, mlb_rpg, decade_1920, decade_1930",False,153,755,5273,1535,282,69,99,504,454.0,80,888,742,4.92,59,8,16,4074,1553,92,549,549,192,113.0,0.968,5.185923515052888,False,True,False,False,False,False,False,False,False,True,False,False,False,False,False,False,False,False,False,70,1097,1929,1920s,3,LAD,157,708,5350,1420,265,57,78,564,639.0,59,645,570,3.64,69,9,13,4230,1431,93,399,528,176,157.0,0.972,4.823720552396425,False,True,False,False,False,False,False,False,False,False,True,False,False,False,False,False,False,False,False,1107,LAD
SFN,1999,29,"G, R, AB, H, 2B, 3B, HR, BB, SO, SB, RA, ER, ERA, CG, SHO, SV, IPouts, HA, HRA, BBA, SOA, E, DP, FP, mlb_rpg, era_1, era_7, decade_1910, decade_1990",False,162,872,5563,1507,307,18,188,696,1028.0,109,831,762,4.71,6,3,42,4368,1486,194,655,1076,105,150.0,0.983,5.0846375617792425,False,False,False,False,False,False,True,False,False,False,False,False,False,False,False,False,True,False,False,86,1986,1999,1990s,3,SFG,154,535,5066,1254,140,85,20,391,855.0,162,734,537,3.59,135,10,2,4041,1431,28,367,411,274,83.0,0.957,3.896523848019402,True,False,False,False,False,False,False,False,True,False,False,False,False,False,False,False,False,False,False,2005,SFG
CHA,1926,27,"G, R, AB, H, 2B, 3B, HR, BB, SO, SB, RA, ER, ERA, CG, SHO, SV, IPouts, HA, HRA, BBA, SOA, E, DP, FP, mlb_rpg, decade_1920, decade_1930",False,155,730,5220,1508,314,60,32,556,381.0,121,665,573,3.74,85,11,12,4140,1426,47,506,458,161,122.0,0.974,4.636547811993517,False,True,False,False,False,False,False,False,False,True,False,False,False,False,False,False,False,False,False,81,524,1926,1920s,3,CHW,156,704,5481,1423,238,69,27,483,445.0,94,939,778,5.04,54,6,10,4170,1613,82,588,421,246,131.0,0.96,4.810679611650485,False,True,False,False,False,False,False,False,False,False,True,False,False,False,False,False,False,False,False,529,CHW
SEA,2013,29,"G, R, AB, H, 2B, 3B, HR, BB, SO, SB, RA, ER, ERA, CG, SHO, SV, IPouts, HA, HRA, BBA, SOA, E, DP, FP, mlb_rpg, era_1, era_8, decade_1910, decade_2010",False,162,624,5558,1318,249,17,188,529,1353.0,49,754,702,4.31,4,14,43,4395,1467,174,478,1297,88,149.0,0.986,4.165981077745784,False,False,False,False,False,False,False,True,False,False,False,False,False,False,False,False,False,False,True,71,1892,2013,2010s,3,SEA,155,597,5152,1305,188,74,42,356,558.0,206,504,404,2.6,88,22,12,4191,1267,41,310,638,217,108.0,0.966,3.5641539695268647,True,False,False,False,False,False,False,False,True,False,False,False,False,False,False,False,False,False,False,1908,SEA
BRO,1905,25,"G, R, AB, H, 2B, 3B, HR, BB, SO, SB, RA, ER, ERA, CG, SHO, SV, IPouts, HA, HRA, BBA, SOA, E, DP, FP, mlb_rpg",False,155,506,5100,1255,154,60,29,327,855.0,186,807,563,3.76,125,7,3,4041,1416,24,476,556,408,101.0,0.937,3.896523848019402,True,False,False,False,False,False,False,False,True,False,False,False,False,False,False,False,False,False,False,48,1075,1905,1900s,1,KCR,154,536,5120,1268,165,75,14,313,496.0,131,560,411,2.66,87,16,8,4167,1252,29,473,499,238,96.0,0.963,3.792771084337349,True,False,False,False,False,False,False,False,True,False,False,False,False,False,False,False,False,False,False,1085,LAD
SLN,1932,29,"G, R, AB, H, 2B, 3B, HR, BB, SO, SB, RA, ER, ERA, CG, SHO, SV, IPouts, HA, HRA, BBA, SOA, E, DP, FP, mlb_rpg, era_2, era_4, decade_1930, decade_1950",False,156,684,5458,1467,307,51,76,420,514.0,92,717,616,3.97,70,13,9,4188,1533,76,455,681,168,155.0,0.972,4.913219789132198,False,True,False,False,False,False,False,False,False,False,True,False,False,False,False,False,False,False,False,72,2030,1932,1930s,3,STL,154,799,5405,1518,285,58,119,582,586.0,63,790,695,4.5,40,11,18,4170,1484,170,535,680,146,178.0,0.976,4.376313662085691,False,False,False,True,False,False,False,False,False,False,False,False,True,False,False,False,False,False,False,2052,STL
WS2,1962,29,"G, R, AB, H, 2B, 3B, HR, BB, SO, SB, RA, ER, ERA, CG, SHO, SV, IPouts, HA, HRA, BBA, SOA, E, DP, FP, mlb_rpg, era_4, era_6, decade_1960, decade_1980",False,162,599,5484,1370,206,38,132,466,789.0,99,716,649,4.04,38,11,13,4335,1400,151,593,771,139,160.0,0.978,4.460518198642813,False,False,False,True,False,False,False,False,False,False,False,False,False,True,False,False,False,False,False,60,2132,1962,1960s,2,STL,161,617,5361,1359,213,41,129,530,819.0,130,785,715,4.56,18,5,33,4233,1479,173,501,863,119,145.0,0.98,4.330955777460771,False,False,False,False,False,True,False,False,False,False,False,False,False,False,False,True,False,False,False,2154,TEX
ML4,1997,27,"G, R, AB, H, 2B, 3B, HR, BB, SO, SB, RA, ER, ERA, CG, SHO, SV, IPouts, HA, HRA, BBA, SOA, E, DP, FP, mlb_rpg, decade_1990, decade_2000",False,161,681,5444,1415,294,27,135,494,967.0,103,742,670,4.22,6,8,44,4282,1419,177,542,1012,125,171.0,0.98,4.766990291262136,False,False,False,False,False,False,True,False,False,False,False,False,False,False,False,False,True,False,False,78,1207,1997,1990s,3,MIL,162,801,5554,1455,310,37,231,501,1137.0,96,776,708,4.41,3,6,49,4333,1513,161,507,1174,109,144.0,0.982,4.796791443850268,False,False,False,False,False,False,True,False,False,False,False,False,False,False,False,False,False,True,False,1217,MIL
TEX,1983,29,"G, R, AB, H, 2B, 3B, HR, BB, SO, SB, RA, ER, ERA, CG, SHO, SV, IPouts, HA, HRA, BBA, SOA, E, DP, FP, mlb_rpg, era_6, era_7, decade_1980, decade_2000",False,163,639,5610,1429,242,33,106,442,767.0,119,609,539,3.31,43,11,32,4398,1392,97,471,826,113,151.0,0.982,4.307728781412992,False,False,False,False,False,True,False,False,False,False,False,False,False,False,False,True,False,False,False,77,2152,1983,1980s,3,TBD,162,816,5555,1460,298,36,179,503,1224.0,88,844,755,4.75,0,6,42,4290,1525,155,668,976,124,179.0,0.98,4.796791443850268,False,False,False,False,False,False,True,False,False,False,False,False,False,False,False,False,False,True,False,2174,TEX
ML1,1959,26,"G, R, AB, H, 2B, 3B, HR, BB, SO, SB, RA, ER, ERA, CG, SHO, SV, IPouts, HA, HRA, BBA, SOA, DP, FP, mlb_rpg, decade_1950, decade_1960",False,157,724,5388,1426,216,36,177,488,765.0,41,623,546,3.51,69,18,18,4200,1406,128,429,775,123,138.0,0.979,4.383279483037157,False,False,False,True,False,False,False,False,False,False,False,False,True,False,False,False,False,False,False,86,126,1959,1950s,3,ATL,162,730,5458,1376,204,38,181,581,975.0,57,665,586,3.68,59,10,24,4302,1443,151,407,802,123,154.0,0.98,4.460518198642813,False,False,False,True,False,False,False,False,False,False,False,False,False,True,False,False,False,False,False,129,ATL
DET,1959,28,"G, R, AB, H, 2B, 3B, HR, BB, SO, SB, RA, ER, ERA, CG, SHO, SV, IPouts, HA, HRA, BBA, SOA, E, DP, mlb_rpg, era_4, era_5, decade_1950, decade_1960",False,154,713,5211,1346,196,30,160,580,737.0,34,732,635,4.2,53,9,24,4080,1327,177,432,829,124,131.0,0.978,4.383279483037157,False,False,False,True,False,False,False,False,False,False,False,False,True,False,False,False,False,False,False,76,900,1959,1950s,3,DET,163,683,5410,1315,192,36,152,626,994.0,37,587,532,3.32,46,17,40,4329,1230,151,472,1038,130,126.0,0.978,3.768518518518519,False,False,False,False,True,False,False,False,False,False,False,False,False,True,False,False,False,False,False,908,DET
ATL,1966,24,"G, R, AB, H, 2B, 3B, HR, BB, SO, RA, ER, ERA, CG, SHO, SV, IPouts, HA, HRA, BBA, SOA, E, DP, FP, mlb_rpg",False,163,782,5617,1476,220,32,207,512,913.0,59,683,601,3.68,37,10,36,4407,1430,129,485,884,154,139.0,0.976,3.993808049535603,False,False,False,False,True,False,False,False,False,False,False,False,False,True,False,False,False,False,False,85,133,1966,1960s,3,ATL,162,691,5460,1411,195,22,141,485,665.0,59,631,567,3.53,38,7,42,4335,1334,144,438,893,115,114.0,0.981,4.07245632065776,False,False,False,False,True,False,False,False,False,False,False,False,False,True,False,False,False,False,False,136,ATL
NYA,1948,27,"G, R, AB, H, 2B, 3B, HR, BB, SO, SB, RA, ER, ERA, CG, SHO, SV, IPouts, HA, HRA, BBA, SOA, E, DP, FP, mlb_rpg, decade_1940, decade_1950",False,154,857,5324,1480,251,75,139,623,478.0,24,633,569,3.75,62,16,24,4095,1289,94,641,654,120,161.0,0.979,4.578819725141472,False,False,False,True,False,False,False,False,False,False,False,True,False,False,False,False,False,False,False,94,1428,1948,1940s,4,NYY,155,759,5294,1418,212,39,164,537,822.0,48,577,493,3.22,53,21,33,4137,1201,116,557,796,128,182.0,0.978,4.282591093117409,False,False,False,True,False,False,False,False,False,False,False,False,True,False,False,False,False,False,False,1438,NYY
ATL,2002,24,"G, R, AB, H, 2B, 3B, HR, BB, SO, SB, RA, ER, ERA, CG, SHO, SV, IPouts, HA, HRA, BBA, SOA, E, FP, mlb_rpg",False,161,708,5495,1428,280,25,164,558,1028.0,76,565,511,3.13,3,15,57,4402,1302,123,554,1058,114,170.0,0.982,4.618301731244848,False,False,False,False,False,False,True,False,False,False,False,False,False,False,False,False,False,True,False,101,166,2002,2000s,4,ATL,162,769,5486,1453,308,37,184,534,1084.0,92,674,639,3.98,8,12,38,4331,1487,145,520,929,86,170.0,0.986,4.591731797614151,False,False,False,False,False,False,True,False,False,False,False,False,False,False,False,False,False,True,False,169,ATL
BAL,1974,27,"G, R, AB, H, 2B, 3B, HR, BB, SO, SB, RA, ER, ERA, CG, SHO, SV, IPouts, HA, HRA, BBA, SOA, E, DP, FP, mlb_rpg, era_5, era_6",False,162,659,5535,1418,226,27,116,509,770.0,145,612,536,3.27,57,16,25,4422,1393,101,480,701,128,174.0,0.98,4.124935732647815,False,False,False,False,True,False,False,False,False,False,False,False,False,False,True,False,False,False,False,91,249,1974,1970s,4,BAL,161,719,5494,1433,231,25,148,560,945.0,90,653,603,3.74,65,11,23,4353,1414,124,494,737,106,189.0,0.983,4.470518307180218,False,False,False,False,False,True,False,False,False,False,False,False,False,False,True,False,False,False,False,252,BAL
NYN,1987,28,"G, R, AB, H, 2B, 3B, HR, BB, SO, SB, RA, ER, ERA, CG, SV, IPouts, HA, HRA, BBA, SOA, E, DP, FP, mlb_rpg, era_6, era_7, decade_1980, decade_1990",False,162,823,5601,1499,287,34,192,592,1012.0,159,698,620,3.84,16,7,51,4362,1407,135,510,1032,137,137.0,0.978,4.722802850356294,False,False,False,False,False,True,False,False,False,False,False,False,False,False,False,True,False,False,False,92,1359,1987,1980s,4,NYM,163,853,5572,1553,297,14,181,717,994.0,150,711,691,4.27,5,7,49,4369,1372,167,617,1172,68,147.0,0.989,5.0846375617792425,False,False,False,False,False,False,True,False,False,False,False,False,False,False,False,False,True,False,False,1369,NYM
BSN,1931,24,"G, R, AB, H, 2B, 3B, HR, BB, SO, SB, RA, ER, ERA, CG, SV, IPouts, HA, HRA, BBA, SOA, E, DP, FP, mlb_rpg",False,156,533,5296,1367,221,59,34,368,430.0,46,680,598,3.9,78,12,9,4140,1465,66,406,419,167,141.0,0.973,4.810679611650485,False,True,False,False,False,False,False,False,False,False,True,False,False,False,False,False,False,False,False,64,98,1931,1930s,2,ATL,152,683,5370,1460,233,44,83,375,440.0,30,714,621,4.11,62,12,20,4077,1512,78,405,462,169,120.0,0.972,4.930343926861124,False,True,False,False,False,False,False,False,False,False,True,False,False,False,False,False,False,False,False,101,ATL
CHA,1983,25,"G, R, AB, H, 2B, 3B, HR, BB, SO, SB, RA, ER, ERA, CG, SHO, SV, IPouts, HA, HRA, BBA, SOA, E, DP, FP, mlb_rpg",False,162,800,5484,1439,270,42,157,527,888.0,165,650,589,3.67,35,12,48,4335,1355,128,447,877,120,158.0,0.981,4.307728781412992,False,False,False,False,False,True,False,False,False,False,False,False,False,False,False,True,False,False,False,99,578,1983,1980s,4,CHW,161,631,5449,1327,224,35,132,446,908.0,98,757,659,4.12,11,9,43,4317,1467,138,533,754,154,177.0,0.976,4.138095238095239,False,False,False,False,False,True,False,False,False,False,False,False,False,False,False,True,False,False,False,583,CHW
DET,1978,26,"R, AB, H, 2B, 3B, HR, BB, SO, SB, RA, ER, ERA, CG, SHO, SV, IPouts, HA, HRA, BBA, SOA, E, DP, FP, mlb_rpg, decade_1970, decade_1980",False,162,714,5601,1520,218,34,129,563,695.0,90,653,588,3.64,60,12,21,4365,1441,135,503,684,117,177.0,0.981,4.103472882968601,False,False,False,False,False,True,False,False,False,False,False,False,False,False,True,False,False,False,False,86,919,1978,1970s,3,DET,162,896,5649,1535,274,32,225,653,913.0,106,735,650,4.02,33,10,31,4368,1430,180,563,976,122,147.0,0.98,4.722802850356294,False,False,False,False,False,True,False,False,False,False,False,False,False,False,False,True,False,False,False,927,DET
SLN,1975,29,"G, R, AB, H, 2B, 3B, HR, BB, SO, SB, RA, ER, ERA, CG, SHO, SV, IPouts, HA, HRA, BBA, SOA, E, DP, FP, mlb_rpg, era_5, era_7, decade_1970, decade_2000",False,163,662,5597,1527,239,46,81,444,649.0,116,689,577,3.57,33,13,36,4362,1452,98,571,824,171,140.0,0.973,4.21277145811789,False,False,False,False,True,False,False,False,False,False,False,False,False,False,True,False,False,False,False,82,2073,1975,1970s,3,STL,162,887,5478,1481,259,25,235,675,1253.0,87,771,698,4.38,10,7,37,4301,1403,196,606,1100,111,148.0,0.981,5.140181144503911,False,False,False,False,False,False,True,False,False,False,False,False,False,False,False,False,False,True,False,2095,STL
HOU,1975,27,"R, AB, H, 2B, 3B, HR, BB, SO, SB, RA, ER, ERA, CG, SHO, SV, IPouts, HA, HRA, BBA, SOA, E, DP, mlb_rpg, era_5, era_6, decade_1970, decade_1980",False,162,664,5515,1401,218,54,84,523,762.0,133,711,654,4.04,39,6,25,4374,1436,106,679,839,137,166.0,0.979,4.21277145811789,False,False,False,False,True,False,False,False,False,False,False,False,False,False,True,False,False,False,False,64,990,1975,1970s,2,HOU,162,693,5548,1465,222,67,79,494,837.0,105,630,535,3.32,24,13,29,4347,1350,91,502,950,133,160.0,0.979,4.256769596199525,False,False,False,False,False,True,False,False,False,False,False,False,False,False,False,True,False,False,False,998,HOU
BSN,1951,25,"G, R, AB, H, 2B, 3B, HR, BB, SO, SB, RA, ER, ERA, CG, SHO, SV, IPouts, HA, HRA, BBA, SOA, E, DP, FP, mlb_rpg",False,155,723,5293,1385,234,37,130,565,617.0,80,662,579,3.75,73,16,12,4167,1378,96,595,604,145,157.0,0.976,4.547215496368039,False,False,False,True,False,False,False,False,False,False,False,False,True,False,False,False,False,False,False,76,118,1951,1950s,3,ATL,154,670,5261,1395,217,41,139,471,619.0,54,556,494,3.19,63,13,21,4182,1296,106,553,698,116,171.0,0.981,4.376313662085691,False,False,False,True,False,False,False,False,False,False,False,False,True,False,False,False,False,False,False,121,ATL
BRO,1934,29,"G, R, AB, H, 2B, 3B, HR, BB, SO, SB, RA, ER, ERA, CG, SHO, SV, IPouts, HA, HRA, BBA, SOA, E, DP, FP, mlb_rpg, era_2, era_3, decade_1930, decade_1940",False,153,748,5427,1526,284,52,79,548,555.0,55,795,674,4.48,66,6,12,4062,1540,81,475,520,180,141.0,0.97,4.930343926861124,False,True,False,False,False,False,False,False,False,False,True,False,False,False,False,False,False,False,False,71,1102,1934,1930s,3,LAD,155,690,5393,1450,255,51,56,486,451.0,45,832,711,4.68,50,4,13,4101,1471,75,660,487,197,112.0,0.966,4.167874396135265,False,False,True,False,False,False,False,False,False,False,False,True,False,False,False,False,False,False,False,1112,LAD
CHN,1913,29,"G, R, AB, H, 2B, 3B, HR, BB, SO, SB, RA, ER, ERA, CG, SHO, SV, IPouts, HA, HRA, BBA, SOA, E, DP, FP, mlb_rpg, era_1, era_2, decade_1910, decade_1920",False,155,720,5022,1289,195,96,59,554,634.0,181,630,477,3.13,89,12,15,4116,1330,39,478,556,260,106.0,0.959,4.037277147487845,True,False,False,False,False,False,False,False,True,False,False,False,False,False,False,False,False,False,False,88,405,1913,1910s,3,CHC,154,619,5117,1350,223,67,34,428,421.0,115,635,504,3.27,95,13,9,4164,1459,37,382,508,225,112.0,0.965,4.360615883306321,False,True,False,False,False,False,False,False,False,True,False,False,False,False,False,False,False,False,False,410,CHC
BOS,2006,24,"R, AB, H, 2B, 3B, HR, BB, SO, SB, RA, ER, ERA, CG, SHO, SV, IPouts, HA, HRA, BBA, SOA, E, DP, FP, mlb_rpg",False,162,820,5619,1510,327,16,192,672,1056.0,51,825,773,4.83,3,6,46,4324,1570,181,509,1070,66,174.0,0.989,4.857760395224372,False,False,False,False,False,False,True,False,False,False,False,False,False,False,False,False,False,True,False,86,385,2006,2000s,3,BOS,162,872,5543,1495,335,25,212,659,1120.0,126,736,695,4.35,8,11,41,4310,1494,167,530,1230,82,121.0,0.986,4.612962962962963,False,False,False,False,False,False,True,False,False,False,False,False,False,False,False,False,False,True,False,388,BOS
PHI,1942,29,"G, R, AB, H, 2B, 3B, HR, BB, SO, SB, RA, ER, ERA, CG, SHO, SV, IPouts, HA, HRA, BBA, SOA, E, DP, FP, mlb_rpg, era_3, era_4, decade_1940, decade_1950",False,151,394,5060,1174,168,37,44,392,488.0,37,706,614,4.12,51,2,6,4023,1328,61,605,472,193,147.0,0.968,4.111739130434783,False,False,True,False,False,False,False,False,False,False,False,True,False,False,False,False,False,False,False,42,1634,1942,1940s,1,PHI,154,675,5092,1300,214,50,132,652,673.0,44,666,592,3.93,58,11,21,4068,1291,161,477,657,110,117.0,0.981,4.485008103727715,False,False,False,True,False,False,False,False,False,False,False,False,True,False,False,False,False,False,False,1647,PHI
DET,1985,29,"G, R, AB, H, 2B, 3B, HR, BB, SO, SB, RA, ER, ERA, CG, SHO, SV, IPouts, HA, HRA, BBA, SOA, E, DP, FP, mlb_rpg, era_6, era_7, decade_1980, decade_1990",False,161,729,5575,1413,254,45,202,526,926.0,75,688,612,3.78,31,11,40,4368,1313,141,556,943,141,152.0,0.977,4.330955777460771,False,False,False,False,False,True,False,False,False,False,False,False,False,False,False,True,False,False,False,84,925,1985,1980s,3,DET,162,899,5620,1546,282,38,178,765,1122.0,104,837,742,4.65,11,7,36,4308,1547,188,542,828,132,148.0,0.979,4.597620096959012,False,False,False,False,False,False,True,False,False,False,False,False,False,False,False,False,True,False,False,933,DET
CLE,1940,27,"G, R, AB, H, 2B, 3B, HR, BB, SO, SB, RA, ER, ERA, CG, SHO, SV, IPouts, HA, HRA, BBA, SOA, E, DP, FP, mlb_rpg, era_2, era_4",False,155,710,5361,1422,287,61,101,519,597.0,53,637,555,3.63,72,13,22,4125,1328,86,512,686,148,164.0,0.975,4.679611650485437,False,True,False,False,False,False,False,False,False,False,False,True,False,False,False,False,False,False,False,89,752,1940,1940s,3,CLE,154,675,5221,1358,194,58,112,601,534.0,44,574,516,3.36,65,10,19,4149,1275,82,611,594,103,192.0,0.983,4.607258064516129,False,False,False,True,False,False,False,False,False,False,False,True,False,False,False,False,False,False,False,760,CLE
CHA,1944,25,"R, AB, H, 2B, 3B, HR, BB, SO, SB, RA, ER, ERA, CG, SHO, IPouts, HA, HRA, BBA, SOA, E, DP, FP, mlb_rpg, era_3, era_4",False,154,543,5292,1307,210,55,23,439,448.0,66,662,553,3.58,64,5,17,4170,1411,68,420,481,183,154.0,0.97,4.167874396135265,False,False,True,False,False,False,False,False,False,False,False,True,False,False,False,False,False,False,False,71,540,1944,1940s,3,CHW,154,648,5204,1340,207,66,43,702,596.0,62,737,651,4.3,57,10,17,4089,1362,108,693,502,135,180.0,0.978,4.607258064516129,False,False,False,True,False,False,False,False,False,False,False,True,False,False,False,False,False,False,False,545,CHW
NYN,1967,27,"R, AB, H, 2B, 3B, HR, BB, SO, SB, RA, ER, ERA, CG, SHO, SV, HA, HRA, BBA, SOA, E, DP, FP, mlb_rpg, era_5, era_6, decade_1960, decade_1970",False,162,498,5417,1288,178,23,83,362,981.0,58,672,594,3.73,36,10,19,4299,1369,124,536,893,157,147.0,0.975,3.768518518518519,False,False,False,False,True,False,False,False,False,False,False,False,False,True,False,False,False,False,False,61,1340,1967,1960s,2,MIN,162,587,5410,1319,227,30,88,529,887.0,98,663,600,3.77,27,12,28,4299,1378,118,490,911,134,132.0,0.978,4.470518307180218,False,False,False,False,False,True,False,False,False,False,False,False,False,False,True,False,False,False,False,1350,NYM
BOS,1976,27,"G, R, AB, H, 2B, 3B, HR, BB, SO, SB, RA, ER, ERA, CG, SHO, SV, IPouts, HA, HRA, BBA, SOA, E, DP, FP, mlb_rpg, era_5, era_6",False,162,716,5511,1448,257,53,134,500,832.0,95,660,570,3.52,49,13,27,4374,1495,109,409,673,139,148.0,0.978,3.99484270242393,False,False,False,False,True,False,False,False,False,False,False,False,False,False,True,False,False,False,False,83,358,1976,1970s,3,BOS,160,841,5538,1567,310,34,194,512,708.0,60,711,641,4.03,47,11,29,4293,1487,133,463,731,142,166.0,0.977,4.457598856598381,False,False,False,False,False,True,False,False,False,False,False,False,False,False,True,False,False,False,False,361,BOS
KCA,1976,28,"R, AB, H, 2B, 3B, HR, BB, SO, SB, RA, ER, ERA, CG, SHO, SV, IPouts, HA, HRA, BBA, SOA, E, DP, FP, mlb_rpg, era_5, era_6, decade_1970, decade_1980",False,162,713,5540,1490,259,57,65,484,650.0,218,611,525,3.21,41,12,35,4416,1356,83,493,735,139,147.0,0.978,3.99484270242393,False,False,False,False,True,False,False,False,False,False,False,False,False,False,True,False,False,False,False,90,1036,1976,1970s,4,HOU,162,687,5500,1384,261,49,154,473,840.0,128,639,567,3.49,27,11,41,4383,1433,103,463,846,127,160.0,0.98,4.330955777460771,False,False,False,False,False,True,False,False,False,False,False,False,False,False,False,True,False,False,False,1044,KCR
FLO,2011,28,"R, AB, H, 2B, 3B, HR, BB, SO, SB, RA, ER, ERA, CG, SHO, SV, IPouts, HA, HRA, BBA, SOA, E, DP, FP, mlb_rpg, era_5, era_8, decade_1960, decade_2010",False,162,625,5508,1358,274,30,149,542,1244.0,95,702,640,3.95,7,11,40,4379,1403,149,500,1218,93,126.0,0.985,4.283244133388226,False,False,False,False,False,False,False,True,False,False,False,False,False,False,False,False,False,False,True,72,971,2011,2010s,3,FLA,162,495,5303,1214,162,41,70,381,872.0,40,628,541,3.41,30,9,31,4284,1421,105,353,852,149,124.0,0.976,4.035670356703567,False,False,False,False,True,False,False,False,False,False,False,False,False,True,False,False,False,False,False,979,FLA
WS2,1964,28,"R, AB, H, 2B, 3B, HR, BB, SO, SB, RA, ER, ERA, CG, SHO, SV, IPouts, HA, HRA, BBA, SOA, E, DP, FP, mlb_rpg, era_5, era_6, decade_1960, decade_1980",False,162,578,5396,1246,199,28,125,514,1124.0,47,733,635,3.98,27,5,26,4305,1417,172,505,794,127,145.0,0.979,4.035670356703567,False,False,False,False,True,False,False,False,False,False,False,False,False,True,False,False,False,False,False,62,2134,1964,1960s,2,TBD,162,823,5564,1478,264,35,194,567,1081.0,120,849,743,4.63,20,3,27,4332,1388,199,760,1103,148,148.0,0.976,4.722802850356294,False,False,False,False,False,True,False,False,False,False,False,False,False,False,False,True,False,False,False,2156,TEX
SFN,1998,29,"G, R, AB, H, 2B, 3B, HR, BB, SO, SB, RA, ER, ERA, CG, SHO, SV, IPouts, HA, HRA, BBA, SOA, E, DP, FP, mlb_rpg, era_1, era_7, decade_1910, decade_1990",False,163,845,5628,1540,292,26,161,678,1040.0,102,739,688,4.19,6,6,44,4431,1457,171,562,1089,101,157.0,0.984,4.789679276315789,False,False,False,False,False,False,True,False,False,False,False,False,False,False,False,False,True,False,False,89,1985,1998,1990s,3,SFG,155,602,5104,1292,175,66,24,343,855.0,199,595,401,2.64,146,7,2,4104,1286,23,319,529,307,83.0,0.952,3.725780624499599,True,False,False,False,False,False,False,False,True,False,False,False,False,False,False,False,False,False,False,2004,SFG
PHA,1951,27,"G, R, AB, H, 2B, 3B, HR, BB, SO, SB, RA, ER, ERA, CG, SHO, SV, IPouts, HA, HRA, BBA, SOA, E, DP, FP, mlb_rpg, decade_1950, decade_1960",False,154,736,5277,1381,262,43,102,677,565.0,47,745,674,4.47,52,7,22,4074,1421,109,569,437,135,204.0,0.978,4.547215496368039,False,False,False,True,False,False,False,False,False,False,False,False,True,False,False,False,False,False,False,70,1537,1951,1950s,3,OAK,162,683,5423,1342,216,47,90,580,772.0,58,863,745,4.74,32,5,23,4245,1519,141,629,703,174,160.0,0.972,4.525174825174825,False,False,False,True,False,False,False,False,False,False,False,False,False,True,False,False,False,False,False,1547,OAK
KC1,1964,27,"G, R, AB, H, 2B, 3B, HR, BB, SO, SB, RA, ER, ERA, CG, SHO, SV, IPouts, HA, HRA, BBA, SOA, E, DP, FP, mlb_rpg, decade_1960, decade_1970",False,163,621,5524,1321,216,29,166,548,1104.0,34,836,761,4.71,18,6,27,4365,1516,220,614,966,154,152.0,0.975,4.035670356703567,False,False,False,False,True,False,False,False,False,False,False,False,False,True,False,False,False,False,False,57,1550,1964,1960s,2,OAK,162,689,5331,1315,205,37,132,568,876.0,164,551,472,2.95,49,12,28,4317,1322,90,430,755,141,154.0,0.977,4.124935732647815,False,False,False,False,True,False,False,False,False,False,False,False,False,False,True,False,False,False,False,1560,OAK
MIN,2011,29,"G, R, AB, H, 2B, 3B, HR, BB, SO, SB, RA, ER, ERA, CG, SHO, SV, IPouts, HA, HRA, BBA, SOA, E, DP, FP, mlb_rpg, era_5, era_8, decade_1960, decade_2010",False,162,619,5487,1357,259,25,103,440,1048.0,92,804,724,4.58,7,8,32,4265,1564,161,480,940,119,153.0,0.98,4.283244133388226,False,False,False,False,False,False,False,True,False,False,False,False,False,False,False,False,False,False,True,63,1329,2011,2010s,2,MIN,161,587,5371,1286,187,35,98,446,992.0,55,761,661,4.17,37,9,22,4281,1497,166,521,773,159,171.0,0.975,3.993808049535603,False,False,False,False,True,False,False,False,False,False,False,False,False,True,False,False,False,False,False,1339,MIN
SEA,1991,28,"R, AB, H, 2B, 3B, HR, BB, SO, SB, RA, ER, ERA, CG, SHO, SV, IPouts, HA, HRA, BBA, SOA, E, DP, FP, mlb_rpg, era_6, era_7, decade_1990, decade_2000",False,162,702,5494,1400,268,29,126,588,811.0,97,674,617,3.79,10,13,48,4392,1387,136,628,1003,110,187.0,0.983,4.307747148288973,False,False,False,False,False,True,False,False,False,False,False,False,False,False,False,False,True,False,False,83,1872,1991,1990s,3,SDP,162,640,5543,1430,280,19,160,421,1093.0,89,692,625,3.87,4,10,49,4358,1359,172,534,1043,105,150.0,0.982,4.612962962962963,False,False,False,False,False,False,True,False,False,False,False,False,False,False,False,False,False,True,False,1888,SEA
DET,1996,26,"R, AB, H, 2B, 3B, HR, BB, SO, SB, RA, ER, ERA, CG, SHO, SV, IPouts, HA, HRA, BBA, SOA, E, DP, FP, mlb_rpg, decade_1990, decade_2000",False,162,783,5530,1413,257,21,204,546,1268.0,87,1103,1015,6.38,10,4,22,4296,1699,241,784,957,135,157.0,0.978,5.0355094838994265,False,False,False,False,False,False,True,False,False,False,False,False,False,False,False,False,True,False,False,53,934,1996,1990s,2,DET,162,827,5623,1531,284,54,201,518,1144.0,86,844,788,4.93,7,9,35,4319,1542,190,530,995,144,160.0,0.977,4.813838550247117,False,False,False,False,False,False,True,False,False,False,False,False,False,False,False,False,False,True,False,942,DET
CHA,1905,24,"G, R, AB, H, 2B, 3B, HR, BB, SB, RA, ER, ERA, CG, SHO, SV, IPouts, HA, HRA, BBA, SOA, E, DP, FP, mlb_rpg",False,158,612,5114,1213,200,55,11,439,855.0,194,451,316,1.99,131,15,0,4281,1163,11,329,613,217,64.0,0.968,3.896523848019402,True,False,False,False,False,False,False,False,True,False,False,False,False,False,False,False,False,False,False,92,505,1905,1900s,4,CHC,156,457,5024,1058,115,58,7,403,855.0,183,479,321,2.03,103,23,7,4263,1130,16,381,785,314,100.0,0.954,3.835068054443554,True,False,False,False,False,False,False,False,True,False,False,False,False,False,False,False,False,False,False,510,CHW
MON,1988,29,"G, R, AB, H, 2B, 3B, HR, BB, SO, SB, RA, ER, ERA, CG, SHO, SV, IPouts, HA, HRA, BBA, SOA, E, DP, FP, mlb_rpg, era_6, era_8, decade_1980, decade_2010",False,163,628,5573,1400,260,48,107,454,1053.0,189,592,507,3.08,18,12,43,4446,1310,122,476,923,142,145.0,0.978,4.138095238095239,False,False,False,False,False,True,False,False,False,False,False,False,False,False,False,True,False,False,False,81,2239,1988,1980s,3,TOR,162,731,5615,1468,301,25,194,479,1325.0,105,594,543,3.33,3,9,51,4405,1296,129,497,1325,94,134.0,0.985,4.324485596707819,False,False,False,False,False,False,False,True,False,False,False,False,False,False,False,False,False,False,True,2261,WSN
BOS,1966,22,"R, AB, H, 2B, 3B, HR, BB, SO, SB, RA, ER, CG, SHO, SV, IPouts, HA, HRA, BBA, SOA, E, DP, mlb_rpg",False,162,655,5498,1318,228,44,145,542,1020.0,35,731,637,3.92,32,10,31,4389,1402,164,577,977,153,153.0,0.975,3.993808049535603,False,False,False,False,True,False,False,False,False,False,False,False,False,True,False,False,False,False,False,72,348,1966,1960s,3,BOS,162,743,5494,1381,234,37,197,658,923.0,41,736,639,3.92,30,7,41,4398,1423,155,685,935,157,178.0,0.975,4.07245632065776,False,False,False,False,True,False,False,False,False,False,False,False,False,True,False,False,False,False,False,351,BOS
CHN,1987,27,"G, R, AB, H, 2B, 3B, HR, BB, SO, SB, RA, ER, ERA, CG, SHO, SV, IPouts, HA, HRA, BBA, SOA, E, DP, FP, mlb_rpg, decade_1980, decade_1990",False,161,720,5583,1475,244,33,209,504,1064.0,109,801,725,4.55,11,5,48,4302,1524,159,628,1024,130,154.0,0.979,4.722802850356294,False,False,False,False,False,True,False,False,False,False,False,False,False,False,False,True,False,False,False,76,476,1987,1980s,3,CHC,162,593,5590,1420,221,41,104,417,816.0,77,624,553,3.39,16,11,37,4407,1337,107,575,901,114,142.0,0.982,4.1170465337132,False,False,False,False,False,True,False,False,False,False,False,False,False,False,False,False,True,False,False,481,CHC
PIT,1948,28,"G, R, AB, H, 2B, HR, BB, SO, SB, RA, ER, ERA, CG, SHO, SV, IPouts, HA, HRA, BBA, SOA, E, DP, FP, mlb_rpg, era_4, era_5, decade_1940, decade_1960",False,156,706,5286,1388,191,54,108,580,578.0,68,699,632,4.15,65,5,19,4113,1373,120,564,543,135,150.0,0.977,4.578819725141472,False,False,False,True,False,False,False,False,False,False,False,True,False,False,False,False,False,False,False,83,1748,1948,1940s,3,PIT,162,663,5566,1469,225,54,121,408,970.0,39,636,564,3.52,42,14,29,4329,1429,92,476,951,177,179.0,0.972,4.035670356703567,False,False,False,False,True,False,False,False,False,False,False,False,False,True,False,False,False,False,False,1764,PIT
LAN,1983,29,"G, R, AB, H, 2B, 3B, HR, BB, SO, SB, RA, ER, ERA, CG, SHO, SV, IPouts, HA, HRA, BBA, SOA, E, DP, FP, mlb_rpg, era_6, era_7, decade_1980, decade_1990",False,163,654,5440,1358,197,34,146,541,925.0,166,609,504,3.1,27,12,40,4392,1336,97,495,1000,168,132.0,0.974,4.307728781412992,False,False,False,False,False,True,False,False,False,False,False,False,False,False,False,True,False,False,False,91,1150,1983,1980s,4,LAD,162,675,5588,1458,234,28,130,492,937.0,126,662,572,3.5,17,9,36,4416,1406,103,567,1043,132,141.0,0.979,4.597620096959012,False,False,False,False,False,False,True,False,False,False,False,False,False,False,False,False,True,False,False,1160,LAD
NY1,1912,28,"G, R, AB, H, 2B, 3B, HR, BB, SO, SB, RA, ER, ERA, CG, SHO, IPouts, HA, HRA, BBA, SOA, E, DP, FP, mlb_rpg, era_1, era_2, decade_1910, decade_1930",False,154,823,5067,1451,231,89,47,514,497.0,319,571,392,2.58,93,8,15,4107,1352,36,338,652,280,123.0,0.955,4.526785714285714,True,False,False,False,False,False,False,False,True,False,False,False,False,False,False,False,False,False,False,103,1904,1912,1910s,4,SEA,156,636,5461,1437,204,41,82,377,477.0,31,515,424,2.71,75,23,15,4224,1280,61,400,555,178,156.0,0.973,4.467216673903604,False,True,False,False,False,False,False,False,False,False,True,False,False,False,False,False,False,False,False,1923,SFG
MIN,2007,29,"G, R, AB, H, 2B, 3B, HR, BB, SO, SB, RA, ER, ERA, CG, SHO, SV, IPouts, HA, HRA, BBA, SOA, E, DP, FP, mlb_rpg, era_4, era_7, decade_1960, decade_2000",False,162,718,5522,1460,273,36,118,512,839.0,112,725,663,4.15,5,8,38,4310,1505,185,420,1094,95,151.0,0.984,4.796791443850268,False,False,False,False,False,False,True,False,False,False,False,False,False,False,False,False,False,True,False,79,1325,2007,2000s,3,MIN,161,617,5492,1318,166,40,139,616,991.0,59,948,801,5.04,43,4,10,4290,1577,192,571,772,210,167.0,0.967,4.460518198642813,False,False,False,True,False,False,False,False,False,False,False,False,False,True,False,False,False,False,False,1335,MIN
ML4,1976,29,"G, R, AB, H, 2B, 3B, HR, BB, SO, SB, RA, ER, ERA, CG, SHO, SV, IPouts, HA, HRA, BBA, SOA, E, DP, FP, mlb_rpg, era_5, era_6, decade_1970, decade_1980",False,161,570,5396,1326,170,38,88,511,909.0,62,655,580,3.64,45,10,27,4305,1406,99,567,677,152,160.0,0.975,3.99484270242393,False,False,False,False,True,False,False,False,False,False,False,False,False,False,True,False,False,False,False,66,1189,1976,1970s,2,LAD,162,862,5625,1552,272,46,163,598,1040.0,176,817,752,4.62,28,6,45,4392,1548,169,529,1039,145,155.0,0.976,4.722802850356294,False,False,False,False,False,True,False,False,False,False,False,False,False,False,False,True,False,False,False,1199,MIL
PHI,1964,28,"R, AB, H, 2B, 3B, HR, BB, SO, SB, RA, ER, ERA, CG, SHO, SV, IPouts, HA, HRA, BBA, SOA, E, DP, FP, mlb_rpg, era_5, era_6, decade_1960, decade_1970",False,162,693,5493,1415,241,51,130,440,924.0,30,632,545,3.36,37,17,41,4383,1402,129,440,1009,156,150.0,0.975,4.035670356703567,False,False,False,False,True,False,False,False,False,False,False,False,False,True,False,False,False,False,False,92,1656,1964,1960s,4,PHI,162,847,5546,1548,266,56,186,573,806.0,135,668,600,3.71,31,7,47,4365,1451,134,482,856,120,168.0,0.981,4.470518307180218,False,False,False,False,False,True,False,False,False,False,False,False,False,False,True,False,False,False,False,1669,PHI
BRO,1930,27,"G, R, AB, H, 2B, 3B, HR, BB, SO, SB, RA, ER, ERA, CG, SHO, SV, IPouts, HA, HRA, BBA, SOA, E, DP, FP, mlb_rpg, decade_1930, decade_1940",False,154,871,5433,1654,303,73,122,481,541.0,53,738,614,4.03,74,13,15,4116,1480,115,394,526,169,167.0,0.972,5.549027552674231,False,True,False,False,False,False,False,False,False,False,True,False,False,False,False,False,False,False,False,86,1098,1930,1930s,3,LAD,156,697,5470,1421,256,70,93,522,570.0,56,621,557,3.5,65,17,14,4299,1366,101,393,639,183,110.0,0.97,4.679611650485437,False,True,False,False,False,False,False,False,False,False,False,True,False,False,False,False,False,False,False,1108,LAD
BAL,1960,27,"G, R, AB, H, 2B, 3B, HR, BB, SO, SB, RA, ER, ERA, CG, SHO, SV, IPouts, HA, HRA, BBA, SOA, E, DP, FP, mlb_rpg, era_4, era_5",False,154,682,5170,1307,206,33,123,596,801.0,37,606,538,3.52,48,11,22,4125,1222,117,552,785,107,172.0,0.982,4.313915857605178,False,False,False,True,False,False,False,False,False,False,False,False,False,True,False,False,False,False,False,89,235,1960,1960s,3,BAL,162,644,5448,1359,207,32,146,469,940.0,97,621,557,3.45,35,8,43,4356,1353,137,507,913,99,157.0,0.984,3.946880790611488,False,False,False,False,True,False,False,False,False,False,False,False,False,True,False,False,False,False,False,238,BAL
SEA,1987,27,"R, AB, H, 2B, 3B, HR, BB, SO, SB, RA, ER, CG, SHO, SV, IPouts, HA, HRA, BBA, SOA, E, DP, FP, mlb_rpg, era_6, era_7, decade_1980, decade_2000",False,162,760,5508,1499,282,48,161,500,863.0,174,801,713,4.49,39,10,33,4290,1503,199,497,919,121,150.0,0.98,4.722802850356294,False,False,False,False,False,True,False,False,False,False,False,False,False,False,False,True,False,False,False,78,1868,1987,1980s,3,SDP,162,699,5507,1408,289,34,130,466,986.0,102,751,712,4.49,6,7,39,4283,1483,179,496,892,86,144.0,0.986,4.591731797614151,False,False,False,False,False,False,True,False,False,False,False,False,False,False,False,False,False,True,False,1884,SEA
SLN,1940,29,"G, R, AB, H, 2B, 3B, HR, BB, SO, SB, RA, ER, ERA, CG, SHO, SV, IPouts, HA, HRA, BBA, SOA, E, DP, FP, mlb_rpg, era_2, era_4, decade_1940, decade_1960",False,156,747,5499,1514,266,61,119,479,610.0,97,699,594,3.83,71,10,14,4188,1457,83,488,550,174,134.0,0.971,4.679611650485437,False,True,False,False,False,False,False,False,False,False,False,True,False,False,False,False,False,False,False,84,2038,1940,1940s,3,STL,163,774,5643,1528,221,31,137,515,846.0,86,664,577,3.55,53,17,25,4389,1394,149,517,914,132,170.0,0.979,4.460518198642813,False,False,False,True,False,False,False,False,False,False,False,False,False,True,False,False,False,False,False,2060,STL
DET,1997,26,"R, AB, H, 2B, 3B, HR, BB, SO, SB, RA, ER, ERA, CG, SHO, SV, IPouts, HA, HRA, BBA, SOA, E, DP, FP, mlb_rpg, decade_1990, decade_2000",False,162,784,5481,1415,268,32,176,578,1164.0,161,790,732,4.56,13,8,42,4335,1476,178,552,982,91,146.0,0.985,4.766990291262136,False,False,False,False,False,False,True,False,False,False,False,False,False,False,False,False,True,False,False,79,935,1997,1990s,3,DET,162,723,5602,1521,283,45,168,384,1038.0,66,787,719,4.51,7,2,37,4307,1504,193,461,907,110,171.0,0.982,4.591731797614151,False,False,False,False,False,False,True,False,False,False,False,False,False,False,False,False,False,True,False,943,DET
BSN,1942,25,"G, R, AB, H, 2B, 3B, HR, BB, SO, SB, RA, ER, ERA, CG, SHO, SV, IPouts, HA, HRA, BBA, SOA, E, DP, FP, mlb_rpg",False,150,515,5077,1216,210,19,68,474,507.0,49,645,557,3.76,68,9,8,4002,1326,82,518,414,139,138.0,0.977,4.111739130434783,False,False,True,False,False,False,False,False,False,False,False,True,False,False,False,False,False,False,False,59,109,1942,1940s,2,ATL,154,721,5441,1453,229,25,101,520,510.0,82,728,624,4.04,57,7,13,4173,1474,99,557,404,193,160.0,0.969,4.206225680933852,False,False,True,False,False,False,False,False,False,False,False,True,False,False,False,False,False,False,False,112,ATL
LAN,2003,27,"R, AB, H, 2B, 3B, HR, BB, SO, SB, RA, ER, ERA, CG, SHO, SV, IPouts, HA, BBA, SOA, E, DP, FP, mlb_rpg, era_7, era_8, decade_2000, decade_2010",False,162,574,5458,1328,260,25,124,407,985.0,80,556,511,3.16,3,17,58,4373,1254,127,526,1289,119,164.0,0.981,4.72798353909465,False,False,False,False,False,False,True,False,False,False,False,False,False,False,False,False,False,True,False,85,1168,2003,2000s,3,LAD,162,649,5491,1447,281,17,138,476,1146.0,78,582,524,3.25,7,22,46,4351,1321,127,460,1292,109,160.0,0.982,4.165981077745784,False,False,False,False,False,False,False,True,False,False,False,False,False,False,False,False,False,False,True,1178,LAD
PHA,1921,26,"G, R, AB, H, 2B, HR, BB, SO, SB, RA, ER, ERA, CG, SHO, SV, IPouts, HA, HRA, BBA, SOA, E, DP, FP, mlb_rpg, decade_1920, decade_1930",False,155,657,5465,1497,256,64,82,424,565.0,68,894,717,4.61,75,2,7,4200,1645,85,548,431,277,144.0,0.957,4.855573637103336,False,True,False,False,False,False,False,False,False,True,False,False,False,False,False,False,False,False,False,53,1508,1921,1920s,2,OAK,153,858,5377,1544,311,64,118,528,543.0,25,626,526,3.47,97,12,16,4095,1342,73,457,574,140,151.0,0.976,4.810679611650485,False,True,False,False,False,False,False,False,False,False,True,False,False,False,False,False,False,False,False,1518,OAK
NYA,2016,28,"G, R, AB, H, 2B, 3B, HR, BB, SO, SB, RA, ER, ERA, CG, SHO, SV, IPouts, HA, HRA, BBA, SOA, E, FP, mlb_rpg, era_1, era_8, decade_1910, decade_2010",False,162,680,5458,1378,245,20,183,475,1188.0,72,702,660,4.16,0,10,48,4285,1358,214,444,1393,86,116.0,0.985,4.477759472817134,False,False,False,False,False,False,False,True,False,False,False,False,False,False,False,False,False,False,True,84,1493,2016,2010s,3,NYY,158,749,5126,1392,165,80,29,545,517.0,231,529,434,2.78,89,24,17,4212,1264,18,521,720,213,116.0,0.966,3.745222929936306,True,False,False,False,False,False,False,False,True,False,False,False,False,False,False,False,False,False,False,1503,NYY
CLE,1923,26,"G, R, AB, H, 2B, 3B, HR, BB, SO, SB, RA, ER, ERA, CG, SHO, SV, IPouts, HA, HRA, BBA, SOA, E, FP, mlb_rpg, decade_1920, decade_1930",False,153,888,5290,1594,301,75,59,633,384.0,79,746,598,3.91,77,10,11,4128,1517,36,465,407,227,143.0,0.964,4.815085158150851,False,True,False,False,False,False,False,False,False,True,False,False,False,False,False,False,False,False,False,82,735,1923,1920s,3,CLE,155,885,5445,1612,321,69,71,555,433.0,63,833,697,4.63,76,6,9,4062,1577,64,561,470,231,143.0,0.963,4.810679611650485,False,True,False,False,False,False,False,False,False,False,True,False,False,False,False,False,False,False,False,743,CLE
NY1,1929,29,"G, R, AB, H, 2B, 3B, HR, BB, SO, SB, RA, ER, ERA, CG, SHO, SV, IPouts, HA, HRA, BBA, SOA, E, DP, FP, mlb_rpg, era_2, era_4, decade_1920, decade_1940",False,152,897,5388,1594,251,47,136,482,405.0,85,709,605,3.97,68,9,13,4116,1536,102,387,431,158,163.0,0.975,5.185923515052888,False,True,False,False,False,False,False,False,False,True,False,False,False,False,False,False,False,False,False,84,1919,1929,1920s,3,SFG,155,780,5277,1352,210,49,164,599,648.0,51,704,600,3.93,54,15,21,4119,1425,122,556,527,156,134.0,0.974,4.578819725141472,False,False,False,True,False,False,False,False,False,False,False,True,False,False,False,False,False,False,False,1938,SFG
ATL,2013,24,"G, R, AB, H, 2B, 3B, HR, BB, SO, SB, RA, ER, ERA, SHO, SV, IPouts, HA, HRA, BBA, SOA, E, DP, FP, mlb_rpg",False,162,688,5441,1354,247,21,181,542,1384.0,64,548,512,3.18,1,12,53,4351,1326,127,409,1232,85,141.0,0.986,4.165981077745784,False,False,False,False,False,False,False,True,False,False,False,False,False,False,False,False,False,False,True,96,177,2013,2010s,4,ATL,161,649,5514,1404,295,27,122,502,1240.0,75,779,725,4.51,1,9,39,4343,1414,177,547,1227,101,134.0,0.983,4.477759472817134,False,False,False,False,False,False,False,True,False,False,False,False,False,False,False,False,False,False,True,180,ATL
KCA,1984,24,"R, AB, H, 2B, 3B, HR, BB, SO, SB, RA, ER, ERA, CG, SHO, SV, IPouts, HRA, BBA, SOA, E, DP, mlb_rpg, decade_1980, decade_1990",False,162,673,5543,1487,269,52,117,400,832.0,106,686,629,3.92,18,9,50,4332,1426,136,433,724,129,157.0,0.98,4.256769596199525,False,False,False,False,False,True,False,False,False,False,False,False,False,False,False,True,False,False,False,84,1043,1984,1980s,3,KCR,162,610,5501,1411,284,42,75,439,741.0,131,667,613,3.81,9,12,44,4341,1426,106,512,834,122,164.0,0.98,4.1170465337132,False,False,False,False,False,True,False,False,False,False,False,False,False,False,False,False,True,False,False,1051,KCR
TBA,2002,28,"R, AB, H, 2B, 3B, HR, BB, SO, SB, RA, ER, ERA, CG, SHO, SV, IPouts, HA, HRA, BBA, SOA, E, DP, FP, mlb_rpg, era_5, era_7, decade_1960, decade_2000",False,161,673,5604,1418,297,35,133,456,1115.0,102,918,846,5.29,12,3,25,4321,1567,215,620,925,126,168.0,0.979,4.618301731244848,False,False,False,False,False,False,True,False,False,False,False,False,False,False,False,False,False,True,False,55,2116,2002,2000s,2,STL,161,524,5400,1208,160,37,124,454,960.0,29,665,582,3.64,26,11,28,4317,1402,118,517,826,148,144.0,0.976,3.4181538461538463,False,False,False,False,True,False,False,False,False,False,False,False,False,True,False,False,False,False,False,2138,TBD
PIT,1926,29,"G, R, AB, H, 2B, 3B, HR, BB, SO, SB, RA, ER, ERA, CG, SHO, SV, IPouts, HA, HRA, BBA, SOA, E, DP, FP, mlb_rpg, era_2, era_3, decade_1920, decade_1940",False,157,769,5312,1514,243,106,44,434,350.0,91,689,562,3.67,83,12,18,4137,1422,50,455,387,220,161.0,0.965,4.636547811993517,False,True,False,False,False,False,False,False,False,True,False,False,False,False,False,False,False,False,False,84,1726,1926,1920s,3,PIT,151,585,5104,1250,173,49,54,537,536.0,41,631,537,3.58,64,13,11,4053,1376,62,435,426,182,129.0,0.969,4.111739130434783,False,False,True,False,False,False,False,False,False,False,False,True,False,False,False,False,False,False,False,1742,PIT
SLA,1942,25,"G, R, AB, H, 2B, 3B, HR, BB, SO, SB, RA, ER, ERA, CG, SHO, SV, IPouts, HA, HRA, BBA, SOA, E, DP, FP, mlb_rpg",False,151,730,5229,1354,239,62,98,609,607.0,37,637,544,3.59,68,12,13,4089,1387,63,505,488,167,143.0,0.972,4.111739130434783,False,False,True,False,False,False,False,False,False,False,False,True,False,False,False,False,False,False,False,82,217,1942,1940s,3,BAL,154,597,5227,1302,215,37,63,500,555.0,25,548,482,3.14,91,10,8,4146,1307,59,506,570,143,123.0,0.976,4.206225680933852,False,False,True,False,False,False,False,False,False,False,False,True,False,False,False,False,False,False,False,220,BAL
BAL,2007,28,"R, AB, H, 2B, 3B, HR, BB, SO, SB, RA, ER, ERA, CG, SHO, SV, IPouts, HA, HRA, BBA, SOA, E, DP, FP, mlb_rpg, era_7, era_8, decade_2000, decade_2010",False,162,756,5631,1529,306,30,142,500,939.0,144,868,827,5.17,4,9,30,4316,1491,161,696,1087,79,155.0,0.987,4.796791443850268,False,False,False,False,False,False,True,False,False,False,False,False,False,False,False,False,False,True,False,69,279,2007,2000s,2,BAL,162,613,5554,1440,264,21,133,424,1056.0,76,785,733,4.59,3,7,35,4309,1508,186,520,1007,105,141.0,0.982,4.384362139917696,False,False,False,False,False,False,False,True,False,False,False,False,False,False,False,False,False,False,True,282,BAL
NYA,1910,28,"G, R, AB, H, 2B, HR, BB, SO, SB, RA, ER, ERA, CG, SHO, SV, IPouts, HA, HRA, BBA, SOA, E, DP, FP, mlb_rpg, era_1, era_2, decade_1910, decade_1920",False,156,626,5051,1254,164,75,20,464,855.0,288,557,406,2.61,110,14,8,4197,1238,16,364,654,286,95.0,0.956,3.835068054443554,True,False,False,False,False,False,False,False,True,False,False,False,False,False,False,False,False,False,False,88,1393,1910,1910s,3,NYM,154,758,5245,1504,220,75,95,497,532.0,62,618,525,3.39,100,7,14,4179,1402,73,423,458,155,122.0,0.975,4.870355411954765,False,True,False,False,False,False,False,False,False,True,False,False,False,False,False,False,False,False,False,1403,NYY
CIN,1959,29,"G, R, AB, H, 2B, 3B, HR, BB, SO, SB, RA, ER, ERA, CG, SHO, SV, IPouts, HA, HRA, BBA, SOA, E, DP, FP, mlb_rpg, era_4, era_5, decade_1950, decade_1960",False,154,764,5288,1448,258,34,161,499,763.0,65,738,650,4.31,44,7,26,4071,1460,162,456,690,126,157.0,0.978,4.383279483037157,False,False,False,True,False,False,False,False,False,False,False,False,True,False,False,False,False,False,False,74,663,1959,1950s,3,CIN,162,604,5519,1366,251,54,109,372,969.0,92,563,497,3.05,34,18,39,4404,1328,101,498,1065,121,124.0,0.98,3.768518518518519,False,False,False,False,True,False,False,False,False,False,False,False,False,True,False,False,False,False,False,671,CIN
TEX,1990,28,"R, AB, H, 2B, 3B, HR, BB, SO, SB, RA, ER, ERA, CG, SHO, SV, IPouts, HA, HRA, BBA, SOA, E, DP, FP, mlb_rpg, era_6, era_8, decade_1990, decade_2010",False,162,676,5469,1416,257,27,110,575,1054.0,115,696,615,3.83,25,9,36,4332,1343,113,623,997,133,161.0,0.979,4.256294536817102,False,False,False,False,False,True,False,False,False,False,False,False,False,False,False,False,True,False,False,83,2159,1990,1990s,3,TEX,162,637,5460,1400,260,28,111,417,1162.0,105,773,711,4.49,6,17,33,4279,1510,160,505,1110,106,155.0,0.982,4.0660493827160495,False,False,False,False,False,False,False,True,False,False,False,False,False,False,False,False,False,False,True,2181,TEX
PIT,2016,28,"R, AB, H, 2B, 3B, HR, BB, SO, SB, RA, ER, ERA, CG, SHO, SV, IPouts, HA, HRA, BBA, SOA, E, DP, FP, mlb_rpg, era_6, era_8, decade_1980, decade_2010",False,162,729,5542,1426,277,32,153,561,1334.0,110,758,679,4.21,5,5,51,4352,1490,180,533,1232,111,172.0,0.982,4.477759472817134,False,False,False,False,False,False,False,True,False,False,False,False,False,False,False,False,False,False,True,78,1813,2016,2010s,3,PIT,162,650,5507,1405,241,28,109,513,809.0,60,622,548,3.4,26,19,44,4353,1399,127,443,727,124,158.0,0.98,4.330955777460771,False,False,False,False,False,True,False,False,False,False,False,False,False,False,False,True,False,False,False,1829,PIT
OAK,1987,28,"R, AB, H, 2B, 3B, HR, BB, SO, SB, RA, ER, ERA, CG, SHO, SV, IPouts, HA, HRA, BBA, SOA, E, DP, FP, mlb_rpg, era_6, era_7, decade_1980, decade_1990",False,162,806,5511,1432,263,33,199,593,1056.0,140,789,694,4.32,18,6,40,4335,1442,176,531,1042,142,122.0,0.977,4.722802850356294,False,False,False,False,False,True,False,False,False,False,False,False,False,False,False,True,False,False,False,81,1572,1987,1980s,3,OAK,162,893,5519,1430,287,20,235,770,1129.0,70,846,749,4.69,6,5,48,4314,1537,160,569,967,122,162.0,0.98,5.0846375617792425,False,False,False,False,False,False,True,False,False,False,False,False,False,False,False,False,True,False,False,1582,OAK
PIT,1911,29,"G, R, AB, H, 2B, 3B, HR, BB, SO, SB, RA, ER, ERA, CG, SHO, SV, IPouts, HA, HRA, BBA, SOA, E, DP, FP, mlb_rpg, era_1, era_2, decade_1910, decade_1920",False,155,744,5137,1345,206,106,49,525,583.0,160,557,435,2.84,91,13,11,4140,1249,36,375,605,231,131.0,0.963,4.512530315278901,True,False,False,False,False,False,False,False,True,False,False,False,False,False,False,False,False,False,False,85,1713,1911,1910s,3,PHI,154,904,5490,1663,285,116,60,503,335.0,94,780,668,4.36,79,5,13,4137,1530,96,439,409,181,136.0,0.97,5.185923515052888,False,True,False,False,False,False,False,False,False,True,False,False,False,False,False,False,False,False,False,1729,PIT
CLE,1927,26,"G, R, AB, H, 2B, 3B, HR, BB, SO, RA, ER, ERA, CG, SHO, SV, IPouts, HA, HRA, BBA, SOA, E, DP, FP, mlb_rpg, decade_1920, decade_1930",False,153,668,5202,1471,321,52,26,381,366.0,63,766,642,4.27,72,5,8,4059,1542,37,508,366,202,146.0,0.968,4.75121359223301,False,True,False,False,False,False,False,False,False,True,False,False,False,False,False,False,False,False,False,66,739,1927,1920s,2,CLE,156,776,5534,1573,324,77,93,460,567.0,63,739,644,4.15,67,12,21,4188,1527,68,457,498,174,147.0,0.972,4.86468952734013,False,True,False,False,False,False,False,False,False,False,True,False,False,False,False,False,False,False,False,747,CLE
CHN,1967,27,"G, R, AB, H, 2B, 3B, HR, BB, SO, SB, RA, ER, ERA, CG, SHO, SV, IPouts, HA, HRA, BBA, SOA, E, DP, FP, mlb_rpg, decade_1960, decade_1970",False,162,702,5463,1373,211,49,128,509,912.0,63,624,563,3.48,47,7,28,4371,1352,142,463,888,121,143.0,0.981,3.768518518518519,False,False,False,False,True,False,False,False,False,False,False,False,False,True,False,False,False,False,False,87,457,1967,1960s,3,CHC,156,685,5247,1346,206,40,133,565,815.0,69,567,500,3.22,54,19,32,4194,1329,112,421,824,132,148.0,0.979,3.686390532544378,False,False,False,False,True,False,False,False,False,False,False,False,False,False,True,False,False,False,False,462,CHC
CLE,1915,28,"G, R, AB, H, 2B, 3B, HR, BB, SO, SB, RA, ER, ERA, CG, SHO, SV, HA, HRA, BBA, SOA, E, DP, FP, mlb_rpg, era_1, era_2, decade_1910, decade_1920",False,154,539,5034,1210,169,79,20,490,681.0,138,670,477,3.13,62,11,10,4116,1287,18,518,610,272,82.0,0.957,3.792771084337349,True,False,False,False,False,False,False,False,True,False,False,False,False,False,False,False,False,False,False,57,729,1915,1910s,2,CLE,155,782,5436,1613,285,58,52,520,379.0,90,817,684,4.49,93,6,9,4116,1604,41,493,345,212,146.0,0.966,5.128664495114006,False,True,False,False,False,False,False,False,False,True,False,False,False,False,False,False,False,False,False,737,CLE
CHN,1928,26,"R, AB, H, 2B, 3B, HR, BB, SO, SB, RA, ER, ERA, CG, SHO, SV, IPouts, HA, HRA, BBA, SOA, E, DP, FP, mlb_rpg, decade_1920, decade_1930",False,154,714,5260,1460,251,64,92,508,517.0,83,615,521,3.4,75,12,14,4140,1383,56,508,531,156,176.0,0.975,4.729894394800975,False,True,False,False,False,False,False,False,False,True,False,False,False,False,False,False,False,False,False,91,418,1928,1920s,4,CHC,154,646,5255,1422,256,51,72,392,475.0,52,536,443,2.93,95,16,9,4086,1316,51,413,488,168,163.0,0.973,4.467216673903604,False,True,False,False,False,False,False,False,False,False,True,False,False,False,False,False,False,False,False,423,CHC
MON,1969,28,"R, AB, H, 2B, 3B, HR, BB, SO, SB, RA, ER, ERA, CG, SHO, SV, IPouts, HA, HRA, BBA, SOA, E, DP, FP, mlb_rpg, era_5, era_6, decade_1960, decade_1990",False,162,582,5419,1300,202,33,125,529,962.0,52,791,686,4.33,26,8,21,4278,1429,145,702,973,184,179.0,0.97,4.07245632065776,False,False,False,False,True,False,False,False,False,False,False,False,False,True,False,False,False,False,False,52,2221,1969,1960s,2,TOR,162,648,5477,1381,263,37,102,463,976.0,196,581,530,3.25,11,14,49,4404,1296,92,525,1014,124,113.0,0.98,4.1170465337132,False,False,False,False,False,True,False,False,False,False,False,False,False,False,False,False,True,False,False,2243,WSN
PHI,1905,29,"G, R, AB, H, 2B, 3B, HR, BB, SO, SB, RA, ER, ERA, CG, SHO, SV, IPouts, HA, HRA, BBA, SOA, E, DP, FP, mlb_rpg, era_1, era_2, decade_1910, decade_1920",False,155,708,5243,1362,187,82,16,406,855.0,180,602,436,2.81,119,12,5,4194,1303,21,411,516,275,99.0,0.957,3.896523848019402,True,False,False,False,False,False,False,False,True,False,False,False,False,False,False,False,False,False,False,83,1601,1905,1900s,3,OAK,154,617,5329,1512,238,50,88,294,615.0,66,919,671,4.48,82,5,8,4044,1665,79,371,333,294,127.0,0.955,4.855573637103336,False,True,False,False,False,False,False,False,False,True,False,False,False,False,False,False,False,False,False,1614,PHI
TBA,2003,28,"R, AB, H, 2B, 3B, HR, BB, SO, SB, RA, ER, ERA, CG, SHO, SV, IPouts, HA, HRA, BBA, SOA, E, DP, FP, mlb_rpg, era_5, era_7, decade_1960, decade_2000",False,162,715,5654,1501,298,38,137,420,1030.0,142,852,787,4.93,7,7,30,4310,1454,196,639,877,103,158.0,0.983,4.72798353909465,False,False,False,False,False,False,True,False,False,False,False,False,False,False,False,False,False,True,False,63,2117,2003,2000s,2,STL,162,694,5447,1365,171,40,148,630,900.0,52,644,561,3.49,28,10,41,4341,1310,135,656,835,140,159.0,0.978,4.07245632065776,False,False,False,False,True,False,False,False,False,False,False,False,False,True,False,False,False,False,False,2139,TBD
PHA,1910,27,"R, AB, H, 2B, 3B, HR, BB, SO, SB, RA, ER, ERA, CG, SHO, SV, IPouts, HA, HRA, BBA, SOA, E, DP, mlb_rpg, era_1, era_2, decade_1910, decade_1920",False,155,673,5156,1373,191,105,19,409,855.0,207,441,283,1.79,123,24,5,4263,1103,8,450,789,230,117.0,0.965,3.835068054443554,True,False,False,False,False,False,False,False,True,False,False,False,False,False,False,False,False,False,False,102,1499,1910,1910s,4,NYY,155,705,5211,1409,229,63,111,437,591.0,60,830,695,4.59,73,4,6,4086,1573,107,469,373,218,119.0,0.965,4.870355411954765,False,True,False,False,False,False,False,False,False,True,False,False,False,False,False,False,False,False,False,1509,OAK
HOU,2004,28,"R, AB, H, 2B, 3B, HR, BB, SO, SB, RA, ER, ERA, CG, SHO, SV, IPouts, HA, HRA, BBA, SOA, E, DP, FP, mlb_rpg, era_7, era_8, decade_2000, decade_2010",False,162,803,5468,1458,294,36,187,590,999.0,89,698,650,4.05,2,13,47,4329,1416,174,525,1282,101,136.0,0.983,4.813838550247117,False,False,False,False,False,False,True,False,False,False,False,False,False,False,False,False,False,True,False,92,1016,2004,2000s,4,HOU,162,583,5407,1276,238,28,146,463,1365.0,105,794,721,4.56,3,11,31,4270,1493,173,540,1170,118,132.0,0.981,4.324485596707819,False,False,False,False,False,False,False,True,False,False,False,False,False,False,False,False,False,False,True,1024,HOU
SEA,1979,28,"G, R, AB, H, 2B, 3B, HR, BB, SO, SB, RA, ER, ERA, CG, SV, IPouts, HA, HRA, BBA, SOA, E, DP, FP, mlb_rpg, era_6, era_7, decade_1970, decade_1990",False,162,711,5544,1490,250,52,132,515,725.0,126,820,732,4.58,37,7,26,4314,1567,165,571,736,141,170.0,0.978,4.457598856598381,False,False,False,False,False,True,False,False,False,False,False,False,False,False,True,False,False,False,False,67,1861,1979,1970s,2,SDP,161,859,5628,1553,321,28,234,558,1081.0,115,855,783,4.95,17,7,31,4272,1530,196,528,1156,125,139.0,0.979,4.789679276315789,False,False,False,False,False,False,True,False,False,False,False,False,False,False,False,False,True,False,False,1877,SEA
SDN,1999,27,"R, AB, H, 2B, 3B, HR, BB, SO, SB, RA, ER, ERA, CG, SV, IPouts, HA, HRA, BBA, SOA, E, DP, FP, mlb_rpg, era_7, era_8, decade_1990, decade_2010",False,162,710,5394,1360,256,22,153,631,1169.0,174,781,705,4.47,5,6,43,4260,1454,193,529,1078,129,151.0,0.979,5.0846375617792425,False,False,False,False,False,False,True,False,False,False,False,False,False,False,False,False,True,False,False,74,1841,1999,1990s,3,SDP,162,650,5457,1324,260,36,148,426,1327.0,82,731,655,4.09,1,6,41,4321,1371,171,516,1393,92,138.0,0.985,4.250102923013586,False,False,False,False,False,False,False,True,False,False,False,False,False,False,False,False,False,False,True,1857,SDP
PIT,1987,28,"R, AB, H, 2B, 3B, HR, BB, SO, SB, RA, ER, ERA, CG, SHO, SV, IPouts, HA, HRA, BBA, SOA, E, DP, FP, mlb_rpg, era_6, era_7, decade_1980, decade_2000",False,162,723,5536,1464,282,45,131,535,914.0,140,744,674,4.2,25,13,39,4335,1377,164,562,914,123,147.0,0.98,4.722802850356294,False,False,False,False,False,True,False,False,False,False,False,False,False,False,False,True,False,False,False,80,1786,1987,1980s,3,PIT,162,680,5573,1445,292,38,139,471,1092.0,73,769,706,4.42,4,14,35,4308,1456,162,612,958,117,193.0,0.981,4.591731797614151,False,False,False,False,False,False,True,False,False,False,False,False,False,False,False,False,False,True,False,1802,PIT
CHN,1985,24,"R, AB, H, 2B, 3B, HR, BB, SO, SB, RA, ER, ERA, CG, SHO, HA, HRA, BBA, SOA, E, DP, FP, mlb_rpg, decade_1980, decade_1990",False,162,686,5492,1397,239,28,150,562,937.0,182,729,667,4.16,20,8,42,4326,1492,156,519,820,134,150.0,0.979,4.330955777460771,False,False,False,False,False,True,False,False,False,False,False,False,False,False,False,True,False,False,False,77,474,1985,1980s,3,CHC,162,690,5600,1474,240,36,136,406,869.0,151,774,695,4.34,13,7,42,4326,1510,121,572,877,122,136.0,0.98,4.256294536817102,False,False,False,False,False,True,False,False,False,False,False,False,False,False,False,False,True,False,False,479,CHC
SLA,1943,27,"G, R, AB, H, 2B, 3B, HR, BB, SO, SB, RA, ER, ERA, CG, SHO, SV, IPouts, HA, HRA, BBA, SOA, E, DP, FP, mlb_rpg, era_3, era_4",False,153,596,5175,1269,229,36,78,569,646.0,37,604,525,3.41,64,10,14,4155,1397,74,488,572,152,127.0,0.975,3.91518578352181,False,False,True,False,False,False,False,False,False,False,False,True,False,False,False,False,False,False,False,72,218,1943,1940s,3,BAL,156,621,5373,1350,220,46,84,465,713.0,23,710,607,3.95,63,13,12,4146,1465,73,573,574,159,157.0,0.974,4.006843800322061,False,False,False,True,False,False,False,False,False,False,False,True,False,False,False,False,False,False,False,221,BAL
WS1,1905,24,"G, R, AB, H, 2B, 3B, HR, BB, SO, SB, RA, ER, ERA, CG, SHO, SV, IPouts, HA, BBA, SOA, E, DP, FP, mlb_rpg",False,154,559,5015,1121,193,68,22,298,855.0,169,623,434,2.87,118,12,1,4086,1250,12,385,539,319,76.0,0.95,3.896523848019402,True,False,False,False,False,False,False,False,True,False,False,False,False,False,False,False,False,False,False,64,1228,1905,1900s,2,MIL,155,569,5029,1225,152,79,12,458,541.0,186,491,358,2.31,87,21,13,4179,1161,12,455,715,230,101.0,0.964,3.792771084337349,True,False,False,False,False,False,False,False,True,False,False,False,False,False,False,False,False,False,False,1238,MIN
PIT,1974,28,"R, AB, H, 2B, 3B, HR, BB, SO, SB, RA, ER, ERA, CG, SHO, SV, IPouts, HA, HRA, BBA, SOA, E, DP, FP, mlb_rpg, era_5, era_6, decade_1970, decade_1990",False,162,751,5702,1560,238,46,114,514,828.0,55,657,568,3.49,51,9,17,4398,1428,93,543,721,162,154.0,0.975,4.124935732647815,False,False,False,False,True,False,False,False,False,False,False,False,False,False,True,False,False,False,False,88,1774,1974,1970s,3,PIT,162,768,5449,1433,259,50,126,620,901.0,124,632,557,3.44,18,11,51,4368,1411,117,401,919,120,134.0,0.981,4.307747148288973,False,False,False,False,False,True,False,False,False,False,False,False,False,False,False,False,True,False,False,1790,PIT
BSN,1927,26,"G, R, AB, H, 2B, 3B, HR, BB, SO, SB, RA, ER, ERA, CG, SHO, IPouts, HA, HRA, BBA, SOA, E, DP, FP, mlb_rpg, decade_1920, decade_1930",False,155,651,5370,1498,216,61,37,346,363.0,100,771,652,4.22,52,3,11,4170,1602,43,468,402,231,130.0,0.963,4.75121359223301,False,True,False,False,False,False,False,False,False,True,False,False,False,False,False,False,False,False,False,60,94,1927,1920s,2,ATL,154,693,5356,1503,246,78,66,332,397.0,69,835,743,4.91,71,6,11,4083,1624,117,475,424,178,167.0,0.971,5.549027552674231,False,True,False,False,False,False,False,False,False,False,True,False,False,False,False,False,False,False,False,97,ATL
BRO,1925,27,"G, R, AB, H, 2B, 3B, HR, BB, SO, SB, RA, ER, ERA, CG, SHO, SV, IPouts, HA, HRA, BBA, SOA, E, DP, FP, mlb_rpg, decade_1920, decade_1930",False,153,786,5468,1617,250,80,64,437,383.0,37,866,715,4.77,82,4,4,4050,1608,75,477,518,209,130.0,0.966,5.128664495114006,False,True,False,False,False,False,False,False,False,True,False,False,False,False,False,False,False,False,False,68,1093,1925,1920s,2,LAD,154,711,5410,1496,235,62,59,430,520.0,60,767,637,4.22,62,11,20,4074,1519,88,436,480,188,146.0,0.969,4.86468952734013,False,True,False,False,False,False,False,False,False,False,True,False,False,False,False,False,False,False,False,1103,LAD
MIN,1989,26,"R, AB, H, 2B, 3B, HR, BB, SO, SB, RA, ER, ERA, CG, SV, IPouts, HA, HRA, BBA, SOA, E, DP, mlb_rpg, era_6, era_7, decade_1980, decade_2000",False,162,740,5581,1542,278,35,117,478,743.0,111,738,680,4.28,19,8,38,4287,1495,139,500,851,107,141.0,0.982,4.132241215574549,False,False,False,False,False,True,False,False,False,False,False,False,False,False,False,True,False,False,False,80,1309,1989,1980s,3,MIN,162,771,5560,1514,328,38,164,495,1083.0,146,766,722,4.51,12,8,45,4324,1494,192,445,965,108,118.0,0.982,4.7754219843557015,False,False,False,False,False,False,True,False,False,False,False,False,False,False,False,False,False,True,False,1319,MIN
CHA,1964,22,"R, AB, H, 2B, 3B, HR, BB, SO, SB, RA, ER, ERA, CG, SHO, SV, IPouts, HA, HRA, BBA, SOA, DP, mlb_rpg",False,162,642,5491,1356,184,40,106,562,902.0,75,501,443,2.72,44,20,45,4401,1216,124,401,955,122,164.0,0.981,4.035670356703567,False,False,False,False,True,False,False,False,False,False,False,False,False,True,False,False,False,False,False,98,560,1964,1960s,4,CHW,162,625,5450,1346,210,27,112,552,844.0,54,723,672,4.21,29,10,25,4311,1470,146,564,810,122,163.0,0.981,4.07245632065776,False,False,False,False,True,False,False,False,False,False,False,False,False,True,False,False,False,False,False,565,CHW
PIT,1975,29,"G, R, AB, H, 2B, 3B, HR, BB, SO, SB, RA, ER, ERA, CG, SHO, SV, IPouts, HA, HRA, BBA, SOA, E, DP, FP, mlb_rpg, era_5, era_6, decade_1970, decade_1990",False,161,712,5489,1444,255,47,138,468,832.0,49,565,481,3.01,43,14,31,4311,1302,79,551,768,151,147.0,0.976,4.21277145811789,False,False,False,False,True,False,False,False,False,False,False,False,False,False,True,False,False,False,False,92,1775,1975,1970s,4,PIT,162,693,5527,1409,272,54,106,569,872.0,110,595,551,3.35,20,20,43,4437,1410,101,455,844,101,144.0,0.984,4.1170465337132,False,False,False,False,False,True,False,False,False,False,False,False,False,False,False,False,True,False,False,1791,PIT
CLE,1980,24,"G, R, AB, H, 3B, HR, BB, SO, SB, RA, ER, ERA, CG, SHO, SV, IPouts, HA, HRA, BBA, SOA, E, DP, FP, mlb_rpg",False,160,738,5470,1517,221,40,89,617,625.0,118,807,743,4.68,35,8,32,4284,1519,137,552,843,105,143.0,0.983,4.2881235154394295,False,False,False,False,False,True,False,False,False,False,False,False,False,False,False,True,False,False,False,79,791,1980,1980s,3,CLE,162,604,5463,1340,221,26,127,499,934.0,74,654,589,3.65,23,13,38,4359,1423,107,452,844,118,126.0,0.981,4.132241215574549,False,False,False,False,False,True,False,False,False,False,False,False,False,False,False,True,False,False,False,799,CLE
COL,2001,24,"R, AB, H, 2B, 3B, HR, BB, SO, SB, RA, ER, ERA, CG, SHO, SV, IPouts, HA, HRA, BBA, SOA, E, DP, FP, mlb_rpg",False,162,923,5690,1663,324,61,213,511,1027.0,132,906,841,5.29,8,8,26,4290,1522,239,598,1058,96,167.0,0.984,4.7754219843557015,False,False,False,False,False,False,True,False,False,False,False,False,False,False,False,False,False,True,False,73,831,2001,2000s,3,CLE,162,804,5398,1408,300,50,190,660,1277.0,106,715,675,4.22,5,7,45,4315,1427,141,528,1154,87,146.0,0.986,4.612962962962963,False,False,False,False,False,False,True,False,False,False,False,False,False,False,False,False,False,True,False,839,COL
SLN,1967,29,"G, R, AB, H, 2B, 3B, HR, BB, SO, SB, RA, ER, ERA, CG, SHO, SV, IPouts, HA, HRA, BBA, SOA, E, DP, FP, mlb_rpg, era_5, era_6, decade_1960, decade_1990",False,161,695,5566,1462,225,40,115,443,919.0,102,557,496,3.05,44,17,45,4395,1313,97,431,956,140,127.0,0.977,3.768518518518519,False,False,False,False,True,False,False,False,False,False,False,False,False,True,False,False,False,False,False,101,2065,1967,1960s,4,STL,162,599,5462,1398,255,41,73,517,844.0,221,698,620,3.87,8,13,39,4329,1432,98,475,833,129,114.0,0.979,4.256294536817102,False,False,False,False,False,True,False,False,False,False,False,False,False,False,False,False,True,False,False,2087,STL
NYN,2004,28,"R, AB, H, 2B, 3B, HR, BB, SO, SB, RA, ER, ERA, CG, SHO, SV, IPouts, HA, HRA, BBA, SOA, E, DP, FP, mlb_rpg, era_7, era_8, decade_2000, decade_2010",False,162,684,5532,1376,289,20,185,512,1159.0,107,731,658,4.09,2,6,31,4347,1452,156,592,977,137,144.0,0.978,4.813838550247117,False,False,False,False,False,False,True,False,False,False,False,False,False,False,False,False,False,True,False,71,1374,2004,2000s,3,NYM,162,629,5472,1306,275,19,125,516,1264.0,101,618,568,3.49,1,11,42,4391,1370,141,509,1303,104,158.0,0.983,4.0660493827160495,False,False,False,False,False,False,False,True,False,False,False,False,False,False,False,False,False,False,True,1384,NYM
OAK,2013,29,"G, R, AB, H, 2B, 3B, HR, BB, SO, SB, RA, ER, ERA, CG, SHO, SV, IPouts, HA, HRA, BBA, SOA, E, DP, FP, mlb_rpg, era_1, era_8, decade_1910, decade_2010",False,162,767,5521,1403,301,25,186,573,1178.0,74,625,574,3.56,6,13,46,4356,1339,163,428,1183,97,112.0,0.983,4.165981077745784,False,False,False,False,False,False,False,True,False,False,False,False,False,False,False,False,False,False,True,96,1596,2013,2010s,4,OAK,153,658,5044,1307,214,56,60,490,588.0,153,669,503,3.3,90,20,10,4119,1285,43,598,697,231,113.0,0.963,4.512530315278901,True,False,False,False,False,False,False,False,True,False,False,False,False,False,False,False,False,False,False,1606,OAK
BRO,1908,28,"G, R, AB, H, 2B, 3B, BB, SO, SB, RA, ER, ERA, CG, SHO, SV, IPouts, HA, HRA, BBA, SOA, E, DP, FP, mlb_rpg, era_1, era_2, decade_1910, decade_1920",False,154,377,4897,1044,110,60,28,323,855.0,113,516,376,2.47,118,20,4,4107,1165,17,444,535,241,66.0,0.961,3.385450160771704,True,False,False,False,False,False,False,False,True,False,False,False,False,False,False,False,False,False,False,53,1078,1908,1900s,2,KCR,155,660,5399,1493,205,99,28,359,391.0,70,528,415,2.62,89,17,10,4281,1381,25,327,553,226,118.0,0.966,4.360615883306321,False,True,False,False,False,False,False,False,False,True,False,False,False,False,False,False,False,False,False,1088,LAD
COL,2008,28,"R, AB, H, 2B, 3B, HR, BB, SO, SB, RA, ER, ERA, CG, SHO, SV, IPouts, HA, HRA, BBA, SOA, E, DP, FP, mlb_rpg, era_7, era_8, decade_2000, decade_2010",False,162,747,5557,1462,310,28,160,570,1209.0,141,822,766,4.77,3,8,36,4338,1547,148,562,1041,96,176.0,0.985,4.650947281713345,False,False,False,False,False,False,True,False,False,False,False,False,False,False,False,False,False,True,False,74,838,2008,2000s,3,COL,162,845,5614,1544,318,47,204,494,1330.0,66,860,779,4.91,2,9,37,4288,1532,181,547,1223,110,148.0,0.982,4.477759472817134,False,False,False,False,False,False,False,True,False,False,False,False,False,False,False,False,False,False,True,846,COL
BOS,1922,24,"G, R, AB, H, 2B, 3B, HR, BB, SO, SB, RA, ER, ERA, CG, SHO, IPouts, HA, HRA, BBA, SOA, E, DP, FP, mlb_rpg",False,154,598,5288,1392,250,55,45,366,455.0,60,769,656,4.3,71,10,6,4119,1508,48,503,359,221,139.0,0.965,4.870355411954765,False,True,False,False,False,False,False,False,False,True,False,False,False,False,False,False,False,False,False,61,305,1922,1920s,2,BOS,152,639,5166,1375,257,64,41,513,422.0,42,922,732,4.97,68,6,6,3978,1615,67,510,310,265,150.0,0.956,5.128664495114006,False,True,False,False,False,False,False,False,False,True,False,False,False,False,False,False,False,False,False,308,BOS
SDN,1979,29,"G, R, AB, H, 2B, 3B, HR, BB, SO, SB, RA, ER, ERA, CG, SHO, SV, IPouts, HA, HRA, BBA, SOA, E, DP, FP, mlb_rpg, era_6, era_7, decade_1970, decade_1990",False,161,603,5446,1316,193,53,93,534,770.0,100,681,596,3.69,29,7,25,4359,1438,108,513,779,140,154.0,0.978,4.457598856598381,False,False,False,False,False,True,False,False,False,False,False,False,False,False,True,False,False,False,False,68,1824,1979,1970s,2,PIT,162,749,5490,1390,292,30,167,604,1072.0,79,635,587,3.63,14,11,59,4363,1384,139,501,1217,104,155.0,0.983,4.789679276315789,False,False,False,False,False,False,True,False,False,False,False,False,False,False,False,False,True,False,False,1840,SDP
NYN,2008,29,"G, R, AB, H, 2B, 3B, HR, BB, SO, SB, RA, ER, ERA, CG, SHO, SV, IPouts, HA, HRA, BBA, SOA, E, DP, FP, mlb_rpg, era_1, era_7, decade_1910, decade_2000",False,162,799,5606,1491,274,38,172,619,1024.0,138,715,662,4.07,5,12,43,4393,1415,163,590,1181,83,126.0,0.986,4.650947281713345,False,False,False,False,False,False,True,False,False,False,False,False,False,False,False,False,False,True,False,89,1378,2008,2000s,3,NYM,152,586,4957,1228,163,61,23,360,855.0,200,622,440,2.93,88,16,4,4059,1235,26,396,642,293,88.0,0.952,3.896523848019402,True,False,False,False,False,False,False,False,True,False,False,False,False,False,False,False,False,False,False,1388,NYM
BRO,1948,27,"G, R, AB, H, 2B, 3B, HR, BB, SO, SB, RA, ER, ERA, CG, SHO, SV, IPouts, HA, HRA, BBA, SOA, E, DP, FP, mlb_rpg, decade_1940, decade_1950",False,155,744,5328,1393,256,54,91,601,684.0,114,667,580,3.75,52,9,22,4176,1328,119,633,670,160,151.0,0.973,4.578819725141472,False,False,False,True,False,False,False,False,False,False,False,True,False,False,False,False,False,False,False,84,1116,1948,1940s,3,LAD,154,668,5173,1297,166,50,172,495,850.0,73,761,679,4.47,30,7,31,4104,1399,173,606,855,145,198.0,0.975,4.282591093117409,False,False,False,True,False,False,False,False,False,False,False,False,True,False,False,False,False,False,False,1126,LAD
SDN,2007,29,"G, R, AB, H, 2B, 3B, HR, BB, SO, SB, RA, ER, ERA, CG, SHO, SV, IPouts, HA, HRA, BBA, SOA, E, DP, FP, mlb_rpg, era_6, era_7, decade_1980, decade_2000",False,163,741,5612,1408,322,31,171,557,1229.0,55,666,611,3.7,1,20,45,4454,1406,119,474,1136,92,147.0,0.985,4.796791443850268,False,False,False,False,False,False,True,False,False,False,False,False,False,False,False,False,False,True,False,89,1849,2007,2000s,3,SDP,162,682,5546,1429,244,34,129,519,871.0,116,774,691,4.31,26,4,35,4326,1497,138,619,972,126,143.0,0.979,4.256769596199525,False,False,False,False,False,True,False,False,False,False,False,False,False,False,False,True,False,False,False,1865,SDP
CHA,1927,26,"G, R, AB, H, 2B, 3B, BB, SO, SB, RA, ER, ERA, CG, SHO, SV, IPouts, HA, HRA, BBA, SOA, E, DP, FP, mlb_rpg, decade_1920, decade_1930",False,153,662,5157,1433,285,61,36,493,389.0,90,708,594,3.91,85,10,8,4101,1467,55,440,365,180,131.0,0.971,4.75121359223301,False,True,False,False,False,False,False,False,False,True,False,False,False,False,False,False,False,False,False,70,525,1927,1920s,3,CHW,152,667,5336,1426,274,56,36,459,386.0,89,897,722,4.82,50,2,12,4044,1551,88,580,379,267,170.0,0.957,4.913219789132198,False,True,False,False,False,False,False,False,False,False,True,False,False,False,False,False,False,False,False,530,CHW
NYA,1937,28,"G, R, AB, H, 2B, 3B, HR, BB, SO, SB, RA, ER, ERA, CG, SHO, IPouts, HA, HRA, BBA, SOA, E, DP, FP, mlb_rpg, era_2, era_4, decade_1930, decade_1940",False,157,979,5487,1554,282,73,174,709,607.0,60,671,566,3.65,82,15,21,4188,1417,92,506,652,169,134.0,0.972,4.870863599677159,False,True,False,False,False,False,False,False,False,False,True,False,False,False,False,False,False,False,False,102,1417,1937,1930s,4,NYY,155,794,5308,1439,230,72,115,610,581.0,27,568,518,3.39,73,14,21,4122,1221,95,628,691,109,151.0,0.981,4.3551890587288815,False,False,False,True,False,False,False,False,False,False,False,True,False,False,False,False,False,False,False,1427,NYY
NYA,1929,27,"G, R, AB, H, 2B, 3B, HR, BB, SO, SB, RA, ER, ERA, CG, SHO, SV, IPouts, HA, HRA, BBA, SOA, E, DP, FP, mlb_rpg, decade_1920, decade_1940",False,154,899,5379,1587,262,74,142,554,518.0,51,775,636,4.19,64,12,18,4098,1475,83,485,484,179,152.0,0.97,5.185923515052888,False,True,False,False,False,False,False,False,False,True,False,False,False,False,False,False,False,False,False,88,1410,1929,1920s,3,NYY,155,817,5286,1371,243,66,155,648,606.0,59,671,593,3.89,76,10,14,4119,1389,119,511,559,152,158.0,0.975,4.679611650485437,False,True,False,False,False,False,False,False,False,False,False,True,False,False,False,False,False,False,False,1420,NYY
PHI,1971,28,"R, AB, H, 2B, 3B, HR, BB, SO, SB, RA, ER, ERA, CG, SHO, SV, IPouts, HA, HRA, BBA, SOA, E, DP, FP, mlb_rpg, era_5, era_6, decade_1970, decade_1980",False,162,558,5538,1289,209,35,123,499,1031.0,63,688,606,3.71,31,10,25,4410,1396,132,525,838,121,158.0,0.981,3.8888028895768834,False,False,False,False,True,False,False,False,False,False,False,False,False,False,True,False,False,False,False,67,1663,1971,1970s,2,PHI,162,667,5477,1343,238,47,141,527,1095.0,122,673,592,3.68,24,9,30,4341,1424,115,596,899,139,142.0,0.978,4.330955777460771,False,False,False,False,False,True,False,False,False,False,False,False,False,False,False,True,False,False,False,1676,PHI
DET,1911,28,"R, AB, H, 2B, 3B, HR, BB, SO, SB, RA, ER, ERA, CG, SHO, SV, IPouts, HA, HRA, BBA, SOA, E, DP, FP, mlb_rpg, era_1, era_2, decade_1910, decade_1920",False,154,831,5294,1544,230,96,30,471,855.0,276,776,575,3.73,108,8,3,4161,1514,28,460,538,312,78.0,0.951,4.512530315278901,True,False,False,False,False,False,False,False,True,False,False,False,False,False,False,False,False,False,False,89,854,1911,1910s,3,COL,154,883,5461,1724,268,100,58,582,376.0,95,852,678,4.4,73,4,16,4158,1634,71,495,452,231,107.0,0.964,4.855573637103336,False,True,False,False,False,False,False,False,False,True,False,False,False,False,False,False,False,False,False,862,DET
SDN,1971,27,"R, H, 2B, 3B, HR, BB, SO, SB, RA, ER, ERA, CG, SHO, SV, IPouts, HA, HRA, BBA, SOA, E, DP, FP, mlb_rpg, era_5, era_6, decade_1970, decade_1980",False,161,486,5366,1250,184,31,96,438,966.0,70,610,514,3.22,47,10,17,4314,1351,93,559,923,161,144.0,0.974,3.8888028895768834,False,False,False,False,True,False,False,False,False,False,False,False,False,False,True,False,False,False,False,61,1816,1971,1970s,2,PIT,161,594,5366,1325,205,35,94,494,892.0,123,583,528,3.28,30,9,39,4347,1332,112,439,885,116,147.0,0.981,4.138095238095239,False,False,False,False,False,True,False,False,False,False,False,False,False,False,False,True,False,False,False,1832,SDP
CIN,1983,24,"R, AB, H, 2B, 3B, HR, BB, SB, RA, ER, ERA, CG, SHO, SV, IPouts, HA, HRA, BBA, SOA, E, DP, FP, decade_1980, decade_1990",False,162,623,5333,1274,236,35,107,588,1006.0,154,710,637,3.98,34,5,29,4323,1365,135,627,934,114,121.0,0.981,4.307728781412992,False,False,False,False,False,True,False,False,False,False,False,False,False,False,False,True,False,False,False,74,686,1983,1980s,3,CIN,162,689,5501,1419,250,27,164,488,1006.0,124,691,613,3.83,7,11,43,4320,1372,127,560,997,125,131.0,0.979,4.307747148288973,False,False,False,False,False,True,False,False,False,False,False,False,False,False,False,False,True,False,False,694,CIN
TEX,2008,28,"R, AB, H, 2B, 3B, HR, BB, SO, SB, RA, ER, ERA, CG, SHO, SV, IPouts, HA, HRA, BBA, SOA, E, DP, FP, mlb_rpg, era_6, era_7, decade_1990, decade_2000",False,162,901,5728,1619,376,35,194,595,1207.0,81,967,860,5.37,6,8,36,4326,1647,176,625,963,132,191.0,0.978,4.650947281713345,False,False,False,False,False,False,True,False,False,False,False,False,False,False,False,False,False,True,False,79,2175,2008,2000s,3,TEX,162,684,5489,1412,295,45,133,499,1043.0,148,622,569,3.5,10,16,60,4386,1301,121,523,971,127,115.0,0.98,4.307747148288973,False,False,False,False,False,True,False,False,False,False,False,False,False,False,False,False,True,False,False,2197,TEX
SDN,1972,28,"G, R, AB, H, 2B, 3B, HR, BB, SO, SB, RA, ER, ERA, CG, SHO, SV, IPouts, HA, HRA, BBA, SOA, E, DP, mlb_rpg, era_5, era_6, decade_1970, decade_1980",False,153,488,5213,1181,168,38,102,407,976.0,78,665,589,3.78,39,17,19,4209,1350,121,618,960,144,146.0,0.976,3.686390532544378,False,False,False,False,True,False,False,False,False,False,False,False,False,False,True,False,False,False,False,58,1817,1972,1970s,2,PIT,162,642,5422,1360,215,32,120,552,1013.0,136,626,547,3.38,21,11,52,4371,1359,133,481,933,152,147.0,0.976,4.132241215574549,False,False,False,False,False,True,False,False,False,False,False,False,False,False,False,True,False,False,False,1833,SDP
NYN,1974,28,"R, AB, H, 2B, 3B, HR, BB, SO, SB, RA, ER, ERA, CG, SHO, SV, IPouts, HA, HRA, BBA, SOA, E, DP, FP, mlb_rpg, era_5, era_6, decade_1970, decade_1980",False,162,572,5468,1286,183,22,96,597,735.0,43,646,559,3.42,46,15,14,4410,1433,99,504,908,158,150.0,0.975,4.124935732647815,False,False,False,False,True,False,False,False,False,False,False,False,False,False,True,False,False,False,False,71,1347,1974,1970s,3,NYM,162,695,5549,1425,239,35,134,546,872.0,117,568,514,3.11,32,19,37,4464,1306,111,515,1039,115,138.0,0.982,4.330955777460771,False,False,False,False,False,True,False,False,False,False,False,False,False,False,False,True,False,False,False,1357,NYM
HOU,1966,27,"G, R, AB, H, 2B, 3B, HR, BB, SO, SB, RA, ER, ERA, CG, SHO, SV, IPouts, HA, HRA, BBA, SOA, E, DP, FP, mlb_rpg, decade_1960, decade_1970",False,163,612,5511,1405,203,35,112,491,885.0,90,695,603,3.76,34,13,26,4329,1468,130,391,929,174,126.0,0.972,3.993808049535603,False,False,False,False,True,False,False,False,False,False,False,False,False,True,False,False,False,False,False,72,981,1966,1960s,3,FLA,162,653,5489,1441,222,41,110,471,864.0,108,632,557,3.46,36,18,18,4350,1396,84,601,738,108,161.0,0.983,4.124935732647815,False,False,False,False,True,False,False,False,False,False,False,False,False,False,True,False,False,False,False,989,HOU
HOU,1978,26,"R, AB, H, 2B, 3B, HR, BB, SO, SB, RA, ER, ERA, CG, SHO, SV, IPouts, HA, HRA, BBA, SOA, E, DP, FP, mlb_rpg, decade_1970, decade_1980",False,162,605,5458,1408,231,45,70,434,743.0,178,634,581,3.63,48,17,23,4320,1328,86,578,930,132,109.0,0.978,4.103472882968601,False,False,False,False,False,True,False,False,False,False,False,False,False,False,True,False,False,False,False,74,993,1978,1970s,3,HOU,162,648,5485,1386,238,28,122,526,936.0,162,678,615,3.84,13,13,33,4323,1363,141,525,1137,115,113.0,0.981,4.722802850356294,False,False,False,False,False,True,False,False,False,False,False,False,False,False,False,True,False,False,False,1001,HOU
CHA,2014,29,"G, R, AB, H, 2B, 3B, HR, BB, SO, SB, RA, ER, ERA, CG, SHO, SV, IPouts, HA, HRA, BBA, SOA, E, DP, FP, mlb_rpg, era_1, era_8, decade_1910, decade_2010",False,162,660,5543,1400,279,32,155,417,1362.0,85,758,687,4.29,3,6,36,4323,1468,140,557,1152,107,170.0,0.982,4.0660493827160495,False,False,False,False,False,False,False,True,False,False,False,False,False,False,False,False,False,False,True,73,607,2014,2010s,3,CHW,155,533,5025,1198,140,71,16,395,855.0,170,582,409,2.69,126,12,5,4107,1248,14,470,567,260,97.0,0.959,3.607282184655397,True,False,False,False,False,False,False,False,True,False,False,False,False,False,False,False,False,False,False,612,CHW
BAL,2008,28,"G, R, AB, H, 2B, 3B, HR, BB, SO, RA, ER, ERA, CG, SHO, SV, IPouts, HA, HRA, BBA, SOA, E, DP, FP, mlb_rpg, era_7, era_8, decade_2000, decade_2010",False,161,782,5559,1486,322,30,172,533,990.0,81,869,810,5.13,4,4,35,4266,1538,184,687,922,100,163.0,0.983,4.650947281713345,False,False,False,False,False,False,True,False,False,False,False,False,False,False,False,False,False,True,False,68,280,2008,2000s,2,BAL,162,708,5585,1434,273,13,191,452,1120.0,81,860,786,4.89,3,7,32,4340,1568,210,535,1044,110,159.0,0.982,4.283244133388226,False,False,False,False,False,False,False,True,False,False,False,False,False,False,False,False,False,False,True,283,BAL
KCA,2004,28,"R, AB, H, 2B, 3B, HR, BB, SO, SB, RA, ER, ERA, CG, SHO, SV, IPouts, HA, HRA, BBA, SOA, E, DP, FP, mlb_rpg, era_7, era_8, decade_2000, decade_2010",False,162,720,5538,1432,261,29,150,461,1057.0,67,905,813,5.15,6,3,25,4261,1638,208,518,887,131,169.0,0.978,4.813838550247117,False,False,False,False,False,False,True,False,False,False,False,False,False,False,False,False,False,True,False,58,1061,2004,2000s,2,KCR,162,676,5636,1492,295,37,131,404,1032.0,132,746,693,4.3,2,12,44,4354,1504,163,542,1177,113,171.0,0.981,4.324485596707819,False,False,False,False,False,False,False,True,False,False,False,False,False,False,False,False,False,False,True,1069,KCR
SLN,1955,28,"G, R, AB, H, 2B, 3B, HR, BB, SO, SB, RA, ER, ERA, CG, SV, IPouts, HA, HRA, BBA, SOA, E, DP, FP, mlb_rpg, era_4, era_6, decade_1950, decade_1970",False,154,654,5266,1375,228,36,143,458,597.0,64,757,697,4.56,42,10,15,4128,1376,185,549,730,146,152.0,0.975,4.485008103727715,False,False,False,True,False,False,False,False,False,False,False,False,True,False,False,False,False,False,False,68,2053,1955,1950s,2,STL,162,737,5527,1490,252,56,96,489,823.0,134,688,612,3.81,26,10,31,4338,1420,139,532,768,139,174.0,0.978,4.470518307180218,False,False,False,False,False,True,False,False,False,False,False,False,False,False,True,False,False,False,False,2075,STL
CHA,1920,23,"R, AB, H, 2B, 3B, HR, BB, SO, SB, RA, ER, ERA, CG, SHO, SV, IPouts, HA, HRA, BBA, SOA, E, DP, mlb_rpg",False,154,794,5328,1574,263,98,37,471,353.0,112,665,553,3.59,109,9,10,4158,1467,45,405,438,194,142.0,0.969,4.360615883306321,False,True,False,False,False,False,False,False,False,True,False,False,False,False,False,False,False,False,False,96,518,1920,1920s,4,CHW,154,811,5224,1482,299,59,38,662,405.0,129,770,660,4.29,71,12,13,4155,1579,69,489,374,198,162.0,0.969,5.128664495114006,False,True,False,False,False,False,False,False,False,True,False,False,False,False,False,False,False,False,False,523,CHW
PHA,1950,27,"G, R, AB, H, 2B, 3B, HR, BB, SO, SB, RA, ER, ERA, CG, SHO, SV, IPouts, HA, HRA, BBA, SOA, E, DP, FP, mlb_rpg, decade_1950, decade_1960",False,154,670,5212,1361,204,53,100,685,493.0,42,913,821,5.49,50,3,18,4038,1528,138,729,466,155,208.0,0.974,4.851777059773829,False,False,False,True,False,False,False,False,False,False,False,False,True,False,False,False,False,False,False,52,1536,1950,1950s,2,OAK,155,615,5226,1303,212,34,110,513,744.0,16,756,669,4.38,44,4,14,4122,1428,160,525,664,127,149.0,0.979,4.313915857605178,False,False,False,True,False,False,False,False,False,False,False,False,False,True,False,False,False,False,False,1546,OAK
HOU,2008,29,"G, R, AB, H, 2B, 3B, HR, BB, SO, SB, RA, ER, ERA, CG, SHO, SV, IPouts, HA, HRA, BBA, SOA, E, DP, FP, mlb_rpg, era_7, era_8, decade_2000, decade_2010",False,161,712,5451,1432,284,22,167,449,1051.0,114,743,691,4.36,4,13,48,4276,1453,197,492,1095,67,142.0,0.989,4.650947281713345,False,False,False,False,False,False,True,False,False,False,False,False,False,False,False,False,False,True,False,86,1020,2008,2000s,3,HOU,162,724,5545,1367,291,29,198,554,1452.0,102,701,663,4.06,2,8,44,4404,1441,181,453,1396,77,135.0,0.987,4.477759472817134,False,False,False,False,False,False,False,True,False,False,False,False,False,False,False,False,False,False,True,1028,HOU
CIN,1936,29,"G, R, AB, H, 2B, 3B, HR, BB, SO, SB, RA, ER, ERA, CG, SHO, SV, IPouts, HA, HRA, BBA, SOA, E, DP, FP, mlb_rpg, era_2, era_3, decade_1930, decade_1940",False,154,722,5393,1476,224,73,82,410,584.0,68,760,641,4.22,50,6,23,4101,1576,51,418,459,191,150.0,0.969,5.188206785137318,False,True,False,False,False,False,False,False,False,False,True,False,False,False,False,False,False,False,False,74,640,1936,1930s,3,CIN,155,573,5271,1340,229,31,51,423,391.0,51,537,461,2.97,93,17,12,4194,1292,60,390,369,138,153.0,0.978,4.167874396135265,False,False,True,False,False,False,False,False,False,False,False,True,False,False,False,False,False,False,False,648,CIN
MIL,2009,29,"G, R, AB, H, 2B, 3B, HR, BB, SO, SB, RA, ER, ERA, CG, SHO, SV, IPouts, HA, HRA, BBA, SOA, E, DP, FP, mlb_rpg, era_1, era_7, decade_1910, decade_2000",False,162,785,5510,1447,281,37,182,610,1231.0,68,818,770,4.83,1,8,44,4305,1498,207,607,1104,98,149.0,0.984,4.612962962962963,False,False,False,False,False,False,True,False,False,False,False,False,False,False,False,False,False,True,False,80,1219,2009,2000s,3,MIL,151,518,4956,1180,144,65,26,306,855.0,233,664,477,3.25,115,13,1,3966,1331,15,451,558,273,78.0,0.955,3.607282184655397,True,False,False,False,False,False,False,False,True,False,False,False,False,False,False,False,False,False,False,1229,MIL
NY1,1950,29,"G, R, AB, H, 2B, 3B, HR, BB, SO, SB, RA, ER, ERA, CG, SHO, SV, IPouts, HA, HRA, BBA, SOA, E, DP, FP, mlb_rpg, era_4, era_5, decade_1950, decade_1960",False,154,735,5238,1352,204,50,133,627,629.0,42,643,567,3.71,70,19,15,4125,1268,140,536,596,137,181.0,0.977,4.851777059773829,False,False,False,True,False,False,False,False,False,False,False,False,True,False,False,False,False,False,False,86,1940,1950,1950s,3,SFG,162,713,5474,1325,187,28,136,711,1054.0,71,636,534,3.26,71,15,17,4419,1381,120,461,906,169,155.0,0.974,4.07245632065776,False,False,False,False,True,False,False,False,False,False,False,False,False,True,False,False,False,False,False,1959,SFG
ATL,1997,25,"R, AB, 2B, 3B, HR, BB, SO, SB, RA, ER, ERA, CG, SHO, SV, IPouts, HA, HRA, BBA, SOA, E, DP, FP, mlb_rpg, decade_1990, decade_2000",False,162,791,5528,1490,268,37,174,597,1160.0,108,581,518,3.18,21,17,37,4395,1319,111,450,1196,114,136.0,0.982,4.766990291262136,False,False,False,False,False,False,True,False,False,False,False,False,False,False,False,False,True,False,False,101,161,1997,1990s,4,ATL,162,810,5489,1490,274,26,179,595,1010.0,148,714,648,4.05,13,9,53,4321,1428,165,484,1093,129,138.0,0.979,5.140181144503911,False,False,False,False,False,False,True,False,False,False,False,False,False,False,False,False,False,True,False,164,ATL
TOR,2001,28,"R, AB, H, 2B, 3B, HR, BB, SO, SB, RA, ER, ERA, CG, SHO, SV, IPouts, HA, HRA, BBA, SOA, E, DP, FP, mlb_rpg, era_5, era_7, decade_1970, decade_2000",False,162,767,5663,1489,287,36,195,470,1094.0,156,753,696,4.28,7,10,41,4388,1553,165,490,1041,97,184.0,0.985,4.7754219843557015,False,False,False,False,False,False,True,False,False,False,False,False,False,False,False,False,False,True,False,80,2205,2001,2000s,3,TEX,162,601,5518,1346,216,31,98,579,954.0,108,690,612,3.72,30,12,25,4440,1448,102,665,831,180,179.0,0.973,4.21277145811789,False,False,False,False,True,False,False,False,False,False,False,False,False,False,True,False,False,False,False,2227,TOR
NY1,1930,29,"G, R, AB, H, 2B, 3B, HR, BB, SO, SB, RA, ER, ERA, CG, SHO, SV, IPouts, HA, HRA, BBA, SOA, E, DP, FP, mlb_rpg, era_2, era_4, decade_1930, decade_1940",False,154,959,5553,1769,264,83,143,422,382.0,59,814,698,4.61,64,6,19,4089,1546,117,439,522,164,164.0,0.974,5.549027552674231,False,True,False,False,False,False,False,False,False,False,True,False,False,False,False,False,False,False,False,87,1920,1930,1930s,3,SFG,156,736,5308,1383,203,52,147,613,523.0,43,693,583,3.82,68,10,9,4122,1328,132,544,516,163,134.0,0.973,4.607258064516129,False,False,False,True,False,False,False,False,False,False,False,True,False,False,False,False,False,False,False,1939,SFG
NYA,1966,26,"G, R, AB, H, 2B, HR, BB, SO, SB, RA, ER, ERA, CG, SHO, SV, IPouts, HA, HRA, BBA, SOA, E, DP, FP, mlb_rpg, decade_1960, decade_1970",False,160,611,5330,1254,182,36,162,485,817.0,49,612,536,3.41,29,7,32,4245,1318,124,443,842,142,142.0,0.977,3.993808049535603,False,False,False,False,True,False,False,False,False,False,False,False,False,True,False,False,False,False,False,70,1446,1966,1960s,3,NYY,159,730,5555,1496,231,36,120,470,616.0,163,575,516,3.19,62,15,37,4365,1300,97,448,674,126,141.0,0.98,3.99484270242393,False,False,False,False,True,False,False,False,False,False,False,False,False,False,True,False,False,False,False,1456,NYY
CHN,1912,24,"G, R, AB, H, 2B, 3B, HR, BB, SO, SB, RA, ER, ERA, CG, SHO, IPouts, HA, HRA, BBA, SOA, E, DP, FP, mlb_rpg",False,152,756,5048,1398,245,90,43,560,615.0,164,668,516,3.42,80,15,9,4074,1307,33,493,554,249,125.0,0.96,4.526785714285714,True,False,False,False,False,False,False,False,True,False,False,False,False,False,False,False,False,False,False,91,404,1912,1910s,4,CHC,157,552,5135,1229,194,67,17,415,599.0,127,567,409,2.62,79,16,9,4212,1303,34,374,654,267,121.0,0.959,3.587810745789896,True,False,False,False,False,False,False,False,True,False,False,False,False,False,False,False,False,False,False,409,CHC
CHN,1963,25,"G, R, AB, H, 2B, 3B, HR, BB, SO, SB, RA, ER, ERA, CG, SHO, SV, IPouts, HA, HRA, BBA, SOA, E, DP, FP, mlb_rpg",False,162,570,5404,1286,205,44,127,439,1049.0,68,578,499,3.08,45,15,28,4371,1357,119,400,851,155,172.0,0.976,3.946880790611488,False,False,False,False,True,False,False,False,False,False,False,False,False,True,False,False,False,False,False,82,453,1963,1960s,3,CHC,163,612,5458,1319,203,43,130,415,854.0,41,611,551,3.41,46,12,32,4359,1399,138,392,894,119,149.0,0.981,3.4181538461538463,False,False,False,False,True,False,False,False,False,False,False,False,False,True,False,False,False,False,False,458,CHC
SLN,1952,27,"G, AB, H, 2B, 3B, HR, BB, SO, SB, RA, ER, ERA, CG, SHO, SV, IPouts, HA, HRA, BBA, SOA, E, DP, mlb_rpg, era_4, era_5, decade_1950, decade_1970",False,154,677,5200,1386,247,54,97,537,479.0,33,630,553,3.66,49,12,27,4083,1274,119,501,712,141,159.0,0.977,4.17635189669088,False,False,False,True,False,False,False,False,False,False,False,False,True,False,False,False,False,False,False,88,2050,1952,1950s,3,STL,161,677,5620,1492,216,46,83,531,752.0,172,643,570,3.48,37,13,20,4419,1399,97,616,794,147,192.0,0.977,4.124935732647815,False,False,False,False,True,False,False,False,False,False,False,False,False,False,True,False,False,False,False,2072,STL
PIT,2006,28,"R, AB, H, 2B, 3B, HR, BB, SO, SB, RA, ER, ERA, CG, SHO, SV, IPouts, HA, HRA, BBA, SOA, E, DP, FP, mlb_rpg, era_5, era_7, decade_1970, decade_2000",False,162,691,5558,1462,286,17,141,459,1200.0,68,797,720,4.52,2,10,39,4305,1545,156,620,1060,104,168.0,0.983,4.857760395224372,False,False,False,False,False,False,True,False,False,False,False,False,False,False,False,False,False,True,False,67,1803,2006,2000s,2,PIT,162,541,5415,1239,196,27,99,564,900.0,85,830,735,4.58,25,7,19,4335,1536,124,715,855,170,126.0,0.973,4.124935732647815,False,False,False,False,True,False,False,False,False,False,False,False,False,False,True,False,False,False,False,1819,PIT
SDN,2002,29,"G, R, AB, H, 2B, 3B, HR, BB, SO, SB, RA, ER, ERA, CG, SHO, SV, IPouts, HA, HRA, BBA, SOA, E, DP, FP, mlb_rpg, era_6, era_7, decade_1970, decade_2000",False,162,662,5515,1393,243,29,136,547,1062.0,71,815,737,4.62,5,10,40,4309,1522,177,582,1108,128,162.0,0.979,4.618301731244848,False,False,False,False,False,False,True,False,False,False,False,False,False,False,False,False,False,True,False,66,1844,2002,2000s,2,SDP,160,614,5358,1327,229,37,97,522,702.0,123,834,736,4.67,28,4,20,4257,1540,155,567,630,141,174.0,0.978,4.103472882968601,False,False,False,False,False,True,False,False,False,False,False,False,False,False,True,False,False,False,False,1860,SDP
NYN,2000,27,"R, AB, H, 2B, 3B, HR, BB, SO, SB, RA, ER, ERA, SHO, SV, IPouts, HA, HRA, BBA, SOA, E, DP, FP, mlb_rpg, era_7, era_8, decade_2000, decade_2010",False,162,807,5486,1445,281,20,198,675,1037.0,66,738,670,4.16,8,10,49,4350,1398,164,574,1164,118,121.0,0.98,5.140181144503911,False,False,False,False,False,False,True,False,False,False,False,False,False,False,False,False,False,True,False,94,1370,2000,2000s,4,NYM,162,656,5465,1361,266,40,128,502,1095.0,130,652,597,3.7,8,19,36,4359,1438,135,545,1106,87,159.0,0.986,4.384362139917696,False,False,False,False,False,False,False,True,False,False,False,False,False,False,False,False,False,False,True,1380,NYM
BOS,1909,23,"G, R, AB, H, 2B, 3B, HR, BB, SB, RA, ER, ERA, CG, SHO, SV, IPouts, HA, BBA, SOA, E, DP, FP, mlb_rpg",False,152,597,4979,1307,151,69,20,348,855.0,215,550,391,2.59,75,11,15,4080,1214,18,384,555,291,95.0,0.955,3.5475423045930703,True,False,False,False,False,False,False,False,True,False,False,False,False,False,False,False,False,False,False,88,294,1909,1900s,3,BOS,154,799,5071,1404,269,84,29,565,855.0,185,544,418,2.76,108,18,6,4086,1243,18,385,712,266,88.0,0.957,4.526785714285714,True,False,False,False,False,False,False,False,True,False,False,False,False,False,False,False,False,False,False,297,BOS
PHI,2007,29,"G, R, AB, H, 2B, 3B, HR, BB, SO, SB, RA, ER, ERA, CG, SHO, SV, IPouts, HA, HRA, BBA, SOA, E, DP, FP, mlb_rpg, era_1, era_7, decade_1910, decade_2000",False,162,892,5688,1558,326,41,213,641,1205.0,138,821,767,4.73,5,5,42,4375,1555,198,558,1050,89,162.0,0.986,4.796791443850268,False,False,False,False,False,False,True,False,False,False,False,False,False,False,False,False,False,True,False,89,1696,2007,2000s,3,PHI,157,634,4957,1261,133,78,19,469,855.0,264,510,348,2.3,111,24,5,4089,1207,12,368,497,253,75.0,0.959,3.533016832110488,True,False,False,False,False,False,False,False,True,False,False,False,False,False,False,False,False,False,False,1709,PHI
DET,1912,27,"G, R, AB, H, 2B, 3B, HR, SO, SB, RA, ER, ERA, CG, SV, IPouts, HA, HRA, BBA, SOA, E, DP, FP, mlb_rpg, era_1, era_2, decade_1910, decade_1920",False,154,720,5143,1376,189,86,19,530,855.0,270,777,573,3.77,107,7,5,4101,1438,16,521,512,330,91.0,0.95,4.526785714285714,True,False,False,False,False,False,False,False,True,False,False,False,False,False,False,False,False,False,False,69,855,1912,1910s,2,DET,155,828,5360,1641,250,87,54,530,378.0,78,791,660,4.27,67,7,15,4173,1554,62,473,461,192,135.0,0.97,4.870355411954765,False,True,False,False,False,False,False,False,False,True,False,False,False,False,False,False,False,False,False,863,DET
CIN,1938,29,"G, R, AB, H, 2B, 3B, HR, BB, SO, SB, RA, ER, ERA, CG, SHO, SV, IPouts, HA, HRA, BBA, SOA, E, DP, FP, mlb_rpg, era_2, era_4, decade_1930, decade_1940",False,151,723,5391,1495,251,57,110,366,518.0,19,634,548,3.62,72,11,16,4086,1329,75,463,542,169,133.0,0.972,4.902046147148455,False,True,False,False,False,False,False,False,False,False,True,False,False,False,False,False,False,False,False,82,642,1938,1930s,3,CIN,156,523,5291,1262,206,33,65,493,604.0,82,570,484,3.08,69,17,11,4239,1334,70,467,506,152,192.0,0.976,4.006843800322061,False,False,False,True,False,False,False,False,False,False,False,True,False,False,False,False,False,False,False,650,CIN
NYA,2003,28,"G, R, AB, H, 2B, 3B, HR, BB, SO, SB, RA, ER, ERA, CG, SHO, IPouts, HA, HRA, BBA, SOA, E, DP, FP, mlb_rpg, era_7, era_8, decade_2000, decade_2010",False,163,877,5605,1518,304,14,230,684,1042.0,98,716,653,4.02,8,12,49,4386,1512,145,375,1119,114,126.0,0.981,4.72798353909465,False,False,False,False,False,False,True,False,False,False,False,False,False,False,False,False,False,True,False,101,1480,2003,2000s,4,NYY,162,650,5449,1321,247,24,144,466,1214.0,115,671,633,3.94,7,10,49,4342,1452,171,437,1233,69,139.0,0.988,4.165981077745784,False,False,False,False,False,False,False,True,False,False,False,False,False,False,False,False,False,False,True,1490,NYY
MIN,1962,29,"G, R, AB, H, 2B, 3B, HR, BB, SO, SB, RA, ER, ERA, CG, SHO, SV, IPouts, HA, HRA, BBA, SOA, E, DP, FP, mlb_rpg, era_4, era_5, decade_1960, decade_1970",False,163,798,5561,1445,215,39,185,649,823.0,33,713,632,3.89,53,11,27,4389,1400,166,493,948,129,173.0,0.979,4.460518198642813,False,False,False,True,False,False,False,False,False,False,False,False,False,True,False,False,False,False,False,91,1283,1962,1960s,4,MIN,154,537,5234,1277,182,31,93,478,905.0,53,535,441,2.84,37,17,34,4197,1188,105,444,838,159,133.0,0.974,3.686390532544378,False,False,False,False,True,False,False,False,False,False,False,False,False,False,True,False,False,False,False,1293,MIN
NYA,1920,26,"R, AB, H, 2B, 3B, HR, BB, SO, SB, RA, ER, ERA, CG, SHO, SV, IPouts, HA, HRA, BBA, SOA, E, DP, FP, mlb_rpg, decade_1920, decade_1930",False,154,838,5176,1448,268,71,115,539,626.0,64,629,505,3.32,88,15,11,4104,1414,48,420,480,193,129.0,0.97,4.360615883306321,False,True,False,False,False,False,False,False,False,True,False,False,False,False,False,False,False,False,False,95,1401,1920,1920s,4,NYY,154,1062,5448,1683,298,110,152,644,569.0,91,898,741,4.88,65,7,15,4101,1566,93,524,572,208,132.0,0.965,5.549027552674231,False,True,False,False,False,False,False,False,False,False,True,False,False,False,False,False,False,False,False,1411,NYY
SLN,1941,29,"G, R, AB, H, 2B, 3B, HR, BB, SO, SB, RA, ER, ERA, CG, SHO, SV, IPouts, HA, HRA, BBA, SOA, E, DP, FP, mlb_rpg, era_2, era_5, decade_1940, decade_1960",False,155,734,5457,1482,254,56,70,540,543.0,47,589,502,3.19,64,15,20,4248,1289,85,502,659,171,146.0,0.973,4.488745980707395,False,True,False,False,False,False,False,False,False,False,False,True,False,False,False,False,False,False,False,97,2039,1941,1940s,4,STL,162,747,5678,1540,231,66,128,458,915.0,77,628,540,3.32,49,17,32,4389,1329,124,463,978,147,136.0,0.976,3.946880790611488,False,False,False,False,True,False,False,False,False,False,False,False,False,True,False,False,False,False,False,2061,STL
PHI,1972,29,"G, R, AB, H, 2B, 3B, HR, BB, SO, SB, RA, ER, ERA, CG, SHO, SV, IPouts, HA, HRA, BBA, SOA, E, DP, FP, mlb_rpg, era_5, era_6, decade_1970, decade_1980",False,156,503,5248,1240,200,36,98,487,930.0,42,635,569,3.66,43,13,15,4200,1318,117,536,927,116,142.0,0.981,3.686390532544378,False,False,False,False,True,False,False,False,False,False,False,False,False,False,True,False,False,False,False,59,1664,1972,1970s,2,PHI,161,739,5483,1386,266,39,154,589,1154.0,153,713,621,3.85,22,11,39,4353,1473,130,553,874,137,157.0,0.978,4.409177365668093,False,False,False,False,False,True,False,False,False,False,False,False,False,False,False,True,False,False,False,1677,PHI
OAK,2015,29,"G, R, AB, H, 2B, 3B, HR, BB, SO, SB, RA, ER, ERA, CG, SHO, SV, IPouts, HA, HRA, BBA, SOA, E, DP, FP, mlb_rpg, era_1, era_8, decade_1910, decade_2010",False,162,694,5600,1405,277,46,146,475,1119.0,78,729,664,4.14,5,15,28,4334,1402,172,474,1179,126,154.0,0.979,4.250102923013586,False,False,False,False,False,False,False,True,False,False,False,False,False,False,False,False,False,False,True,68,1598,2015,2010s,2,OAK,159,693,5400,1433,257,78,73,383,578.0,156,636,509,3.15,77,20,11,4365,1407,40,512,667,213,112.0,0.968,4.037277147487845,True,False,False,False,False,False,False,False,True,False,False,False,False,False,False,False,False,False,False,1608,OAK
SDN,1975,28,"R, AB, H, 2B, 3B, HR, BB, SO, SB, RA, ER, ERA, CG, SHO, SV, IPouts, HA, HRA, BBA, SOA, E, DP, FP, mlb_rpg, era_5, era_6, decade_1970, decade_1990",False,162,552,5429,1324,215,22,78,506,754.0,85,683,566,3.48,40,12,20,4389,1494,99,521,713,188,163.0,0.971,4.21277145811789,False,False,False,False,True,False,False,False,False,False,False,False,False,False,True,False,False,False,False,71,1820,1975,1970s,3,PIT,162,617,5476,1396,255,30,135,453,864.0,69,636,578,3.56,9,11,46,4383,1444,111,439,971,115,127.0,0.982,4.1170465337132,False,False,False,False,False,True,False,False,False,False,False,False,False,False,False,False,True,False,False,1836,SDP
PIT,1923,27,"G, R, AB, H, 2B, 3B, HR, BB, SO, SB, RA, ER, ERA, CG, SHO, SV, IPouts, HA, HRA, BBA, SOA, E, DP, FP, mlb_rpg, decade_1920, decade_1930",False,154,786,5405,1592,224,111,49,407,362.0,154,696,592,3.87,92,5,9,4128,1513,53,402,414,179,157.0,0.971,4.815085158150851,False,True,False,False,False,False,False,False,False,True,False,False,False,False,False,False,False,False,False,87,1723,1923,1920s,3,PIT,153,666,5269,1453,261,60,63,477,420.0,44,721,624,4.15,53,10,15,4062,1537,70,423,464,168,153.0,0.972,4.823720552396425,False,True,False,False,False,False,False,False,False,False,True,False,False,False,False,False,False,False,False,1739,PIT
NYA,2008,29,"G, R, AB, H, 2B, 3B, HR, BB, SO, SB, RA, ER, ERA, CG, SHO, SV, IPouts, HA, HRA, BBA, SOA, E, DP, FP, mlb_rpg, era_1, era_7, decade_1910, decade_2000",False,162,789,5572,1512,289,20,180,535,1015.0,118,727,685,4.28,1,11,42,4325,1478,143,489,1141,83,141.0,0.986,4.650947281713345,False,False,False,False,False,False,True,False,False,False,False,False,False,False,False,False,False,True,False,89,1485,2008,2000s,3,NYY,152,623,5146,1310,256,51,24,376,855.0,190,492,337,2.19,117,19,0,4149,1137,21,409,895,265,95.0,0.957,3.896523848019402,True,False,False,False,False,False,False,False,True,False,False,False,False,False,False,False,False,False,False,1495,NYY
SEA,2003,29,"G, R, AB, H, 2B, 3B, HR, BB, SO, SB, RA, ER, ERA, CG, SHO, SV, IPouts, HA, HRA, BBA, SOA, E, DP, FP, mlb_rpg, era_1, era_7, decade_1910, decade_2000",False,162,795,5561,1509,290,33,139,586,989.0,108,637,602,3.76,8,15,38,4323,1340,173,466,1001,65,159.0,0.989,4.72798353909465,False,False,False,False,False,False,True,False,False,False,False,False,False,False,False,False,False,True,False,93,1882,2003,2000s,4,SEA,153,625,4768,1217,162,53,15,563,855.0,288,510,369,2.49,105,19,18,4002,1207,13,394,639,228,84.0,0.964,3.607282184655397,True,False,False,False,False,False,False,False,True,False,False,False,False,False,False,False,False,False,False,1898,SEA
CHN,1906,25,"G, R, AB, H, 2B, 3B, HR, BB, SO, SB, RA, ER, ERA, CG, SHO, SV, IPouts, HA, HRA, BBA, SOA, E, DP, FP, mlb_rpg",False,155,705,5018,1316,181,71,20,448,855.0,283,381,270,1.75,125,30,10,4164,1018,12,446,702,190,100.0,0.97,3.607282184655397,True,False,False,False,False,False,False,False,True,False,False,False,False,False,False,False,False,False,False,116,398,1906,1900s,5,BOS,157,757,5130,1335,218,101,54,585,617.0,214,607,455,2.9,85,12,16,4233,1270,26,525,582,260,114.0,0.96,4.512530315278901,True,False,False,False,False,False,False,False,True,False,False,False,False,False,False,False,False,False,False,403,CHC
OAK,1986,28,"R, AB, H, 2B, 3B, HR, BB, SO, SB, RA, ER, ERA, CG, SHO, SV, IPouts, HA, HRA, BBA, SOA, E, DP, FP, mlb_rpg, era_6, era_7, decade_1980, decade_1990",False,162,731,5435,1370,213,25,163,553,983.0,139,760,686,4.31,22,8,37,4299,1334,166,667,937,135,120.0,0.978,4.409177365668093,False,False,False,False,False,True,False,False,False,False,False,False,False,False,False,True,False,False,False,76,1571,1986,1980s,3,OAK,162,804,5490,1413,295,13,149,633,1122.0,131,866,770,4.83,12,4,39,4302,1555,179,529,922,141,155.0,0.977,4.789679276315789,False,False,False,False,False,False,True,False,False,False,False,False,False,False,False,False,True,False,False,1581,OAK
CLE,1997,26,"G, R, AB, H, 2B, 3B, HR, BB, SO, SB, RA, ER, ERA, CG, SHO, SV, IPouts, HA, HRA, BBA, SOA, E, DP, mlb_rpg, decade_1990, decade_2000",False,161,868,5556,1589,301,22,220,617,955.0,118,815,749,4.73,4,3,39,4275,1528,181,575,1036,108,159.0,0.983,4.766990291262136,False,False,False,False,False,False,True,False,False,False,False,False,False,False,False,False,True,False,False,86,805,1997,1990s,3,CLE,162,790,5609,1522,337,30,207,503,1093.0,62,642,582,3.61,6,10,51,4358,1363,157,413,1050,106,156.0,0.983,4.591731797614151,False,False,False,False,False,False,True,False,False,False,False,False,False,False,False,False,False,True,False,813,CLE
CHN,2016,29,"G, R, AB, H, 2B, 3B, HR, BB, SO, SB, RA, ER, ERA, CG, SHO, SV, IPouts, HA, HRA, BBA, SOA, E, DP, FP, mlb_rpg, era_1, era_8, decade_1910, decade_2010",False,162,808,5503,1409,293,30,199,656,1339.0,66,556,511,3.15,5,15,38,4379,1125,163,495,1441,101,116.0,0.983,4.477759472817134,False,False,False,False,False,False,False,True,False,False,False,False,False,False,False,False,False,False,True,103,503,2016,2010s,4,CHC,156,537,5027,1127,145,41,3,463,855.0,209,470,349,2.22,107,23,10,4242,1170,11,284,623,233,82.0,0.966,3.385450160771704,True,False,False,False,False,False,False,False,True,False,False,False,False,False,False,False,False,False,False,508,CHC
SLA,1926,25,"G, R, AB, H, 2B, 3B, HR, BB, SO, SB, RA, ER, ERA, CG, SHO, SV, IPouts, HA, HRA, BBA, SOA, E, DP, FP, mlb_rpg",False,155,682,5259,1449,253,78,72,437,465.0,62,845,708,4.66,64,5,9,4104,1549,86,654,337,228,167.0,0.963,4.636547811993517,False,True,False,False,False,False,False,False,False,True,False,False,False,False,False,False,False,False,False,62,201,1926,1920s,2,BAL,154,733,5174,1426,277,64,46,589,431.0,72,713,622,4.08,83,15,10,4113,1469,100,462,415,156,148.0,0.975,5.185923515052888,False,True,False,False,False,False,False,False,False,True,False,False,False,False,False,False,False,False,False,204,BAL
SLN,1965,28,"R, AB, H, 2B, 3B, HR, BB, SO, SB, RA, ER, ERA, CG, SHO, SV, IPouts, HA, HRA, BBA, SOA, E, DP, FP, mlb_rpg, era_5, era_6, decade_1960, decade_1980",False,162,707,5579,1415,234,46,109,477,882.0,100,674,612,3.77,40,11,35,4383,1414,166,467,916,130,152.0,0.979,3.9882932840418976,False,False,False,False,True,False,False,False,False,False,False,False,False,True,False,False,False,False,False,80,2063,1965,1960s,3,STL,162,578,5518,1373,207,33,71,484,827.0,234,633,567,3.47,17,14,42,4410,1387,91,486,881,121,131.0,0.981,4.138095238095239,False,False,False,False,False,True,False,False,False,False,False,False,False,False,False,True,False,False,False,2085,STL
BOS,2001,23,"G, R, AB, H, 2B, 3B, HR, BB, SO, SB, RA, ER, ERA, CG, SHO, SV, IPouts, HA, HRA, BBA, SOA, E, mlb_rpg",False,161,772,5605,1493,316,29,198,520,1131.0,46,745,667,4.15,3,9,48,4344,1412,146,544,1259,113,129.0,0.981,4.7754219843557015,False,False,False,False,False,False,True,False,False,False,False,False,False,False,False,False,False,True,False,82,380,2001,2000s,3,BOS,162,949,5720,1613,373,25,222,659,1189.0,68,768,674,4.18,4,12,36,4354,1430,159,447,1132,118,129.0,0.981,4.813838550247117,False,False,False,False,False,False,True,False,False,False,False,False,False,False,False,False,False,True,False,383,BOS
DET,1938,28,"R, AB, H, 2B, 3B, HR, BB, SO, SB, RA, ER, ERA, CG, SHO, SV, IPouts, HA, HRA, BBA, SOA, E, DP, FP, mlb_rpg, era_2, era_4, decade_1930, decade_1940",False,155,862,5270,1434,219,52,137,693,581.0,76,795,717,4.79,75,3,11,4044,1532,110,608,435,147,172.0,0.976,4.902046147148455,False,True,False,False,False,False,False,False,False,False,True,False,False,False,False,False,False,False,False,84,879,1938,1930s,3,DET,155,704,5318,1373,212,41,108,622,616.0,65,567,502,3.22,94,18,15,4206,1277,97,497,896,155,138.0,0.974,4.006843800322061,False,False,False,True,False,False,False,False,False,False,False,True,False,False,False,False,False,False,False,887,DET
WS1,1955,29,"G, R, AB, H, 2B, 3B, HR, BB, SO, SB, RA, ER, ERA, CG, SHO, SV, IPouts, HA, HRA, BBA, SOA, E, DP, FP, mlb_rpg, era_4, era_5, decade_1950, decade_1960",False,154,598,5142,1277,178,54,80,538,654.0,25,789,695,4.62,37,10,16,4062,1450,99,634,607,154,170.0,0.974,4.485008103727715,False,False,False,True,False,False,False,False,False,False,False,False,True,False,False,False,False,False,False,53,1276,1955,1950s,2,MIN,162,774,5488,1396,257,42,150,554,969.0,92,600,508,3.14,32,12,45,4371,1278,166,503,934,172,158.0,0.973,3.9882932840418976,False,False,False,False,True,False,False,False,False,False,False,False,False,True,False,False,False,False,False,1286,MIN
HOU,2010,26,"AB, H, 2B, 3B, HR, BB, SO, SB, RA, ER, ERA, CG, SV, IPouts, HA, HRA, BBA, SOA, E, DP, FP, mlb_rpg, era_5, era_8, decade_1970, decade_2010",False,162,611,5452,1348,252,25,108,415,1025.0,100,729,654,4.09,4,11,45,4318,1446,140,548,1210,103,135.0,0.983,4.384362139917696,False,False,False,False,False,False,False,True,False,False,False,False,False,False,False,False,False,False,True,76,1022,2010,2010s,3,HOU,162,611,5503,1341,202,41,97,514,958.0,97,705,614,3.78,30,11,25,4389,1346,138,641,915,152,162.0,0.976,4.341563786008231,False,False,False,False,True,False,False,False,False,False,False,False,False,False,True,False,False,False,False,1030,HOU
SFN,1966,29,"G, R, AB, H, 2B, 3B, HR, BB, SO, SB, RA, ER, ERA, CG, SHO, SV, IPouts, HA, HRA, BBA, SOA, E, DP, FP, mlb_rpg, era_5, era_6, decade_1960, decade_1980",False,161,675,5539,1373,195,31,181,414,860.0,29,626,531,3.24,52,14,27,4428,1370,140,359,973,168,131.0,0.974,3.993808049535603,False,False,False,False,True,False,False,False,False,False,False,False,False,True,False,False,False,False,False,93,1956,1966,1960s,4,SFG,162,698,5501,1394,269,29,114,536,1087.0,148,618,540,3.33,18,10,35,4380,1264,121,591,992,143,149.0,0.977,4.409177365668093,False,False,False,False,False,True,False,False,False,False,False,False,False,False,False,True,False,False,False,1975,SFG
SLA,1913,25,"G, R, AB, H, 2B, 3B, HR, BB, SO, SB, RA, ER, ERA, CG, SHO, SV, IPouts, HA, HRA, BBA, SOA, E, DP, FP, mlb_rpg",False,155,528,5031,1193,179,73,18,455,769.0,209,642,470,3.06,104,14,5,4146,1369,21,454,476,301,125.0,0.954,4.037277147487845,True,False,False,False,False,False,False,False,True,False,False,False,False,False,False,False,False,False,False,57,190,1913,1910s,2,BAL,158,588,5159,1262,181,50,14,627,640.0,234,545,414,2.58,74,9,13,4329,1292,15,478,505,248,120.0,0.963,3.5641539695268647,True,False,False,False,False,False,False,False,True,False,False,False,False,False,False,False,False,False,False,193,BAL
SLN,1950,29,"G, R, AB, H, 2B, 3B, HR, BB, SO, SB, RA, ER, ERA, CG, SHO, SV, IPouts, HA, HRA, BBA, SOA, E, DP, FP, mlb_rpg, era_4, era_5, decade_1950, decade_1970",False,153,693,5215,1353,255,50,102,606,604.0,23,670,598,3.97,57,10,14,4068,1398,119,535,603,130,172.0,0.978,4.851777059773829,False,False,False,True,False,False,False,False,False,False,False,False,True,False,False,False,False,False,False,78,2048,1950,1950s,3,STL,156,568,5326,1383,214,42,70,437,793.0,104,600,532,3.42,64,13,13,4197,1290,87,531,912,140,146.0,0.976,3.686390532544378,False,False,False,False,True,False,False,False,False,False,False,False,False,False,True,False,False,False,False,2070,STL
CHN,1986,26,"R, AB, H, 2B, 3B, HR, BB, SO, SB, RA, ER, ERA, CG, SHO, SV, IPouts, HA, HRA, BBA, SOA, E, DP, FP, mlb_rpg, decade_1980, decade_1990",False,160,680,5499,1409,258,27,155,508,966.0,132,781,721,4.49,11,6,42,4335,1546,143,557,962,124,147.0,0.98,4.409177365668093,False,False,False,False,False,True,False,False,False,False,False,False,False,False,False,True,False,False,False,70,475,1986,1980s,3,CHC,160,695,5522,1395,232,26,159,442,879.0,123,734,652,4.03,12,4,40,4368,1415,117,542,927,113,120.0,0.982,4.307747148288973,False,False,False,False,False,True,False,False,False,False,False,False,False,False,False,False,True,False,False,480,CHC
CLE,1936,29,"G, R, AB, H, 2B, 3B, HR, BB, SO, SB, RA, ER, ERA, CG, SHO, SV, IPouts, HA, HRA, BBA, SOA, E, DP, FP, mlb_rpg, era_2, era_3, decade_1930, decade_1940",False,157,921,5646,1715,357,82,123,514,470.0,66,862,745,4.83,74,6,12,4167,1604,73,607,619,182,154.0,0.97,5.188206785137318,False,True,False,False,False,False,False,False,False,False,True,False,False,False,False,False,False,False,False,80,748,1936,1930s,3,CLE,155,643,5481,1458,270,50,70,512,593.0,48,677,575,3.65,48,7,18,4257,1428,40,621,524,164,192.0,0.974,4.167874396135265,False,False,True,False,False,False,False,False,False,False,False,True,False,False,False,False,False,False,False,756,CLE
CHN,1970,24,"R, AB, H, 2B, 3B, HR, BB, SO, SB, RA, ER, ERA, CG, SHO, SV, IPouts, HA, HRA, BBA, SOA, E, DP, FP, mlb_rpg",False,162,806,5491,1424,228,44,179,607,844.0,39,679,600,3.76,59,9,25,4305,1402,143,475,1000,137,146.0,0.978,4.341563786008231,False,False,False,False,True,False,False,False,False,False,False,False,False,False,True,False,False,False,False,84,460,1970,1970s,3,CHC,162,712,5470,1419,229,41,95,650,802.0,67,827,720,4.49,27,8,33,4332,1587,130,551,850,178,152.0,0.972,4.21277145811789,False,False,False,False,True,False,False,False,False,False,False,False,False,False,True,False,False,False,False,465,CHC
ML4,1972,29,"G, R, AB, H, 2B, 3B, HR, BB, SO, SB, RA, ER, ERA, CG, SHO, SV, IPouts, HA, HRA, BBA, SOA, E, DP, FP, mlb_rpg, era_5, era_6, decade_1970, decade_1980",False,156,493,5124,1204,167,22,88,472,868.0,64,595,533,3.45,37,14,32,4173,1289,116,486,740,139,145.0,0.977,3.686390532544378,False,False,False,False,True,False,False,False,False,False,False,False,False,False,True,False,False,False,False,65,1185,1972,1970s,2,LAD,162,764,5620,1556,281,57,132,475,665.0,101,708,649,4.02,35,10,43,4362,1513,133,491,689,113,162.0,0.982,4.307728781412992,False,False,False,False,False,True,False,False,False,False,False,False,False,False,False,True,False,False,False,1195,MIL
FLO,1996,26,"R, AB, H, 2B, 3B, HR, BB, SO, SB, RA, ER, ERA, CG, SHO, SV, IPouts, HA, HRA, BBA, SOA, E, DP, FP, mlb_rpg, decade_1990, decade_2000",False,162,688,5498,1413,240,30,150,553,1122.0,99,703,633,3.95,8,13,41,4329,1386,113,598,1050,111,187.0,0.982,5.0355094838994265,False,False,False,False,False,False,True,False,False,False,False,False,False,False,False,False,True,False,False,80,956,1996,1990s,3,DET,162,718,5486,1447,275,32,148,499,968.0,96,700,655,4.1,6,14,53,4317,1395,166,513,1116,86,153.0,0.986,4.813838550247117,False,False,False,False,False,False,True,False,False,False,False,False,False,False,False,False,False,True,False,964,FLA
PHA,1929,27,"G, R, AB, H, 2B, 3B, HR, BB, SO, SB, RA, ER, ERA, CG, SHO, SV, IPouts, HA, HRA, BBA, SOA, E, DP, FP, mlb_rpg, decade_1920, decade_1940",False,151,901,5204,1539,288,76,122,543,440.0,61,615,519,3.44,70,9,24,4071,1371,73,487,573,148,117.0,0.975,5.185923515052888,False,True,False,False,False,False,False,False,False,True,False,False,False,False,False,False,False,False,False,104,1516,1929,1920s,4,OAK,154,703,5304,1391,242,53,105,556,656.0,48,932,780,5.22,72,4,12,4035,1543,135,534,488,238,131.0,0.96,4.679611650485437,False,True,False,False,False,False,False,False,False,False,False,True,False,False,False,False,False,False,False,1526,OAK
WS1,1916,29,"G, R, AB, H, 2B, 3B, HR, BB, SO, SB, RA, ER, ERA, CG, SHO, SV, IPouts, HA, HRA, BBA, SOA, E, DP, FP, mlb_rpg, era_1, era_2, decade_1910, decade_1920",False,159,536,5114,1238,170,60,12,535,597.0,185,543,424,2.67,85,11,7,4290,1271,14,490,706,232,119.0,0.964,3.5641539695268647,True,False,False,False,False,False,False,False,True,False,False,False,False,False,False,False,False,False,False,76,1239,1916,1910s,3,MIN,155,718,5320,1510,277,93,40,481,390.0,110,705,597,3.88,77,15,10,4152,1420,40,466,462,180,146.0,0.971,4.729894394800975,False,True,False,False,False,False,False,False,False,True,False,False,False,False,False,False,False,False,False,1249,MIN
CHN,1977,25,"R, AB, H, 2B, 3B, HR, BB, SO, SB, RA, ER, ERA, CG, SV, IPouts, HA, HRA, BBA, SOA, E, DP, FP, mlb_rpg, decade_1970, decade_1980",False,162,692,5604,1489,271,37,111,534,796.0,64,739,654,4.01,16,10,44,4404,1500,128,489,942,153,147.0,0.977,4.470518307180218,False,False,False,False,False,True,False,False,False,False,False,False,False,False,True,False,False,False,False,81,467,1977,1970s,3,CHC,162,701,5512,1436,272,42,140,470,868.0,84,719,647,4.08,9,10,42,4284,1496,117,498,807,115,164.0,0.982,4.307728781412992,False,False,False,False,False,True,False,False,False,False,False,False,False,False,False,True,False,False,False,472,CHC
PHI,1947,26,"G, R, AB, H, 2B, 3B, HR, BB, SO, SB, RA, ER, ERA, CG, SHO, SV, IPouts, HA, HRA, BBA, SOA, E, DP, mlb_rpg, decade_1940, decade_1960",False,155,589,5256,1354,210,52,60,464,594.0,60,687,599,3.96,70,8,14,4086,1399,98,513,514,152,140.0,0.974,4.3551890587288815,False,False,False,True,False,False,False,False,False,False,False,True,False,False,False,False,False,False,False,62,1639,1947,1940s,2,PHI,154,546,5169,1235,196,44,99,448,1054.0,45,691,613,4.01,45,6,16,4125,1423,133,439,736,155,129.0,0.974,4.313915857605178,False,False,False,True,False,False,False,False,False,False,False,False,False,True,False,False,False,False,False,1652,PHI
