meta_ID,meta_yearID,fold,actual_W,pred_elasticnet,pred_ridge,pred_hgb,pred_lightgbm
317,1935,4,78.0,77.14354141936202,77.36825238055856,76.09291908695697,75.74722900145504
2162,1993,5,86.0,89.314392611511,89.81051851765903,90.53468534043391,90.24479834071803
1895,2016,5,86.0,88.65266616981744,88.67897413727495,90.25139320940994,90.15669579310328
428,1938,5,89.0,89.40606903005325,89.70369419805786,88.43400816854339,90.76408810658914
375,1996,3,85.0,81.15733954097226,81.26431892558251,83.77809788853457,82.84357520385053
106,1939,2,63.0,66.86483318971308,67.17963454928004,67.18055879699982,69.0101129772209
1398,1915,4,69.0,73.44841693572924,72.65928090007183,77.16679178862624,74.47903555868965
122,1955,2,85.0,81.2859762293959,81.29908508453879,83.759199426876,83.85073138123414
174,2010,4,91.0,88.22562693051141,87.69865329288065,90.11527145534279,90.29441782109775
1321,2003,4,90.0,88.01403072883717,88.22735484886651,87.51513195837602,86.69241728768218
832,2002,1,73.0,73.19915973004098,73.51646611975156,73.40672855157139,71.24636785170033
509,1909,3,78.0,82.42712755791666,81.69624715107255,79.98857678642342,80.23562363783398
1814,1969,2,52.0,47.06414750093516,46.84826825302318,51.51656133973448,50.40480127365953
2131,1961,1,61.0,63.27531453585523,63.33677899974685,62.25600477525969,63.30166747795659
907,1966,5,88.0,85.03851981678127,85.09126965816924,84.33273558496668,82.73419463699662
890,1949,1,87.0,88.20839796690922,88.50036442545434,84.4875070992004,84.16610265223287
116,1949,1,75.0,76.453813329545,76.50499235748204,75.93967588621753,76.30064972896598
77,1908,5,63.0,64.54912247488708,64.84444219273949,67.49545191082085,64.16794982660996
417,1927,4,85.0,82.79174993957608,82.5487747795028,86.85024827736567,84.38781865204083
1974,1985,4,62.0,62.155316312652175,61.56599350513457,63.46204814265667,65.36594211780469
1524,1938,5,53.0,55.10165803241592,54.46872316677235,55.0450745528041,56.956865938757176
1138,1970,1,87.0,90.43353205213299,90.26535558390225,89.17462646506667,88.3630579410879
1273,1952,5,78.0,74.78800901009345,74.95281899206995,76.36830487473792,75.7788762305977
1834,1990,3,75.0,78.65121107528961,78.1463490485046,80.19732750405741,80.75597936701801
2115,2001,4,62.0,58.33072419970134,58.0316281020963,58.42865317503996,58.040012903521756
1910,1920,1,86.0,90.44003397820173,90.31288994407858,91.75201591972382,90.91357756562144
856,1913,4,66.0,66.79600894839896,66.98262209818823,67.49758196884376,65.06037365568548
1552,1966,5,74.0,73.83521290440666,73.57577100395501,72.19392537992346,73.97171312029923
424,1934,2,86.0,81.62100584639253,81.90026671997899,82.79072039129568,81.65419904885238
1489,2012,2,95.0,96.75751634541398,96.89281614004683,96.7221201406279,97.04009099330511
1827,1983,1,81.0,80.6411286141848,80.41926033068454,79.02946720168097,79.36301958220832
1587,2004,5,91.0,83.8393923205442,83.14101245227482,83.06947182216632,83.94375029997502
1965,1975,5,80.0,75.56097848277774,75.21390222424782,77.59411519425333,75.14305372184967
1494,1904,3,81.0,82.12392366063466,82.81255382459253,81.91075860265096,82.53340166188983
1186,1973,3,74.0,78.42218291114932,78.671639623819,77.05499099174573,76.94304346219762
1574,1989,2,99.0,99.05576620011632,99.15479720411398,98.97760228467924,99.19185751265395
679,1975,5,108.0,103.80533299359374,103.69980852910666,103.34601299036446,103.626436035101
696,1993,5,73.0,73.8982629405064,74.08591576444908,72.46011330887173,74.49415004479603
930,1990,3,79.0,79.98050078165151,79.54330891217037,81.94928130342467,82.72701211056823
2148,1978,2,87.0,87.97533369890697,88.18748382323494,86.94843007305492,86.04516586981632
1949,1959,1,83.0,84.84980886406612,84.62306250780696,86.84861960511087,88.36994850826602
622,1916,4,60.0,63.90920107614815,63.58120007310201,64.23253996180186,62.211936413215284
966,2006,2,78.0,79.57306516919144,79.70799138109815,79.02124738569475,78.98810322900616
88,1921,3,79.0,78.83813699656643,78.698676456795,79.22021588407569,79.67474706227853
179,2015,2,67.0,64.24575536392571,64.54748941202743,62.39652242761759,65.61148504343682
1624,1931,3,66.0,64.34468982405438,64.34549518709657,63.04146464143696,63.58797367009808
708,2007,2,72.0,75.14721357180329,75.25670637284321,72.65610329658945,72.87459652859035
2189,1983,1,89.0,87.59566335895431,87.82148900979148,87.84347040186978,86.53042420512958
1302,1982,5,60.0,63.71012862321068,63.54585531808558,65.23330096125561,63.868408845846545
868,1927,4,82.0,83.00025583014406,83.64986124389941,82.6434142941776,82.01433758794676
652,1948,4,64.0,60.223349518821834,60.17339120515041,57.57446628089275,59.51962718934007
2210,2006,2,87.0,86.2481210967855,86.19275447905116,85.01370282984739,85.22793336166424
1883,2004,5,63.0,66.3379516606147,65.75091623815561,65.81663961520441,64.07633741137359
950,2012,2,88.0,86.48353334631572,86.71963445667063,87.75619765422776,87.68120523323934
1081,1911,1,64.0,61.146925824769895,60.30249718240331,62.750187261180734,63.566662812603745
1422,1942,2,103.0,105.03326818788567,104.89020945438631,103.24883721367291,102.63711171061503
1846,2004,5,87.0,86.57094222359981,86.11966625361777,88.32829655409448,89.51615929057222
495,2008,1,97.0,97.23665173365966,96.96661808519129,96.83177123085876,96.5091197248026
1684,1993,5,97.0,95.64537704193222,95.75860931819044,96.15196441239775,95.63077291194455
2049,1951,3,81.0,78.28135569568877,78.08738725696404,78.66179118440235,78.36591951000882
2104,2009,1,91.0,90.00938727993928,90.24545691667043,89.95403821646052,89.03064792614329
850,1907,4,92.0,90.08169090462056,90.23592756879694,92.59064138206053,92.75929931298802
72,2016,5,69.0,67.11503048071131,67.09384272486953,65.74969964245457,65.98286039032511
64,2008,1,82.0,82.4110684204717,82.7043083534686,81.56427567976112,82.56977040900924
675,1971,2,79.0,80.18134801894107,80.14514688948043,82.36878776328672,82.53896455872618
2190,1984,2,89.0,85.30410225252194,84.98887265190015,87.72975229201573,85.55597519421349
1115,1947,4,94.0,91.7335146011688,91.85792897224022,87.44200899032533,89.52894856459585
1188,1975,5,68.0,71.34424118778578,71.78040421753991,69.17942960478437,70.48114869696093
1179,2014,4,94.0,93.65054256765498,93.90965247034178,92.92109143947202,92.50202771359086
680,1976,1,102.0,104.01875793418081,104.5362655376298,102.547635155866,99.64423209048812
1234,1911,1,64.0,62.62167995530707,62.50004479686861,61.980541047531666,61.23951828588039
808,2000,1,90.0,89.25889537961245,89.28903880673982,90.9561044401498,90.47460110662507
606,2013,4,63.0,68.29659496236958,68.22710230741355,68.80905416441263,67.43456497406079
206,1931,3,63.0,62.34110132571287,62.546845144547575,60.0020331697088,61.055063745864835
728,1914,3,51.0,53.61388119908342,53.445048662804155,54.51348442795618,56.184048238635576
781,1970,1,76.0,78.61468842260558,78.29218347063134,77.20865027165011,77.8734466598467
2003,2016,5,87.0,90.17060679483883,89.9775087124115,90.52846042155628,90.03728292899294
1732,1932,2,86.0,77.12722238411007,77.63408182066574,76.25345953723445,76.29533030935816
549,1953,1,89.0,93.65042453106493,94.04408920266793,92.21689476864337,92.45609902875593
199,1924,3,74.0,72.55670701300237,72.91789949823722,75.02172658748638,74.11828944362121
1645,1953,1,83.0,80.70837508537095,80.58995822296544,83.0809057963721,83.13551911426758
520,1922,4,77.0,80.03118503096364,80.4234422340158,78.01486690816861,76.90371630532917
309,1926,5,46.0,47.532487240844716,47.44568892773508,46.457033720630605,50.31758616431469
1830,1986,5,74.0,71.67804286915737,71.38606216484973,72.10271495626341,71.91148250346822
60,2004,5,51.0,55.48880823420945,55.372229585114205,55.7096628143851,54.60613748305761
556,1960,2,87.0,90.12938886057124,90.45793322674814,90.29898649118354,90.22920704175388
208,1933,1,55.0,59.721289677630324,59.52409907396077,62.18118309103641,63.898538969356096
1881,2002,1,93.0,92.1635709288355,92.38131078218397,92.6944467939955,92.51278456177357
2014,1914,3,81.0,81.86607866199986,82.15219701677395,79.27975786972169,80.24692304105689
1460,1980,2,103.0,100.2559539241743,100.50029866245052,99.15228306485736,98.69771456222625
163,1999,3,103.0,98.03778057952357,98.41848579528144,99.99905789559033,97.21150544100969
1980,1991,5,75.0,75.76541731838418,75.62316401069563,77.86041670401009,78.9065685152286
2149,1979,3,83.0,87.34574084633627,87.6943161020901,86.47779680567481,87.37691839083328
257,1983,1,98.0,95.27430822528835,95.23563564308334,97.3750138168125,95.19699170492696
894,1953,1,60.0,57.31400820625973,57.55383086236201,56.24501708001495,55.8252439042671
1593,2010,4,81.0,82.01947449991563,81.53775144922021,84.59527986120203,84.00641651623218
1808,2011,4,72.0,71.83219743094759,72.00593412387734,74.25673004629402,72.39266639802943
1563,1977,4,63.0,64.14517099414499,63.87734345983991,64.84708222265186,63.80542657098275
1621,1928,4,43.0,48.02683091876612,47.49836828599847,50.79023161562831,51.8385188147991
21,1982,5,93.0,94.65476004018772,94.99489659737017,96.05393746149502,96.09036600807661
1041,1982,5,90.0,86.67662192037571,86.35002497608087,89.03914261290932,89.9718316286305
382,2003,4,95.0,93.37288119653032,92.95588718114406,92.67573263244637,89.77986483908204
539,1943,5,82.0,76.0639584225109,75.85301426623383,75.33883513873847,75.74315447258536
1390,1907,4,70.0,63.02731410432601,62.89110616460476,68.72520973586109,71.3672501025759
2034,1936,1,87.0,79.87771641334967,79.88962819585731,75.41624741178119,77.41951399301091
84,1915,4,83.0,82.77452083463156,82.69308742878492,82.33854683695263,81.49465384002495
965,2005,5,83.0,83.46671673920527,84.06902350147456,80.74237308141008,80.01869745893731
2255,2006,2,71.0,68.14919088695186,68.01860519986707,67.93899880048504,67.56128635570023
1190,1977,4,67.0,66.8305261983858,66.71538860214912,66.75408626025805,66.72820033211899
271,1999,3,78.0,81.19061759073226,80.66191270730303,86.06857332956982,83.87255102721159
772,1961,1,78.0,75.56523725536675,75.08262633533033,76.90647024720502,77.11442610817012
1500,1911,1,101.0,101.52385847998104,102.2937135729704,104.3078869774487,103.74615775204295
1778,1978,2,88.0,88.14093236267573,88.06691837806082,88.4534297204952,88.24036651782117
706,2005,5,73.0,70.98417186108036,70.62807504832688,71.75919185738205,72.1978165995665
1147,1979,3,79.0,83.28519385986107,84.04588965435009,83.46510098776763,82.60092667415826
582,1987,3,77.0,81.18535411138178,80.97937073564498,81.5740245320569,81.95947099936272
430,1940,5,75.0,81.594396986171,82.11153825840884,81.44320897744763,82.59230475164614
892,1951,3,73.0,70.22357233917,70.38903404563281,71.28564939405724,72.2906848671137
835,2005,5,67.0,67.45107166188814,67.22824104195047,69.65909192806299,68.33484251559354
1897,1905,3,105.0,105.75515326780942,105.1384703235451,104.84531767718023,102.5335960800892
459,1969,2,92.0,91.05577480542715,91.06404322935786,91.68864854724539,91.86383417185665
79,1910,5,53.0,53.82729829186778,53.60075881985979,53.85918386383794,53.39758670533985
33,1996,3,70.0,66.132496536611,65.66719763219638,70.39067347299057,66.79962169921293
1454,1974,3,89.0,83.967476627097,84.19843574262454,85.3902305358887,84.77141166969781
1954,1964,4,90.0,88.39516793742729,88.07423169382363,87.51353831401737,86.85940615360445
2025,1927,4,92.0,86.14425162416475,86.09651453679987,85.69950915772912,85.0065055948824
381,2002,1,93.0,100.69946389826966,100.45838134661052,99.47291345146145,99.0872253078662
914,1973,3,85.0,81.78168273902051,81.78040683754325,78.00192876713075,80.15870221697419
1079,1909,3,55.0,57.64372647998551,57.80571263962008,51.809135505392526,53.17173876719025
1226,2016,5,73.0,76.64536230555508,76.70168278748984,76.58115217196641,78.5744060386898
306,1923,3,61.0,56.75663539225421,57.69256618305883,53.30651219619718,51.124771627470686
210,1935,4,65.0,58.37270805687453,58.32796857547213,55.90646857019551,59.26452268241003
695,1992,4,90.0,89.2716899442499,88.99901944678292,93.37051961549489,91.62663921406495
1346,1973,3,82.0,86.32440576162789,86.22744916455497,86.20948719917888,83.20480963068857
2246,1997,3,78.0,78.16508500914195,77.89838097204427,74.87631280519594,75.3414638128752
1597,2014,4,88.0,90.03771196867797,89.4640412250441,94.86929857732899,93.21212690942224
621,1915,4,71.0,72.73567042895202,72.740928748594,71.69281781713136,72.47906102596596
614,1908,5,73.0,72.00727845374297,71.70210204720935,69.40056871952491,68.39433768730115
1718,1916,4,65.0,65.78557875299018,65.43480426408743,63.42071914495786,64.12836964324659
2076,1978,2,69.0,70.90814221064998,70.91972628209267,73.10678560068457,75.11368777500414
2228,1976,1,55.0,56.15149769983266,56.143054943806426,55.516116814691614,57.37909126108898
484,1997,3,68.0,70.60515154337601,70.09800493582506,70.49690281915105,70.70840481233594
1183,1970,1,65.0,66.44155011050198,66.46168921739374,65.0640581836605,64.12212151668832
1407,1926,5,91.0,90.20436181507175,89.98387122444407,88.73060857245788,87.48705804846239
980,1965,1,65.0,64.83455385008936,64.8027202039198,62.41667071805153,62.86827208749549
222,1947,4,59.0,58.820576715474644,58.966555417898434,54.14134177009551,55.83583198020199
858,1915,4,100.0,97.16636012312625,97.42251045067617,97.95341355785588,97.90675062271481
572,1976,1,64.0,64.9870886181667,65.10545533348937,62.928668148144844,64.49686682385217
412,1922,4,80.0,77.12213196911172,77.72108502504777,77.8806014866838,74.56868561317232
619,1913,4,64.0,65.68165230666739,65.65335876037364,64.67574162861435,65.18221397546222
809,2001,4,91.0,88.28073741897607,88.77343228699232,86.54210869232803,88.45576106619976
586,1991,5,87.0,89.36083814438817,89.25260933700187,89.78297263055592,89.78476286155804
1194,1982,5,95.0,97.87963124675117,97.90636111295503,99.65855967023563,98.33108218829807
2180,2013,4,91.0,90.72398798552196,90.70430231325479,93.02565578006802,92.33878727539613
1288,1967,5,91.0,89.00254580803725,89.48552657887588,89.00525781648611,89.93083858219157
1265,1944,1,64.0,69.95478514840063,69.96735636920454,70.90323831018227,71.03121471181485
893,1952,5,50.0,57.803681113838365,58.14236154425221,59.84999253213924,60.11980626841264
448,1958,2,72.0,72.37223637705245,72.24395920293455,73.95131034194276,74.50452971354079
1048,1989,2,92.0,86.85552855526966,86.99871968699236,87.30532688604579,87.67631339277251
1394,1911,1,76.0,71.80594203315526,71.89144126903537,70.39586575871442,69.93344264173017
1826,1982,5,81.0,83.16276525769557,82.93660609322419,80.69697289030536,82.65636981893927
1951,1961,1,85.0,90.30226783063742,90.33513786845029,90.51714914222966,90.8633965159846
1932,1942,2,85.0,81.8861047110715,81.87935249443896,83.8198404659865,84.08860646936961
46,2009,1,97.0,95.58738420042097,95.88301602916032,94.82034158464238,94.71738019137108
1928,1938,5,83.0,81.14869366643694,81.17225756686258,81.77759057681976,83.16023412743488
1600,1904,3,52.0,54.56076963113196,54.971831698539326,49.16469932114885,54.05716473411499
295,1910,5,81.0,86.21780696036602,86.4220343316234,87.74344850807633,88.84861738594984
1011,1999,3,97.0,96.9367167006676,97.6758162195685,97.39325088983873,97.382153495558
589,1996,3,85.0,90.09433040304702,90.53757138830801,92.00660653643305,90.55253757364108
1776,1976,1,92.0,90.13337706499735,90.13157237225013,88.55464409514848,88.35862536285299
638,1934,2,52.0,55.460385260446685,55.82737545357428,58.239301017821276,58.96963148063533
1338,1965,1,50.0,49.28354533556346,49.4218109621428,54.0832860507386,51.219490400454696
1801,2004,5,72.0,75.8901358449621,76.20033028049788,75.64831755618388,79.1756852272427
437,1947,4,69.0,59.96154228428675,59.707708456774554,58.830501131024874,59.01038434596478
2114,2000,1,69.0,70.99647985961606,70.90486905153945,69.27725717876663,68.53982093865156
394,2015,2,78.0,79.68277455724316,79.59339509137264,78.06593792844518,77.98305844013451
787,1976,1,81.0,85.07209757398525,85.2830436122408,81.84927781402125,83.44081454816737
535,1937,1,86.0,83.6177155316279,83.51851206036282,82.16141482414996,82.97599454244818
31,1992,4,72.0,73.24771776000614,73.25264141286556,73.34605543841926,72.50564852848315
1337,1964,4,53.0,55.41554690738326,55.28192916777141,59.039528621912936,56.36453408856028
1414,1933,1,91.0,93.78293283438168,93.88449574871093,94.84973517579758,92.8170517586013
1038,1978,2,92.0,92.08416288415454,91.94869602980397,91.49419448705804,92.207286258102
1660,1968,2,76.0,71.82518485619097,72.17821461673911,71.86184807625287,72.32844725677485
1969,1979,3,71.0,71.85470237544227,71.67658459634838,71.07120284942347,72.48704599459889
1095,1927,4,65.0,65.58973446687332,64.74418599796647,68.39276820957578,68.3999831254233
681,1977,4,88.0,88.43969070079258,88.55288116106728,85.9163302162836,86.43785399737051
345,1963,3,76.0,74.76733971066261,74.32969866159519,73.50291508509736,76.02032871260204
557,1961,1,86.0,83.21128039123313,83.33045938841222,85.77262399407994,83.93973842877551
932,1992,4,75.0,76.38078304074682,75.8805512602029,78.4257962278523,78.66764592682307
644,1940,5,100.0,96.33334379962871,97.55076914203241,92.77262838309204,95.41264067293328
1224,2014,4,82.0,82.15063318979917,82.58848711824368,83.02704538985837,81.5288178209011
353,1971,2,85.0,84.85352394637894,85.13788033912273,82.20188532378432,81.00698436445623
92,1925,5,70.0,65.82353693230175,65.65240931441232,66.4154395317764,64.88142912832205
949,2011,4,95.0,91.55912892350386,91.79234929376048,89.61824484724474,90.95956414814779
1777,1977,4,96.0,90.58222280599257,90.5793227687044,88.22999902180733,87.34694469135061
1034,1974,3,77.0,78.92820881657761,79.08339413346759,82.6947717316613,81.82358929754031
1558,1972,1,93.0,100.19139003763601,100.1046243576589,97.70798896879944,98.95991561103654
262,1988,5,54.0,53.502830951652655,53.363969672578776,53.95273121711475,52.74018459529382
904,1963,3,79.0,79.63695505549073,79.83482251994957,78.94675220984914,78.51515822392864
1641,1949,1,81.0,76.35857314751232,76.2004808074435,74.8384993847712,75.94006389213934
2242,1991,5,71.0,71.63685896309794,70.66652202242612,72.26366416826349,71.51977897082986
568,1972,1,87.0,85.24523901738891,84.91544499740499,84.22175768330808,84.97990667375285
687,1984,2,70.0,65.9001769400508,65.70643149449364,66.1045997091806,66.0821692108544
995,1980,2,93.0,89.02588689117373,88.91910012172518,88.92508066112303,88.99342744135375
793,1983,1,70.0,72.0902584427385,72.6294195034296,70.5669413493295,71.03864380537684
1074,1904,3,56.0,61.473213721623885,60.948222228691506,61.383631662833956,61.93465711008098
1936,1946,5,61.0,65.91189756628054,65.59328710776754,68.60206850846762,69.71706517798425
301,1916,4,91.0,87.28663903859066,86.89185846341293,86.79465962490747,85.44483527366336
678,1974,3,98.0,91.48122913147157,91.81392375881236,96.24014632232189,94.77784231420355
1068,2011,4,71.0,76.31387011034678,75.74867078978079,76.43346850717194,75.61177922844266
1005,1991,5,65.0,66.93916124646739,66.25423928646352,67.41291244695127,66.17446978620313
316,1934,2,76.0,77.62172705929493,77.45347573088085,82.02394193015739,80.49771625166917
1707,1905,3,96.0,86.77954550468988,86.69413394209006,89.38319446853463,89.82544790470561
454,1964,4,76.0,71.72897245902686,71.23095752283972,70.80325863720145,73.07068023492789
602,2009,1,79.0,79.5302066636186,79.75500007982991,78.42375821535194,77.41373908091002
176,2012,2,94.0,91.46344880628422,91.47380517348655,92.30491028883407,91.63372373149495
1242,1921,3,80.0,73.70898707563462,73.57574309246137,74.98560542944628,74.9419415048914
1135,1967,5,73.0,72.18779272957833,71.98546645143438,72.58815885350951,73.02018934441419
2017,1917,4,82.0,71.52956299152885,71.13889157677485,72.89930368999421,73.32020799039789
124,1957,1,95.0,92.18975429343321,92.2135640713036,93.70345903088204,93.48075437635714
2236,1985,4,84.0,84.43095739156156,84.4871744088447,84.3968684467717,84.74885011840774
395,2016,5,93.0,96.43766301575243,95.92052207904668,94.554755640932,97.7416912798987
1419,1939,2,106.0,114.1741119748418,114.22261320263365,101.56621738691439,101.13244840671052
842,2012,2,64.0,68.33321955543434,68.1554901100037,70.23428523946072,70.58565959815226
40,2003,4,77.0,79.95177782668551,80.06071728142648,78.6656468114546,77.8945760212437
463,1973,3,77.0,77.96477666494496,77.78704154388792,76.23982177819191,76.51019874100828
1129,1961,1,89.0,85.1420770164551,84.90068451630245,83.81962545207065,82.96411863895007
1512,1925,5,88.0,87.92523484305089,87.60629383188994,88.77368380355658,87.3923644707939
332,1950,1,94.0,95.55020616495511,94.71624346330432,94.84463694318501,94.9468889052445
195,1920,1,76.0,83.40305994006496,84.16953623056821,81.0552849316546,80.35583218560492
2130,2016,5,68.0,74.99642870365963,74.86703346407968,75.73500096777853,76.68269762587207
2155,1986,5,87.0,84.80784931070609,85.12410441638377,82.8995348515429,83.34375971495146
635,1931,3,58.0,57.671202352345546,57.41621839463946,59.751493884165946,61.32960940440346
323,1941,2,84.0,86.14346494740086,86.59052137548265,86.75518493243311,87.52472145347517
1736,1936,1,84.0,81.5627795856475,81.15726661641911,84.32555032869861,84.40051861878649
267,1993,5,85.0,85.89712213812115,86.07339641972871,85.5044809949081,85.62606035632797
1174,2009,1,95.0,97.09332875834019,97.34953861135749,97.7797185000352,95.99451995209
1796,1999,3,78.0,75.94893286124126,75.3516882210493,77.20475974589381,76.12504449234196
580,1985,4,85.0,82.09723019535228,82.36330593701106,82.4407793594625,82.39132502154736
1343,1970,1,83.0,88.25917891665935,88.4539871710803,85.84020478613175,85.87757607276828
840,2010,4,83.0,83.97653947367326,83.99298851767239,84.50994134059853,84.58636372185713
1859,1977,4,64.0,59.63663713873112,59.72008794370588,57.381063065168654,54.85470920369079
1773,1973,3,80.0,82.92849722968813,82.85776714966369,83.93861087876007,84.01817070044335
1602,1906,5,71.0,71.39515926245751,71.4061416326187,72.76415687474429,71.73947305706439
1771,1971,2,97.0,101.86831173844863,101.86175336858862,100.39925705287925,99.61431223844849
1789,1990,3,95.0,92.29817662848862,92.31379010489266,91.0386697790088,91.93207677930889
730,1916,4,77.0,79.3685902661384,79.3940454205322,78.83069601078319,79.65179981347777
1248,1927,4,85.0,84.480192589062,84.52074850390542,84.08978770667295,83.30370459002502
2187,1980,2,67.0,66.15401155865331,66.20474315772222,67.17177223099701,64.4305590874556
810,2002,1,74.0,70.73340289370513,71.18842997429809,70.48353934372861,71.37728690708666
573,1977,4,90.0,88.36843634992658,88.06716947607784,86.98376180241854,88.10006498475308
1921,1931,3,87.0,93.33508349804367,93.83712679052505,93.09544540469257,92.56301387861369
1983,1996,3,68.0,68.93575161462871,68.67662928568679,70.13442856639963,69.83598835174801
1875,1996,3,85.0,84.74536743875588,84.38925871174563,86.04843723854539,85.15273032120587
1166,2001,4,86.0,83.91191355380103,84.2681081959495,84.98010656244854,83.97824314882963
1909,1917,4,98.0,97.85053835171885,97.70958220635522,98.5949323227706,100.70576636689721
54,1998,3,65.0,64.99189802283226,64.31580168945172,67.22714414394108,66.00971949645152
2198,1992,4,96.0,91.4799274451388,91.25679904343932,93.05571439416397,93.57145071900501
1250,1929,2,71.0,71.33101859172946,71.35670146317416,72.55620804527989,74.02724768830026
1139,1971,2,89.0,89.62077280759037,89.68147735931481,87.05144805295038,88.66085562477461
1152,1985,4,95.0,92.61141788930085,92.82288246617972,91.69178537336394,90.76291699155672
2229,1977,4,75.0,76.51659285006015,76.30456257078737,75.24199178825171,72.85995644688536
1362,1990,3,91.0,93.43738480589154,93.13629752308515,94.16424780162336,95.50346425014034
860,1917,4,78.0,84.67160448525007,84.789508035148,84.4719726611135,83.78286330397191
366,1985,4,81.0,86.08259522425611,85.40407455925568,88.58617998955476,87.64884890346988
788,1977,4,71.0,78.29501864485768,78.97474611122152,76.34589007549835,74.61310873501081
1287,1966,5,89.0,89.03210838779405,89.04007575066372,87.73260624277508,88.86334264696137
1643,1951,3,73.0,75.12028559986766,74.37988157823601,78.80970730212718,77.63314277348634
1315,1997,3,68.0,68.42973578040255,67.54101843659703,67.37617639048638,68.0383337556277
2091,1996,3,88.0,87.05821230266162,87.06463426851272,86.13860742995064,87.05492849064503
584,1989,2,69.0,74.92050821206257,74.749759104125,77.08544291830667,76.91633291682633
837,2007,2,90.0,90.74886171871564,91.01930718892851,89.66925289704662,88.5862285986657
2119,2005,5,67.0,66.90027289760508,67.24748127619188,66.52847081645284,65.78697118629525
830,2000,1,82.0,84.32595676687397,84.31275456905887,85.98250129308914,86.8778978119286
2173,2006,2,80.0,83.89778193035772,83.69638826769453,84.95824879637412,85.14366432643374
2122,2008,1,97.0,93.86808392458991,94.03640571905822,94.33899345981156,93.01753235067527
1768,1968,2,80.0,86.5097884096819,86.52664132250402,88.2871465863768,86.87387052914623
1930,1940,5,72.0,75.99572916518254,76.26580049131417,76.93403968023594,78.46989509288282
2125,2011,4,91.0,87.12629098433223,86.95124353200931,88.8148094067635,88.65379334663298
2064,1966,5,83.0,82.03872026316506,81.65258210473407,79.56828131647632,78.99537179036322
319,1937,1,80.0,81.0432656451947,80.86965854643196,83.41993903060364,82.12102974772112
1434,1954,5,103.0,102.52068101329739,102.61015242218656,102.05589732667994,102.45246987750991
1310,1990,3,74.0,75.60957298558867,75.84371767489954,76.09090032025827,77.18628782512117
1767,1967,5,81.0,78.22856733565861,78.28555666022942,76.47223082850448,78.17190838422448
1274,1953,1,76.0,80.5833342955824,80.34519743491953,81.7093139023866,82.33482050968222
917,1976,1,74.0,69.77424691306938,69.93804581177952,69.39870656742455,71.70656435147045
2128,2014,4,77.0,79.65353399165774,79.46987743392634,79.71916862275476,78.8781704088728
344,1962,4,76.0,78.80381059325128,78.97883584064604,75.37446676755677,75.47036628514952
399,1907,4,107.0,99.35429864542816,99.02649377560245,95.18082236686618,100.32008117851417
585,1990,3,94.0,94.37800503168666,94.88846190210683,90.12939471636592,89.6294854892053
931,1991,5,84.0,79.52589795607413,79.50842887858418,82.13614181434878,80.91177981735123
2079,1982,5,92.0,91.41312876867619,91.73511805776299,92.307045965122,90.9721986766853
1205,1993,5,69.0,73.0034232722103,73.22270851811783,73.39316616707329,74.27724784236213
293,1908,5,75.0,79.7746822603208,79.8514069312194,82.21765593661297,82.66706095241258
1553,1967,5,62.0,65.6291696960064,65.15262151818754,64.19048446401683,65.21083998315694
1171,2006,2,88.0,87.65412605651589,87.57469002133703,88.4319271859283,86.9708792932715
2146,1976,1,76.0,75.10231187678072,74.99515938298372,76.80341328250447,78.58680956542385
1232,1909,3,42.0,45.044924482103006,45.727017897768846,46.114856719162475,46.98675408257322
142,1975,5,67.0,60.546425894661006,60.11551573406224,62.51111196879696,60.334837501396194
1763,1963,3,74.0,75.63883153160889,74.51512561470442,76.41294106864662,78.43431331779605
3,1963,3,70.0,73.0439929915218,72.74465232258844,74.25012762070354,73.06778539768568
1675,1984,2,81.0,81.00610083713008,80.71961501633324,81.22074314122499,80.77248308498461
577,1982,5,87.0,87.75915747147268,87.8427557050436,90.79289808698762,90.93197557465768
1449,1969,2,80.0,75.222280244093,75.11313198644791,76.71443474938755,78.59405240967136
340,1958,2,79.0,78.63569922781171,78.7797701452183,76.96973035845139,78.3776125243679
987,1972,1,84.0,86.4464820243395,86.15592303632602,86.25827460873761,86.30597802865624
266,1992,4,89.0,90.34992650943366,90.39314691198277,89.2426194055146,88.88869522529114
377,1998,3,92.0,95.39196767985064,94.97430827291632,96.5369387392289,97.65085475735253
1365,1993,5,59.0,68.94289389758755,69.09048336610692,68.13588303856869,71.49954976969742
1727,1927,4,94.0,92.50683216343147,92.88182733552533,91.8828793732321,93.5112027492033
440,1950,1,64.0,64.45394912592293,64.74511307760996,65.28782641831431,66.37175683328816
272,2000,1,74.0,71.49871025027771,71.62463390734433,70.72323885208412,70.09346190833077
1818,1973,3,60.0,55.77461934245389,55.26927235725586,57.79215368011327,55.381098255990935
1304,1984,2,81.0,79.12923250292648,78.78869232471396,79.25850894287994,78.92143907646604
245,1970,1,108.0,102.85994309009197,103.13781244033834,103.26265439324456,101.94272188274478
1506,1917,4,55.0,57.73966848549986,58.05163546945286,53.89599287792895,55.824896300226676
1998,2011,4,86.0,82.56050190633381,82.54282315189964,84.59184760982352,84.19783107426393
1065,2008,1,75.0,74.0580306640875,74.23734741751358,72.73657791864217,73.66362250969628
1413,1932,2,107.0,104.34377284136862,104.55714381559743,100.35707387947407,101.00648507043188
783,1972,1,72.0,71.49272611379969,71.30424428343329,72.50344240028376,73.35867788169077
608,2015,2,76.0,72.87480334802993,73.07886636166498,71.22896928907662,71.5751061028834
416,1926,5,82.0,84.78493435397044,84.87844252602015,86.96952568664291,84.49663768476904
274,2002,1,67.0,68.4712096040275,68.42070208512222,67.22758803680824,66.36804200412249
2158,1989,2,83.0,80.98400009798092,81.32867531721809,77.89123974503514,79.89386167460255
1055,1998,3,72.0,67.165057990172,66.79164908254351,66.62237001426746,67.49136815311445
251,1976,1,88.0,82.98899673855624,82.9645852399748,82.64107191685554,81.58433040146045
414,1924,3,81.0,77.20320236367117,78.11370047146596,75.41865397587979,76.3489958838331
1978,1989,2,92.0,91.20166078841217,91.08958173696402,92.4442380001654,92.30374088809502
1762,1962,4,93.0,90.0144657396938,90.5804399498022,87.77552980782436,88.45475287777488
2111,2016,5,86.0,85.76365938227212,85.83939953925332,87.57755019727122,87.09256768068965
311,1928,4,57.0,58.74524484661268,58.91843255343314,56.894143499752765,56.87870656488276
889,1948,4,78.0,78.44204073277048,78.74448220543904,75.11764993767632,74.35969524901022
1162,1997,3,88.0,89.85723113895197,89.62331529534299,90.27664945986055,90.7436095098905
426,1936,1,87.0,90.16705052021697,90.33791721577188,90.36993866723974,91.57154031465905
2199,1993,5,95.0,92.1931133478344,92.52681790988667,94.1689159856333,93.77493566882686
1443,1963,3,104.0,97.40983450341913,97.64181514208856,97.80174574482857,98.22202564444608
2041,1943,5,105.0,104.15996389290576,104.79136968232118,102.8003356304751,102.48192920004325
722,1908,5,90.0,89.08820117028803,88.7339417511264,89.6921633444629,90.37506898981474
1695,2006,2,85.0,85.25911679529649,84.95522617271051,85.41869298847506,85.61594301075509
349,1967,5,92.0,95.29096893629682,95.6119072658542,93.9499317439007,94.29757768214277
1294,1973,3,81.0,86.74370578927805,86.80391266388895,86.96207520630034,86.06658186244803
857,1914,3,80.0,78.66450629494814,78.13541569160384,74.71426293800896,76.49414978386737
527,1929,2,59.0,59.18304885868032,59.17487464722835,60.235999184032636,60.74731171043402
1331,2013,4,66.0,63.8220918459356,63.72429042451989,63.932074855589526,63.81924561797454
1267,1946,5,76.0,67.72772008712266,67.85764503221785,66.38965514151346,65.82196446490121
183,1906,5,76.0,82.06630944882234,81.61155173877681,84.31052741524017,82.20330733515331
171,2007,2,84.0,84.70744603401282,84.47523518492207,86.41490613783218,85.85300339684534
875,1934,2,101.0,97.57003962869616,97.48115345378287,97.87588361590251,97.11649935596795
1806,2009,1,62.0,64.04954868995392,63.81613225275807,63.98888213869483,63.78760292355423
188,1911,1,45.0,47.959825098473615,47.43217274928361,48.88659326847017,49.14345938214179
620,1914,3,60.0,64.54373048637034,64.08478081244569,62.36141885652077,64.89189829405377
152,1986,5,72.0,69.71326905822401,69.47329995135227,69.04961867278071,69.19682532169614
159,1993,5,104.0,100.9939895125086,101.20510590960748,102.04134389272927,102.08469970334416
2094,1999,3,75.0,75.73006738599764,75.52451652026956,78.36408953074911,77.07500970919321
273,2001,4,63.0,65.16326566987209,65.04880925095725,64.28458189983102,63.4761412729587
615,1909,3,77.0,76.93226020260708,77.141338378807,78.82131895145996,77.41208122338428
1945,1955,2,80.0,77.08369507284904,77.20703116990686,76.08792397210773,78.3795317827037
1054,1997,3,67.0,69.94787667619754,69.49814103910917,68.54929762673319,71.98389059309305
2107,2012,2,88.0,92.4133057003847,92.3411583842994,91.72892600864355,91.8902679258544
372,1991,5,84.0,83.74388685856684,83.35406837314135,85.06838942987491,85.13345919607525
223,1948,4,59.0,61.944384123381425,62.100980975894046,60.2578956465236,61.14881207606367
594,2001,4,83.0,86.28649388630745,86.8603159712389,85.9077214839918,85.47402008409861
2088,1991,5,84.0,82.61570064285294,82.4607457219532,82.07756226617673,83.47176640303185
1269,1948,4,56.0,56.6618838757545,56.96071794081459,54.40340303454406,53.87800727175063
2249,2000,1,67.0,67.87110122687947,67.95578948626736,66.47839934025784,67.02791633838406
2026,1928,4,95.0,97.05302178510442,96.99589349659662,96.93560810172455,94.41658204937781
137,1970,1,76.0,76.38519917519665,76.3085781215857,76.6630542030541,76.47295860249066
519,1921,3,62.0,62.018528080936974,61.607213117657665,59.40904596294762,60.82402802082934
1765,1965,1,90.0,89.34716708011983,89.00917756863639,90.84550914816994,91.23938691350654
335,1953,1,84.0,82.1914582729412,82.38759722679018,81.35894056585134,81.77213639088095
782,1971,2,60.0,57.26131517406436,56.97667683162982,56.48517064823705,56.66517847440269
1990,2003,4,100.0,91.59252848921993,91.70408469574683,91.23543272912377,90.87783884861618
1458,1978,2,100.0,95.16897201963096,94.93510147996224,94.88581784394127,95.9317281017591
1320,2002,1,94.0,88.22990130690843,88.16519234291277,88.8371414935381,88.96263565849088
926,1986,5,87.0,88.85173364808388,88.92580774406753,91.14761469233966,90.14275050529619
941,2003,4,43.0,49.18956748813042,49.457640098294334,52.88779077257602,50.747192191122444
711,2010,4,91.0,91.19618633281975,91.26017165438203,91.10483673137277,91.15669254760934
16,1976,1,76.0,73.5037656632559,73.51599335849055,73.29411974702352,71.93168332622318
1062,2005,5,56.0,56.37818618310765,56.65843992853479,56.85732689750919,56.25668374748693
288,2016,5,89.0,85.53578322591156,85.79242085661474,86.47086006369537,87.2855250528635
1172,2007,2,82.0,82.22850985737037,82.15098757149273,81.86209886735548,82.47399033579016
1933,1943,5,55.0,60.0730376322018,60.34599941491342,61.4205097068573,61.01211838597246
2083,1986,5,79.0,79.89556953852713,78.99151141511763,81.61559711459613,80.35581177595702
571,1975,5,75.0,76.66944319723238,76.49144065068955,77.70869492371689,76.57011571927501
655,1951,3,68.0,67.15352659523008,67.14897461608247,66.88601052227723,68.43738811453122
1757,1957,1,62.0,64.08677324084728,64.03187887516768,65.90066441246286,66.8589494783147
1667,1975,5,86.0,84.0132427869156,83.89304785662586,84.6322595721192,84.07228902414053
466,1976,1,75.0,71.76016347231216,72.2074357823544,70.32221168034935,68.9157932082852
1117,1949,1,97.0,99.05326789270836,99.21402828274441,98.78022207400932,98.33879479323568
200,1925,5,82.0,75.5680152687342,75.0655127880308,79.58703797102238,78.79928979421248
1104,1936,1,67.0,67.19109936877061,67.1746992218375,67.14590434312623,68.2831829035012
1504,1915,4,43.0,38.6132293437765,39.22899762036977,46.451533385845195,47.91164002023494
1751,1951,3,64.0,63.124306138758584,63.32514451748371,64.0072013687554,64.93415931075553
975,2015,2,71.0,72.42438755371656,72.72116580935496,73.53297603129187,72.99171886389253
1415,1934,2,94.0,92.72330179798813,92.8978901845225,94.2816359904235,94.50407138056596
1125,1957,1,84.0,89.36497028057303,89.35057103278079,88.32371998026582,88.69568530255371
1743,1943,5,80.0,83.3012269459079,83.42133149863604,83.91911939586643,83.78228411464787
1627,1935,4,64.0,58.78070824229093,58.754989075173114,57.25138339362461,60.187028034912515
1666,1974,3,80.0,74.20004036132713,74.01619618496275,74.45872994726287,75.6702320296516
592,1999,3,75.0,70.83874942924942,70.1199806926339,72.01168649902245,69.77741460198871
1235,1912,3,91.0,84.88715288542492,84.90864794049993,89.01394032087485,88.10075602716464
1753,1953,1,50.0,48.74028803774555,48.362748478246175,53.902402234450655,52.097870557626955
1383,2013,4,74.0,74.41845617690578,74.45484755752159,75.39903430602541,73.85111453328025
2096,2001,4,93.0,91.77932926108646,92.12949703285126,90.59247658632889,90.92625715350245
1779,1979,3,98.0,99.38349909050264,99.79677012566641,96.39210630354387,96.08596642049513
2081,1984,2,84.0,84.3957433485021,84.49647313817164,85.62762575034367,85.65287032230569
1037,1977,4,102.0,100.52160672342914,100.84478217299261,99.47523751227223,96.81612981240579
1874,1993,5,82.0,83.73065395086633,84.23785339047207,82.51121808367816,81.9316676446364
817,2009,1,65.0,68.30996866064405,68.08376521832534,69.13992772571592,69.59951459327095
44,2007,2,94.0,90.09788888845947,90.3380397527937,88.42641687333189,88.58359210016101
1725,1925,5,95.0,90.44738396467405,89.64385409064856,89.50345500831264,90.29978513097122
275,2003,4,71.0,73.79971405065035,73.59201372936751,70.79902280915849,70.99506213660382
1376,2006,2,97.0,92.13230641060424,92.24347948628639,89.90878797997708,88.8395935609558
866,1925,5,81.0,84.64296629229786,84.62002733289097,83.39260498774905,82.60943004681617
102,1935,4,38.0,45.21635010789278,44.680169791645845,47.47619920731705,48.32932946011273
1193,1980,2,86.0,91.77286091708267,91.65638465921153,92.53441531174126,92.92659316895188
1084,1914,3,75.0,74.46079157192297,75.12657178647123,72.2967165767714,77.33190998724238
1245,1924,3,92.0,93.79973883219876,93.71975331717638,93.62478119517836,93.21427446608774
108,1941,2,62.0,59.80810996618579,59.90377324872997,61.48293856823677,61.83913071908338
1284,1963,3,91.0,95.15557225681948,94.7348235980811,95.73630355959315,96.12619472990288
498,2011,4,71.0,69.2663997356155,68.82033863733112,70.00252520576477,70.40771051288549
2254,2005,5,81.0,82.111726224933,82.69050763519441,81.29393811405636,80.01889204777278
803,1993,5,76.0,78.34863348875069,78.37183081748455,81.54962033124961,80.26814165817795
1607,1912,3,73.0,72.54702390774729,72.8002834838533,71.62793364414875,73.91724052078597
1105,1937,1,62.0,59.831218219018155,60.0474131051256,58.68028728087233,59.65621957191205
1548,1962,4,72.0,72.00392293618269,71.93253146100795,70.33147185670725,70.49336156866927
1212,2002,1,56.0,61.96355474685413,62.08687583100418,63.43723930678356,60.43511286619408
1386,2016,5,87.0,89.63498582327333,89.9019847169071,91.04095278015298,91.74504335190143
1620,1927,4,51.0,56.60306714018862,56.58979829351482,53.653288053067456,54.00196497094166
2080,1983,1,79.0,75.84910027163211,76.04339465095624,75.90891349990035,75.31949230950022
963,2003,4,91.0,85.90373496139122,86.39478755977963,85.43696704399078,84.60309557662721
1809,2012,2,79.0,78.5371558851527,78.69357253454768,78.57114978113867,79.2437563422734
713,2012,2,97.0,93.26057012533067,93.16354766859607,93.75220617585992,93.17884905586445
73,1904,3,55.0,48.61577191417442,48.96231484360815,47.157646547134654,49.649433008984744
501,2014,4,73.0,71.33922575245526,72.09932843699043,73.14768593368493,70.72140058968635
1514,1927,4,91.0,92.2910268683107,92.5871968126515,89.0940852274085,89.02322911523672
1821,1976,1,73.0,68.02538307895117,68.07042929301863,68.82687154499901,71.40396955055701
986,1971,2,79.0,80.1350921586193,80.11059958440819,81.83378577924002,82.32888929590779
482,1993,5,84.0,83.65578301608846,83.78491402720194,83.35013121998043,85.41721008675461
1342,1969,2,100.0,93.27568484695186,93.34604229122706,93.09197103159894,91.1922865990149
507,1907,4,87.0,88.72293882452563,88.32725985525141,88.85335093476878,91.86211702876605
1617,1924,3,55.0,57.95902853414783,57.75825110032355,58.943129454494894,60.3166823637782
1209,1999,3,74.0,74.02969522095177,73.75449098233356,75.47615852931852,76.36944230400768
1118,1950,1,89.0,88.80583595795841,88.63885706682152,88.19898321156032,88.5564327829946
1562,1976,1,87.0,90.23451289669084,90.3111827311179,88.78354544764925,89.09550887188708
2259,2010,4,69.0,70.84741988320904,71.02205642376697,69.55467792507918,70.4401406902735
1092,1924,3,92.0,80.43347481598768,80.54361137744743,80.83633180015632,80.9747016699061
2059,1961,1,80.0,78.78726281148494,78.39375771042003,83.28581260466238,82.64243438206351
1567,1982,5,68.0,65.83393916069362,65.65700494793077,64.87193591998876,66.40185826859337
1787,1988,5,85.0,84.12018491490322,83.87490232159162,84.86252781826062,86.23229521470009
2067,1969,2,87.0,85.16762064357876,84.72347921962148,86.69543220309308,86.8324846862103
312,1929,2,58.0,59.725441833898245,60.16263246321974,56.72534058131095,58.37095601116845
1164,1999,3,77.0,79.59697575974343,79.27842009466654,83.60533398578988,80.49689983648406
406,1914,3,78.0,71.41416059341041,71.43620748412107,72.16980072198821,73.85485369239525
2237,1986,5,78.0,80.53381909621322,80.42719176116879,78.52401198181859,79.8096316369575
1106,1938,5,69.0,71.85613920313864,71.24006323178014,75.7542077839602,76.935214113444
1305,1985,4,77.0,74.756539870112,74.70955003561913,70.97094705265611,71.90916739752525
1059,2002,1,62.0,65.86950026733041,65.82055439528023,65.79586569203056,64.99225327022067
1430,1950,1,98.0,98.60258346919022,98.49328727436945,95.29578316640145,96.79244197199148
310,1927,4,51.0,50.7376174451789,50.480654483760205,49.60133742914533,49.20893523878833
227,1952,5,64.0,62.6313896900495,62.83429428362025,64.71609318995537,64.83108095979887
744,1932,2,87.0,86.39152064636691,86.72157250462351,87.85180824646282,87.1542052543715
807,1999,3,97.0,94.83437085840457,95.44096319784114,95.50392564646697,95.01229453469786
2093,1998,3,83.0,84.827028775987,85.17858929585083,84.31466940021832,83.62256572456384
1259,1938,5,75.0,70.18541297519758,69.80689415642995,71.44664395814152,72.90299414539126
1539,1953,1,59.0,58.96576119535209,58.965011333686256,60.606057607846374,61.832295537359954
1918,1928,4,93.0,91.28430281377666,90.63493560567468,93.00973011183814,93.50586779875097
2191,1985,4,99.0,97.48592422414043,97.05176919714413,99.66442397723901,96.67516446852527
1831,1987,3,65.0,69.53970459159666,69.19305694903308,70.62162105554206,69.99458917012036
1134,1966,5,95.0,96.05284494964889,95.96258760333887,95.99242302076594,95.42603378652497
149,1983,1,88.0,91.46762403651822,91.40127648527634,93.36671680158973,93.2574669975663
1894,2015,2,76.0,77.83547279450787,78.07552056449788,75.56225096442505,75.12636953434696
1165,2000,1,86.0,85.79972534600057,85.97794780047428,87.23192435300986,85.87604594090786
1879,2000,1,91.0,92.86543866338262,93.63405651126948,93.00541664434826,93.0059319155583
292,1907,4,59.0,65.62164612636214,65.35444966942815,63.89023003082203,66.07947052533085
693,1990,3,91.0,91.75836798295234,91.75279062727904,92.43440416158828,93.47675451749029
819,2011,4,80.0,74.61861590948328,75.00021396787336,74.8803540924541,74.20759564926931
705,2004,5,76.0,70.58207827500698,70.70897435639716,70.6346230658687,68.85146507875908
2109,2014,4,90.0,88.03647552979261,88.64600268042332,86.42193065703857,87.30138153923498
2047,1949,1,96.0,92.2378854004475,92.06674251084164,93.28349905246039,92.3995031964363
1474,1997,3,96.0,100.76832251557576,100.76431877130257,101.27085470070425,100.0818435774227
576,1980,2,70.0,70.63798483302246,70.92514462557324,68.93357607163368,67.7042728469099
558,1962,4,85.0,85.32441752238903,85.42619881603042,87.09399482545474,86.0623056524931
1595,2012,2,94.0,90.19530721765774,89.79045542202049,92.05018535595129,91.28916744989297
702,2001,4,66.0,68.75021841190397,68.54242389163542,69.04574042036194,67.95987456386452
1090,1922,4,76.0,75.45167268346881,75.4923706568248,79.243933033014,76.11003315315551
922,1982,5,83.0,82.69698836990234,82.4006303136912,82.24135084167344,83.13052772871788
1856,2014,4,77.0,74.2640193547135,74.44755742123536,73.17693301783322,74.54051457550237
1468,1989,2,74.0,73.07617244148507,73.1864890700864,73.08038264219351,73.17063405084598
906,1965,1,89.0,89.21871052606706,89.68004391229815,86.69966643295005,87.45025342397237
1685,1996,3,67.0,67.02143332358236,66.07321785506937,67.78533279931209,67.4187239899067
1201,1989,2,81.0,82.4522700888854,82.16070934529094,83.61711365510928,85.29305236122832
749,1937,1,83.0,80.51495910569027,80.50367813887273,81.44201245730211,80.44263186145433
1452,1972,1,79.0,82.81762876889775,82.25825508081945,82.97876593331961,82.40488032159925
2241,1990,3,85.0,90.38091191970908,90.44698497910966,91.37803614375537,89.28412849120637
168,2004,5,96.0,93.58568085266643,93.32841500822498,96.82783124099909,95.73045214507101
731,1917,4,88.0,85.23497954434701,84.92764735220767,83.22637296409778,83.19748381452075
1616,1923,3,50.0,53.22222973826561,53.54541864705293,48.74096115333639,49.886311947539674
287,2015,2,81.0,81.93043835531957,82.1795852060593,81.95389840439289,82.81574415367204
2078,1980,2,74.0,81.22747612714619,81.47381055974427,80.73313457321498,80.51615250978784
2010,1910,5,63.0,65.37257617269684,65.250176702105,66.58099784465873,68.18609966035602
1091,1923,3,76.0,75.73028613188599,75.37839304774435,76.96449112963633,77.64663291828819
874,1933,1,75.0,75.5584074862117,75.69287385866899,76.27090816092763,75.72197926424151
629,1925,5,80.0,84.23994881827161,84.79989247930351,83.97557893020176,83.43248828217251
599,2006,2,90.0,90.59952008957698,90.81363515327297,91.31063532183401,90.12663794728834
1230,1907,4,49.0,54.83005403835882,54.69784143662693,52.23918304486948,55.014939768710676
378,1999,3,94.0,93.03266305850464,92.72156244697524,95.01176825305792,95.36422065131764
153,1987,3,69.0,71.28992739373633,71.33602883862743,72.18307091722819,71.91147500345723
1477,2000,1,87.0,85.20658645320569,85.18676076244252,85.17998093028149,85.7356796536054
1991,2004,5,91.0,91.41561847125564,91.41738130327792,90.32119113637356,89.79957166650561
2054,1956,3,76.0,76.66745261392174,76.3988638125878,75.83206485489038,76.5084195331174
1018,2006,2,82.0,85.31609223639978,85.68658301733313,84.01594992972686,82.24616590417028
1531,1945,1,52.0,57.88657827059731,57.53267552967312,59.552956045920745,59.33603058260865
1144,1976,1,92.0,87.50282479394109,87.2132368348253,85.98303696872487,85.07958758581158
42,2005,5,95.0,95.40441588460187,95.44907663431269,95.64081337405257,95.31673786527685
1559,1973,3,94.0,97.38991374990489,97.79878056982294,98.2691406750227,96.50922950760894
999,1985,4,83.0,81.64093963061424,81.54678391183494,82.12106026996729,81.8273934257827
1502,1913,4,96.0,95.67325912639151,95.4902088214589,99.09474894237428,97.82130599038298
1379,2009,1,70.0,73.31661309977203,73.32741273337146,70.7807178329588,70.98716794492185
1911,1921,3,94.0,95.84609760268572,95.56431901353551,95.633335461252,96.90144290135193
1019,2007,2,73.0,73.47636973628428,73.34065765999672,73.13373087449727,71.63027566259011
1000,1986,5,96.0,93.78623338910835,93.84355335137538,91.04854735611144,93.00790903369108
610,1904,3,88.0,89.87260724987587,89.36759639778234,90.78360445715738,91.82309079737132
1311,1991,5,95.0,96.88008126979332,96.91097541240447,95.75659391062318,95.71110024899173
1630,1938,5,45.0,45.63117926742618,45.79246368606045,44.85886539788238,49.09011044666613
1785,1986,5,64.0,74.15458326979325,73.74632946180462,74.9965757059131,74.42540965835721
1646,1954,5,75.0,81.4331900009652,81.24187532319935,81.11630838039008,82.43237798688585
1353,1980,2,67.0,69.89164134097388,69.6362480152489,69.22324761744095,70.19137342406454
494,2007,2,85.0,83.98865444517132,83.57290153133216,86.88108701470252,85.91557018597776
1651,1959,1,64.0,62.576215479995156,62.623433702753026,62.402504446317,65.69491533947401
278,2006,2,70.0,68.02296775629672,67.69012072079944,69.56855568757926,70.60512445673842
758,1947,4,80.0,90.09681761220762,90.28454191842583,91.48811572286662,89.17248401458662
2182,2015,2,88.0,83.40349145607232,83.45646556392049,84.93407556319363,85.11565258348348
359,1977,4,97.0,97.34272625575657,97.66060312891982,95.36645380148028,94.36102960122346
1392,1909,3,74.0,73.04467056781962,73.16246561978528,72.10817463129703,78.37081274384234
237,1962,4,77.0,79.3370248392783,79.92499705565965,76.23265472093753,77.138185147401
1948,1958,2,80.0,79.61752605910429,79.42067071489397,80.13231304080752,79.02847047265384
552,1956,3,85.0,88.44230026552947,88.83740090098121,90.32510935208798,92.31307209167137
521,1923,3,69.0,74.39049489828203,74.86100971070906,73.86322775909281,72.42675591926532
1992,2005,5,75.0,75.44231603538574,75.98283793148718,73.98284545352263,74.29129273609331
209,1934,2,67.0,63.96279843352933,63.86332069216357,64.56106863331308,66.2525400693699
1737,1937,1,86.0,81.12405374957879,81.02115610116357,84.70732506301681,82.27478239926167
882,1941,2,75.0,69.41747240565746,69.39936551502336,71.53459029756547,71.7410636677635
721,1907,4,85.0,78.80992740412802,79.0885230930074,77.8874920714723,76.54324715440916
1561,1975,5,98.0,97.1799414217785,97.43217415681482,97.44142102752717,97.10339263750653
1962,1972,1,69.0,76.9214531383666,76.6259545591176,78.70961762591729,81.3955530156997
1746,1946,5,63.0,61.71583867024829,61.45846987362579,60.49731649471687,61.90444843376373
59,2003,4,84.0,84.80270827173666,84.68390444813454,83.676721449652,82.63276475251169
632,1928,4,78.0,73.50534772481977,73.8379281038125,73.63458047701243,73.7692976354375
1988,2001,4,90.0,88.34582730988274,88.33433780084177,87.40547469680722,88.23281042287259
1324,2006,2,96.0,91.09942868668938,91.03189976050541,91.56399373625443,91.66610742750821
593,2000,1,95.0,93.73329660734292,94.01887749353338,92.90035912525674,92.5819371506361
1979,1990,3,85.0,80.20393856950096,79.85712081087068,83.79218769761633,84.75291702081198
364,1983,1,78.0,78.0473691724515,77.90647159843623,75.92186386321002,76.90933864062133
1906,1914,3,84.0,85.70406385409338,85.044176266501,87.46685754863068,85.92614133842204
506,1906,5,93.0,87.59839907137847,86.41521094764707,87.78747343723546,90.10239173750206
1623,1930,2,52.0,59.96139929360938,59.946058023023056,56.02869981887174,54.90452768951937
1702,2013,4,73.0,65.13863594211477,65.47178533714107,65.42969043845959,63.24741499252811
940,2002,1,55.0,54.031157746141005,54.54665910918007,51.088800572482775,51.21654816718418
1404,1923,3,98.0,95.37221346187688,94.88081546085334,95.19299298294996,96.13997018329032
2009,1909,3,54.0,57.422606706977035,57.65347674977584,57.82701830885474,59.270510819928994
905,1964,4,85.0,83.87106935809368,83.793475089628,82.9322304771676,80.88695851739689
734,1922,4,78.0,74.88004780694203,74.72825501372931,74.36357656537861,72.56060559295429
2251,2002,1,83.0,82.80753500248716,82.95845596629913,83.70504204227987,81.56607696516033
1583,2000,1,91.0,91.81817737986994,91.90264070199267,92.69415367901698,92.1430181752061
2177,2010,4,90.0,90.97681920378209,90.87675813837407,92.33555976436367,92.56059099127103
1246,1925,5,96.0,93.10822347901185,93.38247286662533,91.89563827040932,92.72929587744798
1260,1939,2,65.0,66.95368873266378,66.8297307493134,67.03521387037613,67.01778257394338
2194,1988,5,87.0,90.71771162414439,90.79418042069967,92.10603747994898,91.28973606919259
119,1952,5,64.0,66.18384882192973,66.46709570329459,66.53971226256765,68.39126775553505
1554,1968,2,82.0,82.17152580787233,81.88773475770276,82.3107376433179,83.69903638627251
707,2006,2,80.0,76.5880610305494,76.41926346635876,76.62277812185724,74.75686073521103
1023,2011,4,56.0,57.78806747319098,56.9697700201728,60.79683059206624,58.53268838745033
746,1934,2,85.0,83.649190468914,83.96435517398716,83.49246075029232,82.0670970885168
1482,2005,5,95.0,89.9402295417965,89.94215174954381,91.2534506335152,92.85880604285467
1655,1963,3,87.0,85.78666026246763,85.41630179293243,85.20834075680774,85.59787521166947
514,1914,3,70.0,68.01602219521115,67.3672995720385,66.48205582876952,69.51005556151219
82,1913,4,69.0,70.78959283549,70.78531519016283,71.05426350966452,72.01257707159185
1972,1983,1,79.0,82.30017485609021,82.58643702532162,84.01430803610585,83.39377347860437
915,1974,3,72.0,62.7321912644724,62.289694747586246,61.25207733001724,61.9147346436748
2086,1989,2,86.0,85.04407674796433,85.05291032606955,82.04562629936022,83.55298243673198
151,1985,4,66.0,62.71411161690761,62.34373503180471,64.76741421456302,62.64992890357351
775,1964,4,79.0,83.93424245643902,84.24251772171738,81.67603774033962,81.48734912327144
330,1948,4,96.0,92.58430806141774,92.26668204292329,92.72899169133984,92.72185071334806
7,1967,5,84.0,80.09853312842455,80.37656305017262,79.24701134569389,80.57772455554849
944,2006,2,95.0,94.51918898265798,94.55676764060715,95.75069174239249,95.55260887975487
1291,1970,1,98.0,100.10010251741475,100.45944371673804,97.1877704815877,98.13775673636427
1794,1997,3,79.0,76.19100217400982,75.66925257039229,76.52267174041286,77.43048504061008
910,1969,2,90.0,90.29987583379221,90.3583502812174,89.70214554097805,88.41654033189755
469,1979,3,80.0,82.78728943017866,82.61894550572639,80.96731764989087,82.06234628275973
182,1905,3,54.0,63.72533579981938,62.86149601204491,63.360991372979996,64.1376752516022
165,2001,4,88.0,88.3544402093955,88.67195083371747,88.89819011264876,88.2671494656124
452,1962,4,59.0,61.23235744098693,61.50241818224973,58.83787313967842,58.486164087977805
491,2004,5,89.0,92.80342913808471,92.62448863921995,92.7061074322693,91.25748090714694
1133,1965,1,97.0,94.42533982548085,94.34035663799952,94.99084520041195,92.6916136014627
1711,1909,3,110.0,101.93870705087343,101.2559681255972,102.65223215377233,102.40284434645342
1203,1991,5,83.0,86.97689123713211,87.1355847203579,87.42926361922942,87.88094781372183
1197,1985,4,71.0,70.9023828083175,70.8945252804467,67.6575528371406,69.2060074242192
2021,1923,3,79.0,74.38500364352045,73.58539332986376,76.72968208384025,77.99537253783494
328,1946,5,104.0,99.12718016916043,99.09269866069207,97.4069043418171,97.35167391224795
443,1953,1,65.0,57.20399614282148,56.78799301571207,57.21158320401508,57.48631941327408
1289,1968,2,79.0,79.71628681965264,79.42110232434679,80.13001467135868,83.53250541539
1122,1954,5,92.0,87.43129522513635,87.6632707275477,83.54063292317748,80.89204517483148
833,2003,4,74.0,74.39915395519937,74.00177361901986,75.41508496034534,76.23183415118028
1542,1956,3,52.0,53.29585094785555,54.008325008263,55.86349026812848,56.13331256374601
1285,1964,4,79.0,86.76196602708939,86.41493948289089,86.13746686016547,86.88109724795525
87,1920,1,62.0,62.57822441663173,62.66102019447152,61.837801913284196,60.179413375544854
2213,2009,1,75.0,77.87039564938746,77.12818606780014,78.49547337493402,79.9500819417774
778,1967,5,75.0,77.62459672250813,78.1301228298353,75.34913516295646,76.11828936884076
1211,2001,4,68.0,70.78622849240976,71.0542585973613,68.9730672831574,72.16883037864211
55,1999,3,100.0,100.64847403174336,100.52519909681604,102.1899669543742,99.36923844437752
2120,2006,2,61.0,63.60392425477907,63.56976105932502,64.47491347522488,62.08922104392075
1361,1989,2,87.0,87.11408022349937,86.546474615443,89.37796268839227,89.35339521243884
1272,1951,3,62.0,63.59504764688319,63.33709646963717,66.27547089657114,67.13248718884365
114,1947,4,86.0,85.40579477026408,85.16313852233777,84.55590868546153,85.03158157903518
988,1973,3,82.0,80.74838071314717,81.04935283083057,81.7976220889715,82.461680769929
2235,1984,2,78.0,80.74157841184633,80.11913956101046,82.88344098073676,85.5766415034505
1270,1949,1,50.0,48.19882076585213,48.19999649722534,49.83157100747368,50.15203306303183
1010,1998,3,102.0,103.6004591020801,103.38445129836853,102.595562597246,101.24087779029331
590,1997,3,80.0,79.17918392946395,79.34011777246704,78.78110194993765,78.73189602747247
1783,1984,2,75.0,84.27779536373525,84.01736345421979,86.37469310998796,86.54165805710981
1961,1971,2,90.0,85.99091106158492,86.00206755989197,86.57456032561524,86.00034993773582
1693,2004,5,86.0,86.69367713842456,86.45417643712408,86.05850824852651,86.40366190874411
286,2014,4,96.0,93.50637105046921,93.54881655812497,94.1852097134614,94.08859055856207
429,1939,2,84.0,82.48358124879206,82.69154812928247,82.23983279866734,81.26494279813033
1462,1983,1,91.0,87.81091961838182,87.87774443215467,86.88345143386103,86.56807767708686
670,1966,5,76.0,79.34007808930774,79.43854951363444,77.00787499269298,77.62311743323886
32,1993,5,71.0,75.02773081073833,75.4689295845605,73.20930362296338,72.77201452524776
723,1909,3,71.0,68.43091263796478,69.12786227799496,71.36297508276235,69.2623778521296
952,2014,4,90.0,86.02971441739882,86.29454090287147,86.36228437312603,85.82190846879001
1565,1979,3,54.0,52.10935635512347,52.02628219950198,50.73121527276582,49.64154948693874
215,1940,5,67.0,64.07002967103914,64.49701257192184,65.02446163762545,64.97207101574783
1448,1968,2,83.0,78.67728918327462,78.46241915943494,81.66595311077018,82.00916674613198
327,1945,1,71.0,69.26820981114746,68.93129067328205,70.58337830491568,70.29895076219566
561,1965,1,95.0,94.91983387842939,94.82324152351607,95.73668609267688,95.04112319620552
1087,1917,4,70.0,72.21152259903857,71.82761736847337,69.68541416616601,70.54355107841157
2256,2007,2,73.0,71.79796463193973,71.6427825039619,73.1162087306315,72.32620396987036
342,1960,2,65.0,65.21402775936178,65.29875559603025,64.8363619388581,65.44234761504796
148,1982,5,89.0,87.2794053292916,87.60904109719267,87.65513608786289,87.12958576931902
1492,2015,2,87.0,87.67898725595697,87.56934408986811,88.48085330841865,88.58839507917463
1745,1945,1,82.0,83.95881040733667,83.78151912708137,83.57665193291152,83.69379692852661
967,2007,2,71.0,72.16767895429093,72.09324897099718,72.09385893604154,71.99852005294996
1993,2006,2,76.0,76.51492380167504,76.7740811524149,75.467841548829,75.37263312944184
156,1990,3,65.0,63.79371057096783,63.46034565661206,62.89869013069121,64.8094680224048
1341,1968,2,73.0,78.2856765415853,77.9403766072131,77.31082870414279,81.03172313709089
1322,2004,5,92.0,90.61473784748202,90.80407268439797,90.60741356437039,91.37518123737432
1889,2010,4,61.0,61.93524580972782,61.649380871884006,62.93804435327834,61.591950368568696
2123,2009,1,84.0,84.64378853415216,84.8562650554761,86.33178855367005,85.94946584712933
1755,1955,2,60.0,53.92841263222924,53.8157040373901,57.487534453588964,55.462430828972586
1772,1972,1,96.0,100.76957685577503,100.28680764189433,98.71638169635123,98.90013970302178
2133,1963,3,56.0,55.50389582291901,55.34492505246152,53.57336870140476,54.20439170130218
1314,1996,3,78.0,76.29421215859485,75.73635396098375,79.7785680228585,76.80437472136161
2126,2012,2,90.0,95.7190161140219,95.80533643672953,94.44957906839058,96.08015837997526
1447,1967,5,72.0,69.58234667342089,69.35270497635356,69.45111334154983,67.12241273625297
1613,1920,1,62.0,62.05179412428015,62.93566797515645,61.95407805891989,62.33498327318079
2024,1926,5,89.0,89.05400284995757,89.12312933692934,90.2353212843171,90.50194318612031
939,2001,4,66.0,66.11013913984485,65.97468569290763,65.14544514173548,65.55327934533679
2193,1987,3,96.0,96.0935963636174,95.63787936079923,98.61670238709247,97.36001398888746
347,1965,1,62.0,68.31211804476625,68.56824017761771,67.81911194721462,67.22420922199228
1738,1938,5,86.0,81.28131429013456,80.81055848838591,85.34671667667367,83.71942579222343
2244,1993,5,94.0,89.80628220159872,89.97130938286492,90.6465661360959,90.18299660179834
386,2007,2,96.0,99.19437935166101,98.83771270364375,100.89211214517992,99.49954894119242
1798,2001,4,62.0,62.368743958504936,62.69326540947495,61.7092904610337,60.70073269354848
1317,1999,3,63.0,64.78459479308218,63.958416825651206,65.08908797732677,65.7312956289278
244,1969,2,109.0,109.17503344887683,109.24225392292587,105.77543832519574,104.57600902277974
1208,1998,3,74.0,70.12575944232454,69.56939477284122,70.5547692020219,69.83812704280157
937,1999,3,69.0,66.71459583190827,66.3436015049218,66.80379369530652,68.06059448560336
1851,2009,1,75.0,71.44106477535728,71.75698080924617,71.8055857478859,71.35932696135747
313,1930,2,52.0,58.37952706265983,59.47717735908277,56.99982692226721,58.53178706562941
2212,2008,1,86.0,92.19527870636792,92.4236488212149,91.77677029634374,93.52985473997911
969,2009,1,87.0,82.46899832289694,82.59277667270462,84.59247372078777,84.52632316975172
661,1957,1,80.0,77.0946361418321,76.85911000606625,77.51628946579626,74.29306794738889
1869,1988,5,68.0,72.10264205704252,72.34032982641845,71.595387046368,72.03833670852856
371,1990,3,88.0,85.0053289210683,84.85947304780106,84.98443330124451,84.43781973057176
567,1971,2,79.0,84.87817463770985,85.116042265225,82.43144019507287,82.9409166887403
1594,2011,4,74.0,75.87114801943426,75.8238804682529,76.85356212565664,77.40858706472359
825,1993,5,67.0,64.35427753937637,65.04168019180183,62.536280550199855,63.05715800193343
983,1968,2,72.0,69.76375355101273,69.84748958704412,71.5547377459535,72.55528737153324
1191,1978,2,93.0,94.79258234960598,94.89444940939107,94.4487229637004,94.25491475166768
814,2006,2,78.0,83.55963598864554,83.47811432066715,85.1889195642445,86.85400228400006
779,1968,2,86.0,82.70863550438948,82.4632805205306,82.92729361452756,83.53193758139808
1053,1996,3,75.0,77.09092692122195,76.81884780747885,74.90208854724536,75.50079805426317
1469,1990,3,67.0,65.15647528558918,64.4917717298597,64.52664375576327,63.93253137459844
1014,2002,1,84.0,86.32005884500829,86.39050068184488,88.01678043931642,86.2588310267126
1382,2012,2,74.0,74.17633353720365,74.29257614455354,75.71756504207073,75.23044135512214
1712,1910,5,86.0,82.28292101360341,82.43473519393108,83.5298750334728,85.38727564889611
2032,1934,2,95.0,91.71267525604641,91.82268543975086,90.67435453353566,90.77230265511996
127,1960,2,88.0,87.30745749268344,87.90074687678606,83.80345712275333,83.643630274745
888,1947,4,85.0,87.93719805685808,87.93978450287553,83.92461941971825,83.29114414624969
1008,1996,3,82.0,75.92832696572579,75.65866520638033,73.5422840553664,75.76987809233091
356,1974,3,84.0,83.99164318173962,84.15332366146136,84.38783294980912,83.02186618658658
2164,1997,3,77.0,74.5094137651502,73.45561678324822,77.87003157347218,77.43778559155822
683,1979,3,90.0,89.32602294915677,89.45118208391095,89.83938864523289,89.59299288509439
1927,1937,1,95.0,88.22625566550163,88.54370405833764,88.5884283211556,89.80502211514809
1612,1917,4,87.0,84.90247889191416,84.35927284214797,88.15633529817444,84.39803177393911
985,1970,1,79.0,80.05500356849998,80.18139565078691,79.07236986197732,78.17868167452045
1810,2013,4,94.0,90.84204750599677,91.1307913982588,91.91386616466423,91.39960523215868
141,1974,3,88.0,87.90839910912203,88.23736044761611,91.20564716045992,90.91937816871275
1805,2008,1,67.0,66.4618115111968,66.53301990448031,66.64924537474212,66.95429613175415
1673,1982,5,89.0,84.42764007340611,85.00929822063708,80.92237781314196,80.94521538968567
1424,1944,1,83.0,82.91494246966083,82.88409842394663,82.15362121805174,81.8544108019048
1976,1987,3,90.0,90.31860059064617,89.91703666392831,90.91998878016308,91.39300371959689
1375,2005,5,83.0,84.90015659854784,84.61559795371133,87.17140614323976,87.01779683861764
1177,2012,2,86.0,83.57874751952416,83.73429503524592,84.80198935653306,84.0498000070225
2092,1997,3,73.0,76.91093811866426,76.30175406728654,79.12454019440104,77.63476563811444
712,2011,4,79.0,81.31604113533301,81.13144762449693,82.32707080268638,81.7305598060177
1158,1991,5,93.0,90.18543154596824,90.05121155886387,91.30116891919835,92.30179746814217
1223,2013,4,74.0,76.5609746389618,76.7268756739028,76.86915832728553,75.53085946464897
872,1931,3,61.0,60.1126087015071,60.50373807542383,58.03367886406807,59.3025857395461
11,1971,2,76.0,73.01024114323904,72.86781183190193,74.03722018953785,74.98223300207117
1406,1925,5,69.0,72.29618573995579,72.18660625926576,71.11574652712109,71.36262683240875
2121,2007,2,66.0,64.55028379375531,64.39675542576958,63.52071405827926,64.37447927129647
755,1943,5,82.0,82.80110979112703,82.93110863411269,81.02104656520962,80.04728697897508
627,1923,3,91.0,85.96472372017813,86.56807502489801,84.695951243802,84.91656036383438
1396,1913,4,57.0,57.534191598197815,56.56342551221593,56.98673455334702,61.05965203449556
130,1963,3,84.0,87.3502787711566,87.17746993647387,90.00625392469627,88.80483805021295
844,2014,4,66.0,70.11023597083243,70.09219034446093,70.02976613565308,72.8379161446591
324,1942,2,93.0,93.49544244733998,93.50457874852731,93.62530366342699,95.12580481750919
2195,1989,2,89.0,87.20507212899936,87.06955506953149,88.34733071486725,88.37744728261055
15,1975,5,72.0,71.62806474825169,71.74049406896636,70.84871084561024,70.27675608091484
1671,1979,3,84.0,78.64019724155045,78.9796386947453,75.578597082202,76.49624173697835
216,1941,2,70.0,70.4856438974877,70.46838678153406,74.07191293186295,70.63155137627082
1308,1988,5,91.0,91.58564668809854,91.6394088513989,93.14305491037862,93.32667815871015
1576,1991,5,84.0,81.68415380738408,82.12891973367576,82.4186711978227,80.59302236636043
1431,1951,3,98.0,95.4489038936788,95.36896560013852,93.25955038782861,94.63380519614027
1264,1943,5,84.0,84.95235172761373,84.80896325791478,85.40947548948746,84.26736351113465
865,1924,3,86.0,84.0078716333334,83.794586099217,84.31374657883208,81.9829977056544
517,1917,4,100.0,100.6752310828217,100.50394452830923,101.13164206677325,102.37287569952113
598,2005,5,99.0,96.49090105832805,97.05812884277273,95.62739724622944,93.9255688118091
196,1921,3,81.0,76.81314326464052,77.21426329416482,77.52741285366014,78.01440184330573
289,1904,3,95.0,93.26435187557534,93.0822296740595,92.76737154032416,92.68666116717804
951,2013,4,93.0,95.49187556248532,94.901869663141,98.61175687581992,95.068506724167
1478,2001,4,95.0,93.99330783912573,94.36162593166233,96.95491817764707,94.34712850934237
1724,1924,3,90.0,88.66606315205902,89.50833570583099,89.31244378534636,90.05117660842166
1121,1953,1,105.0,101.93783256024126,101.32703450510158,101.14723770247974,101.87931205043098
550,1954,5,94.0,100.61403394322416,100.9570311851452,97.1366213519966,98.76735198971674
157,1991,5,94.0,92.55141413355385,92.57676615930436,92.43392889645342,94.09878640484958
420,1930,2,90.0,91.40839673794993,92.19781554799053,88.26857748092087,88.43434423454758
923,1983,1,92.0,89.25794383456642,89.04754338418107,90.19890791703618,89.98109515314458
478,1989,2,93.0,92.36108949468529,92.42247660322496,92.83430929939051,91.84724475854702
2233,1982,5,86.0,90.6996752830469,90.57679756406529,92.22204418907576,90.82394569881905
554,1958,2,82.0,80.38920572555577,80.27537543773332,80.34768971305469,79.8623642990148
391,2012,2,69.0,72.87578486867305,72.93716855401468,71.69628158903006,72.14220447081574
579,1984,2,74.0,76.28180506474459,76.38295293387685,74.14724510751452,75.09160333822524
2097,2002,1,97.0,92.93623467673427,93.08620850804421,95.37093419134784,92.91707330827587
1323,2005,5,83.0,85.05776273031789,84.96976172895351,84.6351155559828,84.12690630102861
2056,1958,2,72.0,69.47144223731232,69.22804207228096,67.69550991432051,68.44611808526577
821,2013,4,92.0,86.53519108002271,86.43968404592923,87.31349813226637,88.61052692830496
2260,2011,4,80.0,80.05030670103537,80.26724498398542,83.0505805278091,83.01594561086108
1007,1993,5,85.0,90.5210080048129,90.87978947713728,91.56151212193134,90.7920709913252
1316,1998,3,70.0,72.66251043598565,72.05345441578636,72.73029943656516,72.06282350344829
665,1961,1,93.0,87.83339385724716,87.91993784673059,85.79256354623162,86.91057498084493
1886,2007,2,88.0,80.43321288081485,80.76982561577084,77.88111543654995,78.72733626664325
143,1976,1,70.0,72.0545034900101,72.27987648243943,71.48309775724191,74.21804729478181
1902,1910,5,91.0,93.25201147668702,93.78642150094097,92.06424452674993,91.86567793905175
2223,1971,2,71.0,69.35615365030817,69.68561965926412,68.760699330916,68.30712943053047
422,1932,2,90.0,84.4415746718472,84.70717865195193,85.08424101983914,85.75729838620897
800,1990,3,77.0,80.32630978403873,80.20165996927726,80.58207153173387,82.24633932192668
616,1910,5,75.0,70.26897463803923,70.03329762645448,72.13620086621242,70.35648485134233
296,1911,1,78.0,78.88937716673283,79.2899700861477,81.58787093318558,80.86796136693488
402,1910,5,104.0,101.57400264989752,102.04842001136969,99.91523207429184,101.89030167150865
89,1922,4,53.0,52.104740089500524,52.22110683773661,53.30591758411111,53.85877303334378
1661,1969,2,63.0,68.9840273726909,69.1582801247339,71.55327235745922,71.27308855495096
2230,1978,2,76.0,80.54903430662311,80.10184461284949,80.47424004957789,79.85775270137819
132,1965,1,86.0,87.71718096080032,87.69359103050755,88.01809391692146,88.3789689332861
1271,1950,1,67.0,64.80521502165482,64.83154416595355,65.273161090435,66.33854185606424
1344,1971,2,83.0,82.08238916463594,82.01817928853266,85.12209855365411,85.86800229561003
1822,1977,4,69.0,68.07106302502872,67.53860316546803,69.8456701816282,69.26082050134325
1880,2001,4,116.0,111.39166514976014,111.96720130192116,107.30942196688116,103.95242903819336
1629,1937,1,61.0,64.28709879369204,63.967811336284804,64.74756039152334,66.15184029201019
725,1911,1,80.0,72.81692191010664,73.29562110404858,73.89023253516345,72.65544012013984
1429,1949,1,97.0,99.81554853681752,100.25936381288439,94.69519200379983,95.29525803420526
270,1998,3,79.0,82.79859393768382,82.50389738080506,83.58219770787439,83.3319291795008
1701,2012,2,81.0,82.19341254306838,82.1174950512649,83.20179123878773,82.71514350732518
918,1977,4,74.0,76.24939604257101,76.33473325886763,75.15251931416338,76.46972908328623
1843,2001,4,79.0,79.35027138565182,79.3397413240722,80.25988305614621,80.55193024241333
1648,1956,3,71.0,69.39127151624854,70.00233646451547,69.09620446000855,70.56115024665144
1290,1969,2,97.0,101.02401861332692,101.04884843649111,98.50957728527202,96.78773762884781
376,1997,3,78.0,79.70861179590707,78.70648052630195,80.8537685195332,78.20655606991649
334,1952,5,76.0,75.93683257608944,75.9660182495376,77.10186810282651,80.86133995283767
1450,1970,1,93.0,91.73538078973284,92.02781686369892,87.65192818406749,88.40757360120368
2129,2015,2,80.0,87.24140891791538,87.29186549073378,87.74896556133719,85.7348973119257
1119,1951,3,97.0,92.39434461719645,92.69921793948757,94.08300251506004,95.1072356029687
911,1970,1,79.0,77.15879166040632,77.39870854408917,72.17377637661355,74.82665259874325
777,1966,5,81.0,80.27237490058025,80.30581628804156,79.59968342953097,78.87079384612923
1682,1991,5,78.0,73.05864561257953,72.67559365054835,74.99487737695733,74.408203932901
329,1947,4,83.0,84.49332156571342,84.71289227796764,82.4531284247729,82.9214579236541
2033,1935,4,96.0,94.56878092711824,94.87906463998559,97.57278308145072,96.09908797897124
1638,1946,5,69.0,65.285971228114,66.05388177514574,63.55547411351281,64.3178893836319
13,1973,3,79.0,77.36601638978159,77.24263524314864,76.84327344670336,77.70938953300482
898,1957,1,78.0,77.50946758095807,77.3968467007113,75.91967858324274,76.35618979881367
172,2008,1,72.0,73.32047752167115,72.86254357193569,75.4493333252832,73.67941665129743
261,1987,3,67.0,65.1954127921289,64.97844227681668,62.587769765439305,63.34442542799618
1513,1926,5,83.0,84.76675922830545,84.19577837721121,86.87587802369018,86.94774030832181
1981,1992,4,72.0,70.41193070700697,70.3628983212962,70.52307987387272,69.11186944003882
902,1961,1,101.0,97.2942174534006,97.7170963019291,98.29381824725998,96.56097070842699
259,1985,4,83.0,83.0263837500528,82.9085221672212,84.43024663043107,85.60498134136404
845,2015,2,68.0,69.77585236214448,69.87324398207033,69.76959244803272,68.86113357665296
139,1972,1,70.0,67.37872546230246,67.03836050032281,69.90098486557164,66.51672741395475
320,1938,5,88.0,87.56188358574545,86.55648411473341,89.19649586275848,90.42884832009807
2145,1975,5,79.0,76.87196681329519,76.82515494076623,78.02822076167685,77.97889665271016
1538,1952,5,79.0,73.81810337857705,74.37698122654767,71.71535530500489,72.42752861207002
1470,1991,5,71.0,68.97116640004991,68.68901865820786,70.07982115921283,69.05872413563887
559,1963,3,94.0,97.71606523268521,97.94187021563879,99.06169103574824,96.71561384540014
140,1973,3,76.0,84.25377421314035,84.57318127823697,84.35284895713656,83.25853161052754
113,1946,5,81.0,79.99510531963696,79.92445113184442,81.92280909639977,79.8356934461503
532,1934,2,53.0,55.121574817517256,54.92863138369644,51.41000683123706,52.904029596216475
225,1950,1,58.0,56.40820820617567,56.44415099991189,55.43413378212319,52.67577255363834
724,1910,5,71.0,67.07121301168522,66.97378931317984,65.45559531688897,61.57637301149255
2103,2008,1,86.0,85.9629519095867,85.89522892256191,86.69685208412744,85.71785194191753
1838,1996,3,91.0,91.53891027523521,91.4706091582506,91.60436285481963,91.02916905246576
326,1944,1,77.0,81.88033600685135,81.60567668391792,82.13352274171174,81.87379880684266
1577,1992,4,96.0,91.57936692948903,91.76352595718764,93.10003162376789,91.89597169484918
1358,1986,5,108.0,103.42127829306608,103.59037426550394,101.37113010017937,101.99470926763162
715,2014,4,76.0,79.21444751794174,79.27464372026347,81.0309999627529,80.28033112158673
847,1904,3,62.0,65.50914611606528,64.60881371016752,59.494666860266165,61.2113112022062
194,1917,4,57.0,57.169536891542506,57.26811582000155,55.659157024766415,54.944964444316895
574,1978,2,71.0,70.82964760092187,70.88450613535879,69.70136637424653,70.42878155423942
947,2009,1,86.0,80.7380370893203,80.83229693178049,79.2369405556281,79.0012810973165
504,1904,3,89.0,90.64759820352829,90.51747548574325,92.59082687827863,90.67111685993827
1566,1980,2,83.0,86.24782871440136,86.75383773357444,85.15624817880644,82.62373336506852
1455,1975,5,83.0,87.76999823202165,87.75535868327154,88.05667559209357,89.22123842262
646,1942,2,76.0,73.14388207846775,73.01687084933934,74.07239008496703,74.93216102005042
4,1964,4,82.0,82.9900588686029,83.09062979426878,80.55050503978944,80.98668878068565
1437,1957,1,98.0,100.25788392220875,100.43105596771214,97.17558406237637,98.96307088291998
468,1978,2,79.0,75.47391119241804,75.20639830323294,75.8357882980693,74.82763599457911
6,1966,5,80.0,78.91211745940126,79.05209384223241,76.65229305880983,76.95191923280062
1657,1965,1,85.0,79.75444262367984,80.08181337239641,81.27533110965612,80.40363937995565
1719,1917,4,51.0,62.174115889126924,61.56782490205418,61.256593828359364,61.993295148235006
548,1952,5,81.0,83.57085649020733,83.76809917205752,82.42160052871427,83.45169188819926
229,1954,5,54.0,54.81971721631885,55.18724184245046,56.88292092336832,56.395569667118174
1064,2007,2,69.0,72.00199286104562,72.0832918922563,71.01952823350088,71.1305010314587
543,1947,4,70.0,69.58473571256842,69.73683618395009,66.04933289299183,66.51623539191516
243,1968,2,91.0,89.6274112811778,89.56985264566372,90.67232981450171,91.37853361493046
899,1958,2,77.0,81.20381039811184,81.38070273253467,82.87635786180492,83.81750170471693
1691,2002,1,80.0,82.13306123448528,82.02522002690196,84.20909383333714,82.88225349243015
1161,1996,3,90.0,86.69806078524272,86.48863413890972,88.25734381262995,87.4721530675044
1491,2014,4,84.0,80.0568409699606,80.29460376882514,78.99760707848614,81.07924945821371
1363,1991,5,77.0,78.67595565420591,78.16611697700762,78.28645686387172,79.7569849195352
843,2013,4,74.0,73.03626901930005,72.91718026601617,73.3297699945878,73.62935487864392
1780,1980,2,83.0,85.3559978494225,85.37207938715223,83.60387339246489,83.47788086848567
1445,1965,1,77.0,79.69173588769209,79.56780836207248,81.55124245891517,81.05647974874805
277,2005,5,74.0,73.83965495457537,73.76733283058351,73.31667214502043,74.6630311220076
662,1958,2,76.0,82.09333788699486,81.71204438203758,84.85198058396051,84.77801326793566
1668,1976,1,101.0,104.08909449013774,104.33511391193966,101.03494231483248,100.27076075826942
315,1932,2,43.0,41.83763140699421,41.739407043808555,46.7183048269057,49.09051632487487
692,1989,2,75.0,73.94961015004858,73.90275137837665,75.80859641985109,75.02197771986513
1887,2008,1,61.0,64.36845512924468,63.83892940822452,64.9580366363976,64.8091496986768
425,1935,4,100.0,98.72904318413215,98.59221044256073,103.33854855481964,102.7278798771859
595,2002,1,81.0,84.10757942862183,84.32815031514443,84.22299870114048,84.64419137319982
2245,1996,3,88.0,86.38125526438692,85.91230454697474,87.90008284176875,87.3254356128642
623,1917,4,78.0,74.79508971412591,75.15447748972915,77.68375126994471,75.90390350761417
1463,1984,2,87.0,88.68427035039849,88.3393085643948,88.53319475036692,87.86566976941411
2082,1985,4,101.0,101.32706234094556,102.0732199521745,99.97208017566257,97.26230295622483
228,1953,1,54.0,55.40844136166066,55.54596023825162,56.38080858509868,55.310928279547696
1728,1928,4,85.0,87.41804972170318,87.25504092489089,88.83999272126158,87.80976255958493
1170,2005,5,71.0,74.27571232536239,74.31098604245906,74.46257049895684,73.04149608729537
1839,1997,3,76.0,73.74459642569985,73.95524882105197,73.7938163972444,73.9857355269289
1377,2007,2,88.0,85.63845745218735,85.62296610383451,86.36724698745336,85.08923501881415
67,2011,4,94.0,91.87851028617376,92.22607855330975,92.68414982680211,92.1373787029201
25,1986,5,92.0,93.08231390382295,93.56793568791974,92.26347190765632,92.7996692964802
1236,1913,4,90.0,83.54836897351626,82.70957052792507,83.39284220149567,80.94332475557663
145,1978,2,69.0,66.2821594279088,66.30212901810981,64.83261408167178,64.46752976900129
537,1940,5,82.0,86.93626795397371,88.0176343276018,84.52833547716993,83.66947867714232
812,2004,5,80.0,81.30757191956562,81.21187068446734,79.49284161078008,78.24444707002361
1402,1921,3,98.0,100.25102455546285,99.48914565481124,97.61143062233396,97.11669163052441
86,1917,4,72.0,77.05996022562384,76.80377500196082,78.07026141433735,73.39911215934376
1255,1934,2,66.0,68.68901839659887,68.50815973435327,69.92575211706236,68.56645035140417
1700,2011,4,102.0,101.62988308923383,101.62984500199168,97.95047962530491,98.17461304527687
1947,1957,1,69.0,69.32842273888409,69.2694790562335,72.47901726414605,72.65907124548404
1476,1999,3,98.0,96.90445098135362,97.19377475447313,98.59165332781342,98.64744361973483
1345,1972,1,83.0,77.31207178689642,77.1447547255899,73.85647598987434,74.0979401652479
485,1998,3,90.0,89.80316349813295,90.24312710885856,90.4724602236581,88.4230812578827
1994,2007,2,71.0,75.77443932438163,75.72863050500754,76.37783279777615,75.85877802476182
2165,1998,3,88.0,87.75667769693545,87.48661376995724,88.88126431641676,91.29613174340258
1717,1915,4,73.0,79.24568695976494,78.27723780089269,81.11398747239421,80.77985612779636
1545,1959,1,66.0,68.0885345984075,68.0201595348403,66.67930194624167,70.57012765094652
2231,1979,3,95.0,94.51266877436687,94.86814324961658,94.3131922440171,89.52061199918788
363,1982,5,89.0,83.04106286848548,82.73099892144566,84.80668707422751,82.96501405800875
2019,1921,3,87.0,90.23588180119904,90.89998949529401,88.81667065870383,88.46553497320619
1442,1962,4,96.0,96.26503155204809,96.555235045629,93.52476100516914,94.71846795770772
1027,2015,2,86.0,90.75870026915692,90.82775163685338,90.37285484032427,90.57110022413083
1031,1971,2,85.0,86.00073694012107,85.98913724938645,86.06823043076854,85.34374499806381
1731,1931,3,75.0,71.20645976952018,71.70135558266753,72.10409330594825,71.90956135590056
1336,1963,3,51.0,46.02364482126197,45.30862167074514,50.7654980399888,50.015551233625416
1862,1980,2,59.0,62.36672889787968,62.420269101088806,60.103604127103154,60.92659382972848
2090,1993,5,87.0,85.36489262924346,85.60173146509258,87.5550744732241,86.98823804608497
666,1962,4,98.0,93.44236159165536,93.79290389171777,91.44537812543504,91.17278408248943
365,1984,2,86.0,85.40091022773704,85.58293446319402,84.23205630394705,84.01365351159546
1240,1917,4,74.0,74.05399738611658,73.395481966419,75.47732144169908,76.13166485418365
78,1909,3,45.0,47.22064734012092,46.498101050383205,48.09486903694413,49.86930213214442
28,1989,2,91.0,89.60725817810493,89.51116716644168,92.31033479376863,89.5266700838512
1804,2007,2,68.0,69.5650887263104,69.92546176098067,69.18472785582865,68.35885740333151
526,1928,4,72.0,71.55189595627083,71.75954142034533,68.3950013231322,67.67570335406924
726,1912,3,75.0,72.77119626537677,73.45843214023452,72.39574643855009,75.37063621217293
56,2000,1,85.0,85.08859909062147,85.37506587026671,86.39264519582838,84.38553719747595
639,1935,4,68.0,63.50555650482722,63.80251742346488,62.80576789765596,64.58826314069373
303,1920,1,72.0,74.62278349461354,74.93858936045628,73.57189411107339,72.37322543540635
719,1905,3,76.0,74.27427458297291,74.83924725799763,72.39858310129883,73.02829140713163
1519,1932,2,94.0,97.20614139105545,97.40679555190428,97.49697162468631,96.71879397046389
625,1921,3,70.0,74.80604896761503,76.09742995679606,74.76384751670709,74.35566015295508
8,1968,2,67.0,65.03731283738765,64.96840888100012,64.93787841913665,65.72868623402239
1281,1960,2,73.0,78.22271069607935,78.48959647794685,74.52286768711579,75.50697207182874
804,1996,3,99.0,98.5190649895855,98.78706817742435,99.06401015691456,98.64856947730209
1050,1991,5,82.0,82.95745333531765,83.04743254506,82.54241887758378,81.62391200780121
337,1955,2,84.0,88.13119973033928,87.86054303222524,91.32303488631361,89.49751815315778
48,2011,4,86.0,84.76209845024594,84.89222096418534,85.9647560043898,82.83577251344494
1858,2016,5,68.0,70.68520267151118,70.96471246843181,70.0842898270822,70.48146058783175
107,1940,5,65.0,63.57522158548469,64.28665285175003,63.56516805886984,64.81684842136315
350,1968,2,86.0,83.10318085084039,83.63370182851092,80.7505321868202,80.34087953665151
1080,1910,5,64.0,63.898136754199534,63.694770077877294,57.87393330461224,60.10533644604933
239,1964,4,97.0,95.17915870354912,95.27814823877111,92.5012452978825,94.15779427995047
214,1939,2,43.0,48.81415752813492,48.23223310980761,48.442045146694014,50.19179859439457
1145,1977,4,98.0,100.5110930840156,100.60592392639839,100.06812163921114,97.34485677329883
1564,1978,2,69.0,63.38829041642391,63.502190153455146,58.83888727220306,60.91599364366358
1423,1943,5,98.0,93.6616487795037,93.98349703217909,92.80185577822475,92.45387628727369
794,1984,2,75.0,78.92430458879403,78.66484800391424,78.23808443192756,78.81018611031928
1097,1929,2,70.0,68.02644301064736,68.16044572095575,66.99263625991388,66.77728188473355
1472,1993,5,88.0,84.7642056677493,84.22260771968834,87.28720439254582,85.9781171027783
1405,1924,3,89.0,87.88016902117806,86.91569413741368,88.7841541512579,89.05450495211382
1986,1999,3,86.0,84.90570109003548,85.23648714676635,86.25368964980748,83.8307042245392
346,1964,4,72.0,71.21620162379008,70.60456926121464,70.38601093934872,71.05914675526842
524,1926,5,81.0,85.57422543140561,85.81210974183332,86.09131758621723,82.87607787454095
233,1958,2,74.0,73.591348011864,73.80871549992473,72.89968684045733,74.25884293857078
645,1941,2,88.0,82.24046747613386,82.75276827028927,81.83445143659046,82.3783668906395
1892,2013,4,71.0,71.03009982358995,71.2227386820246,74.08278694597745,71.84686586237916
534,1936,1,81.0,78.98239084460039,78.71253122236365,81.01114543050217,81.91765656786146
1893,2014,4,87.0,89.18637908722273,89.45519867117491,92.16372886618089,91.8814938239736
604,2011,4,79.0,78.8699203850692,79.29000141069913,76.88887918447999,75.42318814021237
1507,1920,1,48.0,48.756920360952776,49.77127874371678,45.32323577021124,47.01321068678228
1075,1905,3,48.0,47.18949216463586,47.60969271901997,47.04719980863132,47.71571790846706
2006,1906,5,52.0,56.25356754668708,56.3133384145645,54.248839821131895,57.38362373261476
61,2005,5,77.0,71.42192128948439,71.63932526126526,70.85174381505857,67.60159302025252
1578,1993,5,68.0,68.99974810559684,69.19395712403242,68.49500156820787,68.6006818689089
93,1926,5,66.0,64.55596895989487,64.42821370737128,64.99878991267371,66.03127006283461
667,1963,3,86.0,89.14546557442229,89.52530357041769,87.49307967823401,88.5450650909222
1678,1987,3,80.0,78.90924716555472,79.00701725258018,77.18121710940423,78.65549482108175
2030,1932,2,72.0,73.5928131466991,73.69740647088402,76.60858404663297,74.28031575834882
281,2009,1,64.0,64.79017901461985,64.20619482295552,65.36272267130414,66.0462758264037
1395,1912,3,50.0,54.77398647307487,54.65775955546821,53.30819156368422,55.55445298628046
360,1978,2,99.0,94.34076256662736,94.2886906921891,93.39905067670826,93.70501327273426
1412,1931,3,94.0,103.79847624175544,104.86631147672769,103.42000217978006,101.51896079247395
2132,1962,4,60.0,65.18109538131374,65.08101569479413,66.62911073439103,66.62984132151647
848,1905,3,79.0,65.79542774664115,66.57194995554565,63.69547379405064,64.18862215102968
1207,1997,3,78.0,74.70178595000311,74.04479018510627,76.04529045351299,76.89445070494148
2152,1983,1,77.0,81.63419617810142,81.39051150891957,81.74736087956146,81.59861023333215
111,1944,1,65.0,68.34768459513755,68.41273540105223,69.0719928064495,69.51910630069663
43,2006,2,89.0,88.29595217468838,88.51172339486183,87.27938135829733,86.10423003644948
126,1959,1,86.0,87.48420601882134,87.643479847116,86.6973373713762,86.58299018266652
205,1930,2,64.0,67.70141993738741,68.41074587914498,62.71431524772978,65.56930658559851
53,2016,5,74.0,75.55915261177695,75.43981977982915,77.80666200801521,76.36880677720058
546,1950,1,60.0,61.211825439622785,61.43288788402665,61.38934029740028,63.22373414057233
69,2013,4,81.0,81.3869109230054,81.32815152463112,78.6491981526652,77.32743797373558
1421,1941,2,101.0,97.28961668606998,97.57555918165387,97.43141767786801,98.12844077392872
1943,1953,1,70.0,75.90761413197033,75.69809631048957,78.92116484873537,80.3910450116513
1551,1965,1,59.0,62.56549450038275,62.46097970725316,63.43345047216923,63.07528110545214
184,1907,4,69.0,76.21214459219051,76.16422791649177,76.32114133046676,77.00824099253634
138,1971,2,82.0,77.24774804791647,77.55047541098402,76.51029369969713,75.98266514377372
900,1959,1,76.0,76.45710951495485,76.36973678834762,72.75493988797339,75.53516834136013
797,1987,3,61.0,59.040364451501055,58.667072134309834,61.44334609378124,61.856691350323956
133,1966,5,85.0,91.2392722011658,91.38113467455644,89.61170766087969,90.45021938340363
81,1912,3,52.0,60.37457632642937,60.78792087228169,58.94382929619759,60.79244370336801
1863,1982,5,76.0,75.96213376702998,75.52083288660124,74.67089297889285,76.61441593732292
1934,1944,1,67.0,67.51029612397201,67.31979827425342,66.53737394870318,68.9139678900889
542,1946,5,74.0,72.17853998953025,71.79312560482646,73.34174169755147,73.12579647217716
2000,2013,4,76.0,74.87836853409517,74.60988954246268,75.86390891164277,75.23134876852941
1428,1948,4,94.0,98.7127063724132,98.39311992056072,97.81796785375971,99.56168323875747
984,1969,2,81.0,82.25555563924226,82.40303834725447,80.28689066120786,82.0988911865851
166,2002,1,101.0,99.337240671763,99.39845513180647,99.01182114394823,98.3583877438344
249,1974,3,91.0,86.56337863278398,87.04591804158486,87.62154587754095,85.47920116196546
1332,2014,4,70.0,71.78727955152388,71.44816952487191,72.50968128827616,74.65683717875743
447,1957,1,62.0,65.94950431925515,65.93378818626113,66.25895594685626,67.71833700302433
1436,1956,3,97.0,98.99286313152922,99.004125270972,99.76535216060269,99.86348418160289
859,1916,4,87.0,84.67094577675934,84.70947199947634,89.4299043580804,85.05752240913581
1359,1987,3,92.0,94.17807474331136,94.20350402611487,96.55310997817924,95.60724928332642
1511,1924,3,71.0,66.43439270222655,67.15797764966695,68.12690441936375,65.89922798407738
98,1931,3,64.0,62.560918450358294,62.70432471931331,62.26301505473971,62.428371188722835
1453,1973,3,80.0,84.48951553747534,84.19221681305905,84.79972972896053,83.79021910224336
806,1998,3,89.0,88.6608137256848,88.73455296178919,90.46598595385208,90.11041360013014
738,1926,5,88.0,86.50976654425499,86.39453252357616,90.56852432070916,90.4046409407792
1570,1985,4,77.0,77.57893449157793,77.5100727904497,76.06722065547206,76.24426867091587
103,1936,1,71.0,67.68341928244136,67.98629390869301,68.13774004418977,66.92294179043373
435,1945,1,98.0,96.56971105667503,96.36277477056856,97.42703751034934,99.63639949090037
75,1906,5,49.0,47.6982268844213,48.1342680438364,46.594172130153815,47.66776545599233
578,1983,1,99.0,98.31274412100456,98.56589556975337,98.08847967361166,97.51068497771563
1852,2010,4,90.0,90.85394483180933,90.94271038519757,91.85884096608325,93.69963656463268
1766,1966,5,92.0,94.99946252962776,95.02210006359351,94.75204745258394,94.64124201942185
1231,1908,5,67.0,69.70002976166671,69.30175528820271,68.01547274055032,68.29040215300962
919,1978,2,86.0,84.58420451633552,84.35575813419968,86.12517540241593,85.02537259909471
1327,2009,1,87.0,88.09962213916108,88.4138328933965,88.67183270296607,88.68992376859732
2099,2004,5,105.0,104.1160992843496,104.31926337221981,99.77183295643657,98.62803264658402
2073,1975,5,82.0,79.21497145574764,79.2042079369897,77.71436088503286,77.02970152263643
2029,1931,3,101.0,97.41587518103118,97.35962603636696,96.17835589680992,97.15968045226896
763,1952,5,93.0,94.46446487490843,94.71434172158773,93.8499966626207,93.0945243270505
990,1975,5,64.0,73.88622046743248,73.80752423774943,74.48134473974612,75.9052489906279
389,2010,4,89.0,87.79929225421273,87.14726081291448,86.549852517233,89.41395565979224
236,1961,1,95.0,94.36057925532005,94.5621311389292,92.52413767084094,91.85056376859887
1890,2011,4,67.0,67.00425840370902,66.78143868364565,67.99877578214732,69.12925408320308
268,1996,3,88.0,87.46815963076368,87.99105455099857,85.87431893433866,85.80260053294495
1330,2012,2,66.0,67.87292535075859,67.86727742808999,68.2792887447669,68.44705099874069
1481,2004,5,101.0,94.4301277684648,94.85131487855111,94.02943161226818,92.96910098738957
118,1951,3,76.0,82.13416946300916,82.31716785580619,83.06698076975646,83.22485765577565
2013,1913,4,51.0,53.9961456271153,53.80822462383762,53.68920407598837,52.9896807897626
674,1970,1,102.0,97.90582301156333,97.97368850457077,95.91948978248148,95.96488138376012
250,1975,5,90.0,91.95199976773715,91.5773491813975,94.7524607241456,95.18991762132178
1823,1978,2,84.0,83.07162071729702,82.78635965984415,80.41739009020796,83.63449655807545
2262,2013,4,86.0,85.84936228589422,86.28145886468906,85.30675601969995,84.97571076939569
95,1928,4,50.0,52.041020617927316,51.934366681454776,49.13679596558586,51.06633392097706
1996,2009,1,88.0,85.61946965534958,85.82832839336236,83.87676272435112,85.32793965268213
34,1997,3,84.0,81.62445450773046,81.12986303378231,86.02670750781371,83.14336651798877
2035,1937,1,81.0,80.3161330061249,80.9922258717914,80.4574824355334,81.78326250728094
2071,1973,3,81.0,86.7751851531469,87.04429214393105,84.67773861939968,84.41891533699716
449,1959,1,74.0,74.35899024477098,74.1955069464121,75.69516791069198,75.67682698730326
717,2016,5,68.0,66.83682283751305,66.84663131196042,64.69295911357928,65.2538457094278
1579,1996,3,78.0,75.67405664700215,75.65242480785174,74.91494065691234,75.92503669506819
1905,1913,4,101.0,96.666498567575,96.33588420586537,93.23381546143516,95.00436591082686
1,1961,1,70.0,75.55321244176545,75.28769346004897,76.01050249967999,75.63709263344761
1720,1920,1,79.0,77.82552417909292,78.00703075910222,74.98586556697266,74.78022279230659
1102,1934,2,71.0,70.20328467966128,70.00270271393003,73.64440470585674,74.02828762516154
1109,1941,2,100.0,99.49805799453368,99.68165775927322,99.52302277233848,100.85261120491667
1527,1941,2,64.0,65.89451086872047,66.00979679277006,64.8768471316716,64.60496354879491
83,1914,3,94.0,87.32238487546378,86.82688427184593,88.18033055024146,88.75900430652403
1609,1914,3,74.0,72.50906987463746,72.50417782516159,71.59663549644573,72.71618007977023
677,1973,3,99.0,96.44028516376414,97.2361257989531,96.23051170826047,93.40503233369846
2151,1982,5,64.0,61.44275750987913,61.470258601194224,61.252046580989536,61.47150460404308
1047,1988,5,84.0,82.80514096132407,82.61300650654897,83.41295161200435,86.58442506169546
1461,1982,5,79.0,81.61632632012902,81.91746297288124,80.46718033999998,80.11523364040457
771,1960,2,76.0,75.52284788673703,75.76210728534281,75.01329807967191,74.76799405300514
1515,1928,4,98.0,98.6127273173854,98.26414673517372,99.60977929140974,95.95858434140244
1599,2016,5,69.0,70.11436371902461,70.26176459058902,71.3535574635108,71.35712943650273
1984,1997,3,90.0,81.22607779482202,81.54165696684132,82.2847584435239,82.40854814386323
1870,1989,2,73.0,77.50181275988864,77.56656692399065,76.94457716473478,78.99663544096391
405,1913,4,88.0,85.79880951588915,85.65623662509962,85.97828797526755,84.84355037100411
385,2006,2,86.0,81.74673923176499,81.6893049051916,82.757121683865,81.77180561326857
1622,1929,2,71.0,67.31277829993425,66.29683393494147,65.57453874481335,68.0205445108254
1674,1983,1,90.0,87.51754642965737,87.93179392895004,87.655447581399,87.28930686593232
105,1938,5,77.0,70.97926878458804,71.36730127132016,71.47968803151265,70.90670077824545
2163,1996,3,90.0,91.94316030773643,91.89319143362452,93.94376367077206,92.97076510826861
689,1986,5,86.0,83.45004678058449,83.5317671629414,86.18494286924988,84.51041010674831
1634,1942,2,42.0,38.137395170610084,37.93003830211208,43.438794189294654,48.72996588111258
827,1997,3,83.0,82.22321289822335,82.05883490494021,82.87916880364868,82.30404481234801
1241,1920,1,68.0,72.22889831405966,73.03288836330634,69.79466741832725,70.00104986811691
63,2007,2,90.0,83.41524636793417,83.77230685121916,81.40266042419731,81.82350104194829
1306,1986,5,71.0,70.56340309805086,70.68091038816776,69.02246435296634,70.00524821578678
853,1910,5,86.0,86.27731360146629,86.40539917167263,87.10631983560194,86.16454327035663
1692,2003,4,86.0,86.0846587824051,85.8024983997471,88.9669796681281,87.19203752201237
1263,1942,2,62.0,58.22612865928282,57.76758398279864,58.661019157838126,61.483107735883415
224,1949,1,53.0,55.73714105551941,55.87839394499913,54.220517488191526,52.86215355310072
146,1979,3,66.0,69.14207426216173,68.54633620828211,71.67304120755821,70.37213393451556
1089,1921,3,77.0,74.48857220220263,74.98855599844639,77.20683743281411,76.31934420484214
374,1993,5,80.0,82.05838081768712,82.29694878237595,79.9256673791735,79.14201498022479
1792,1993,5,75.0,71.18693687434417,71.43949170293263,70.23556691270424,69.79310576857044
1143,1975,5,88.0,91.29204302649113,91.11897516925778,96.11308018346273,94.07463232099848
2171,2004,5,89.0,87.90418766023899,87.73226585047891,90.68846318028515,89.31929683274551
1876,1997,3,90.0,88.76217757448936,88.60466982333037,88.47474145222341,89.1750426249566
1275,1954,5,66.0,68.315251971744,68.43357269867258,71.08892766308011,71.04371611309487
1266,1945,1,87.0,84.89007131497719,84.95982227512069,82.34389851380632,82.2461127291175
2007,1907,4,52.0,55.68491844895301,55.76289726127365,51.16575576610086,52.41498624917614
1585,2002,1,103.0,96.37868788221749,96.41709275238117,97.53744623916296,97.49863634052888
10,1970,1,86.0,83.6134184778452,83.28494484702512,82.97113714244222,83.25890437162037
450,1960,2,60.0,64.33932371718538,64.56259420334604,63.395884249678836,63.37135805421277
709,2008,1,74.0,70.36258823272887,70.3471927438611,70.82709434332817,71.09781707091697
256,1982,5,94.0,89.68913142973304,89.76613498537468,89.10575977672602,89.45433165103627
883,1942,2,73.0,74.07099094048215,73.43002972153863,77.01859097867984,77.34203337435368
390,2011,4,90.0,91.58809852490263,90.97014436109463,91.98874949846154,89.93295386637114
1642,1950,1,91.0,86.69877319087395,86.64396860107331,88.75764072746108,88.94944981868704
909,1968,2,103.0,100.43290126042623,100.41496445536956,98.8854586787787,100.08291763012242
925,1985,4,84.0,85.50767007062348,85.28629422484026,85.16184193246637,85.18396048899848
752,1940,5,89.0,86.03134744016086,86.6836745748872,85.1881074218229,83.78120487066823
1533,1947,4,78.0,80.65212060513376,81.00900291907766,79.55915505898501,79.23450463072194
461,1971,2,83.0,79.54695199575876,79.95125229043111,80.3418734017125,79.24925381905895
1584,2001,4,102.0,101.68352601721872,101.70159174103088,103.21468674274814,100.70272079981648
1225,2015,2,68.0,72.2430109731712,72.3177442035132,70.97594855896936,71.56486285515848
1169,2004,5,93.0,90.05294263405494,90.20309949830109,91.19405678694797,89.60952408025287
959,1999,3,64.0,62.411547939247114,61.37119388794244,63.34173115857369,63.69823374147846
502,2015,2,97.0,92.21224925309548,92.24312390656222,91.13802166079103,91.69484297511565
740,1928,4,62.0,63.49447581884877,63.58750462162545,62.585343166924865,60.2785258353214
41,2004,5,92.0,92.38973009230924,92.70511954863659,93.57390777805432,92.89228735461958
869,1928,4,68.0,71.64780640337042,71.73481433085439,71.68351053183801,73.26038416967708
732,1920,1,98.0,99.23148232969328,99.48909628918061,97.15546742056267,96.61264343874535
540,1944,1,71.0,64.47381286214305,64.41356250050015,64.3720924055918,62.768228799181166
1202,1990,3,74.0,79.33783514101445,79.6683288341796,78.51996197042902,79.1874351888199
1340,1967,5,61.0,57.34404320786995,57.27468581939842,57.36944093540939,59.214558551782915
698,1997,3,76.0,73.3913006035849,73.03761590709068,71.74191310839558,71.56408998404412
2045,1947,4,89.0,91.90402737853982,91.59156463136283,93.03083066731749,94.8353419229025
1903,1911,1,99.0,100.52054289021214,100.66018447924945,97.48004167915687,99.67405649357664
1372,2002,1,75.0,77.74530259722658,77.67205937961593,78.32960701839662,76.62206974632352
1146,1978,2,95.0,96.91872280677217,96.60733027981587,94.13523372098787,95.26972588750446
1032,1972,1,76.0,83.16889980099037,82.79829843851748,82.80954693388952,82.96837890093336
373,1992,4,73.0,73.10804108422107,72.70186934846673,73.95601537134345,73.18467514594975
668,1964,4,92.0,91.47520605053596,91.36889578895833,92.64315677615376,92.4238958338331
1432,1952,5,95.0,95.76425197550945,95.72315824682696,96.0161901154927,96.9778275815163
1915,1925,5,86.0,75.35763112340881,74.60545165325833,80.0074406388163,79.57295057236215
358,1976,1,83.0,87.38321235111167,87.85955246394958,86.87859839660155,86.36898646774486
968,2008,1,84.0,78.81065807953955,78.66466060466523,78.84661506745205,77.84388739679638
784,1973,3,71.0,68.41895049954374,68.83634217832869,68.51315757402037,64.50743112894608
736,1924,3,67.0,70.30884326484136,69.49704823431814,73.27490624112549,73.60580946037685
1354,1982,5,65.0,65.8165661962093,65.152379984682,66.32416661551314,66.7131877117548
1036,1976,1,90.0,93.3939415463163,93.93663290719687,92.5393134963531,90.81718280771805
971,2011,4,72.0,74.9157164071475,74.9455060998804,72.44750573192172,71.44816287698465
1913,1923,3,95.0,89.61868740374199,88.42773498039725,94.12610345109047,94.95188941762969
1867,1986,5,67.0,68.05083314574884,68.0971552959017,66.01445625444626,68.57630518841766
2134,1964,4,62.0,61.68204657819473,61.53314769528061,60.81264545243064,62.110409910770585
1985,1998,3,89.0,91.50132872158602,91.71970585262034,92.85979449684055,91.92561238541438
1537,1951,3,70.0,73.5232618145731,73.02881949565518,77.05372629620143,77.31356590059666
1615,1922,4,57.0,59.266382614481344,58.87522022773544,58.847180749794305,60.41253300495687
1912,1922,4,93.0,94.81332644257753,94.86371130122811,94.00034474658494,94.28838174541303
1550,1964,4,57.0,58.90776320050526,58.35649824727227,56.93850890251497,56.29009098987722
1329,2011,4,63.0,59.26261634167669,58.9604122523647,60.521288336550214,59.36250227794118
1710,1908,5,98.0,89.27111649526701,88.96430302962716,91.13932818802085,91.92202418764579
1872,1991,5,83.0,85.44747517859044,85.27968167480168,86.53805906992957,85.96425891715882
1426,1946,5,87.0,89.56359481106496,89.4827199016617,91.0278482119638,93.09219362742432
1465,1986,5,90.0,90.15120684834062,90.0647123195971,92.85740575242245,90.84208790608488
1556,1970,1,89.0,90.94077378679599,90.76368667722515,90.82269918135697,89.6107543730167
1251,1930,2,94.0,96.67750636167005,97.59915266818099,94.48884816971538,95.9944333681456
1253,1932,2,93.0,88.32958262471766,88.20549323461563,88.71786960666735,89.22832417991832
2201,1997,3,76.0,74.52770902926231,74.0529856419355,72.7741811250344,75.05860157764447
2102,2007,2,78.0,71.75131288415096,72.22756287669596,69.39891669343916,69.21291224729313
1237,1914,3,81.0,85.1287803696369,84.34366312449646,86.09113916130141,85.79358709294414
886,1945,1,88.0,86.24325597331311,86.59161418451822,83.28561837787917,82.98098119652602
80,1911,1,44.0,48.26177973648911,48.391260137723,46.57627958446406,48.850058923628126
1173,2008,1,84.0,84.21959677102312,84.32370596204568,86.08647155014324,84.44636202085783
815,2007,2,96.0,94.11162554872848,94.31864949508929,93.79396893817294,95.31069480559846
2040,1942,2,106.0,101.84321512193858,101.19539082376234,103.39619504124867,104.10677923799025
672,1968,2,83.0,84.11082861741973,84.36739050867317,83.7542001216702,84.66382024561008
1922,1932,2,72.0,76.92870850705268,76.53983236382354,82.28045217946674,82.46512503874284
58,2002,1,98.0,95.23239493572287,95.5930570524246,94.73670480865745,95.43164919613419
134,1967,5,77.0,78.44613477610869,78.5441900205029,77.20099532160175,79.34184409693252
1141,1973,3,95.0,96.04963648877158,95.86661068859307,93.72901434442025,93.28436425166413
934,1996,3,53.0,52.16050549234458,52.258992410469915,54.14594713942133,50.937794606071634
929,1989,2,59.0,56.88590603117541,56.65089235592888,55.681594276727566,55.88701209637321
824,2016,5,94.0,90.29798358397264,90.2920441682063,88.9480725292285,87.82551833601616
1433,1953,1,99.0,103.99206666221735,103.53647233213084,102.65506627831759,103.6947922122132
1935,1945,1,78.0,74.63926821922753,74.12705718514317,74.66746172434472,76.22620582557192
1532,1946,5,49.0,55.76524256532535,55.563435523625934,56.619638207539815,58.92245349302029
1215,2005,5,81.0,85.03587072998853,85.14032578152313,85.47321705142656,85.44397656732872
505,1905,3,92.0,94.33788563802246,94.42019532293075,96.60597240301747,96.97420200697259
2239,1988,5,81.0,85.45873443951282,84.7908784383752,85.29149251251873,86.95575304047897
348,1966,5,72.0,73.33523363355802,73.45748222543949,72.38164956278476,73.69688160969028
387,2008,1,95.0,96.86252545807969,96.84774243787551,96.48776967302868,96.92217104514948
1025,2013,4,51.0,56.52182500079242,57.02881025289142,56.410604984544335,55.4858110217429
1385,2015,2,90.0,90.19311902895484,90.14747229965268,90.33608839619895,89.29637792086578
895,1954,5,68.0,68.45414625464764,68.61517071428652,68.43755993430835,68.31397284634362
829,1999,3,72.0,69.0768355681636,68.24719578308024,71.38593539240172,70.78356309303173
2208,2004,5,67.0,69.36372732639028,69.01990546782196,71.06514181009578,70.81163473374765
476,1987,3,76.0,74.32108753240571,73.78450230078718,74.22967838777916,74.1507676138035
1845,2003,4,64.0,64.81610654705457,64.38438700876466,65.46043423681105,63.004984627389895
1953,1963,3,88.0,89.17618994085848,89.44544499028201,89.3745272720392,88.93941568540109
1748,1948,4,83.0,78.63723057057265,78.65204947881837,77.01365024158574,78.16394896246928
653,1949,1,62.0,60.77038267365996,60.90189249946263,61.37660280644401,60.70854734560359
173,2009,1,86.0,88.81531754613492,88.90208377903329,90.18936038241672,88.45406689869283
1475,1998,3,114.0,110.47150276137668,110.71182769246833,106.12370205691506,103.22206100268414
1150,1983,1,91.0,86.78213249171647,86.9802592951933,85.74865360350518,84.21251440433225
39,2002,1,99.0,101.47198753063579,101.18797771356097,100.20245653739231,99.12732811963048
1555,1969,2,88.0,87.4159671267644,87.17375496421404,86.09942175844522,85.28047052609355
714,2013,4,90.0,93.19415691555804,93.2636265602587,92.70127313737213,91.59710933727922
91,1924,3,53.0,47.658482040168934,47.73702250298075,48.39470248499168,47.18839285117907
167,2003,4,101.0,97.9506828591826,98.02288313982207,99.25715281830027,96.93747207549343
1206,1996,3,80.0,80.01981208630863,79.60833365246998,79.9341619897454,79.4516708565058
876,1935,4,93.0,98.13272744135287,97.71601477870117,100.42395040801698,102.1961919595858
1904,1912,3,103.0,101.19895456923933,101.7342959135758,103.51844905586691,102.93783932992108
2077,1979,3,86.0,83.9780954378428,83.4827705892867,82.06578509121151,83.40305170424331
2207,2003,4,86.0,84.39957329796187,83.99865748158166,83.94232894248593,84.87198769317907
1094,1926,5,71.0,67.83130921822348,67.91029560266718,67.12642557481358,66.10802319147922
1156,1989,2,77.0,81.00024868388442,80.48044737876128,82.24149076691012,82.5377160338908
1325,2007,2,79.0,78.81547482117107,78.67238343478068,77.45830735316409,77.77530880754931
1703,2014,4,73.0,72.9981015124009,72.97493929955084,74.56991198026313,73.8750142263508
1351,1978,2,66.0,69.03775385016164,68.78112673538914,67.33837404559381,68.75675239961033
511,1911,1,77.0,85.06956916862171,85.39769878523772,86.89385364303291,87.18414233901815
500,2013,4,66.0,70.21900591058431,69.9352843710182,71.6386721813489,70.36663983457173
2106,2011,4,90.0,91.479997190922,92.02458732744121,90.8803040927044,89.80166447928086
2015,1915,4,72.0,75.68619375295712,75.78497510311072,77.39159749752494,76.5598603832708
1520,1933,1,79.0,78.4990936754662,78.12213316782808,80.39296028110091,80.02784712449589
339,1957,1,82.0,81.84492201520848,81.4659494393817,83.6079507923239,83.07648445760361
2066,1968,2,97.0,95.57158316693194,95.12999921603789,95.76542443234077,94.38387638672113
1189,1976,1,66.0,70.10057566585117,69.92827399232226,69.18799606164872,69.67609426852097
29,1990,3,80.0,79.68971389158799,79.56169161154693,80.8427645599819,80.76513163401692
1541,1955,2,63.0,53.796337866957415,53.89844385937665,51.092320119968214,52.503607861019624
1218,2008,1,90.0,87.76107954502186,87.66353537256069,87.27978111844506,88.11352642266482
1656,1964,4,92.0,90.405285724794,90.84065669704367,87.35808843493984,88.00810845529055
795,1985,4,60.0,65.54761325822128,65.38177966562787,64.47880808804656,65.6847563017769
946,2008,1,74.0,75.17567856202703,75.04169589890193,76.01053001983573,76.45280321395481
1848,2006,2,88.0,89.05497358739058,88.96866098842915,89.20405787258075,89.75250120272534
170,2006,2,79.0,84.05513063163782,84.2736894428852,85.1889326443555,84.59746378908633
2185,1978,2,59.0,59.30681199877194,59.00840961076865,57.898434068726665,59.50271649051274
1198,1986,5,77.0,72.98712861523899,72.68926688596657,72.46930256973327,73.02209993765807
1543,1957,1,59.0,59.34543209426859,60.21175869120191,61.02991153591009,62.21246331679599
1254,1933,1,99.0,94.38502693912088,94.0345517194281,94.77221358733743,94.81230761577454
1750,1950,1,57.0,59.61334183913553,59.44582055140155,61.514668237493694,62.61986370518222
913,1972,1,86.0,84.67370946989875,85.14491009229818,83.60463519058233,83.88107847966579
492,2005,5,79.0,80.25049995268203,80.04500011302306,78.10318699319673,78.87393129707036
954,2016,5,86.0,85.08112772198545,85.12297729998858,84.93428696452987,85.36162366795597
1098,1930,2,86.0,92.7503762603115,93.71487892081251,89.6535289732562,89.3734359914031
1033,1973,3,88.0,83.61830460282242,83.84149390695708,82.18580498421488,82.51610023693127
588,1993,5,94.0,93.91094018863204,94.34135937171243,93.75550911047137,93.7388445119185
751,1939,2,87.0,84.74728585472884,84.59306744521295,85.45793837361275,86.03801256422014
658,1954,5,74.0,72.90066836918831,72.67613481732741,74.67906228586189,75.74511183549338
235,1960,2,89.0,83.49250175956473,83.82214759614477,84.21892517974908,84.35459821725901
733,1921,3,94.0,96.17653564628405,94.79839385068287,95.94014844954464,94.67574998694487
2258,2009,1,59.0,64.0289375946786,63.83965775460203,65.74057136105974,65.11998483731884
2046,1948,4,85.0,85.34641360186949,84.72545378540066,85.49088343227156,87.00029245782332
1157,1990,3,86.0,81.88597743605393,81.82102452544613,82.4803484582393,83.04028318615796
1868,1987,3,78.0,78.92454573828708,79.02204883580308,76.1526707819716,76.1643202831226
2074,1976,1,72.0,75.17874005655617,74.91965077670727,75.25424148711863,78.01793702618711
2038,1940,5,84.0,81.90967774685748,82.49669310277963,82.56678640233679,82.57830512946842
935,1997,3,79.0,81.57559661652027,81.79471205055656,79.70308553086782,79.8429193940817
1210,2000,1,73.0,69.83803481595656,69.98584541415524,68.89217756287499,67.20205448593586
1066,2009,1,65.0,65.94939863231109,65.9437322331028,66.62293024435169,66.58471063855859
109,1942,2,59.0,57.98909513357458,57.72634905648077,57.39273418343092,60.06035067878727
1937,1947,4,81.0,81.89077181981764,81.96990236165252,79.84025920426181,81.73029909281478
569,1973,3,77.0,79.68049019886955,80.21365191151556,76.59277210436544,76.48120211429327
1168,2003,4,85.0,86.41068213191608,86.58098009059543,85.98185956474636,87.67409363176318
1175,2010,4,80.0,79.3491493474465,79.6035506039563,78.11807993934625,77.77449036160657
1589,2006,2,93.0,88.94705630817177,89.10090415296685,90.64871289962463,88.50185663969656
1508,1921,3,53.0,54.99362965789396,55.02908798641869,52.41023831305144,51.2266037205489
1493,2016,5,84.0,80.30530879830339,80.33289623424884,80.90476634213158,80.6647961454051
891,1950,1,95.0,91.0753261948485,91.23500743414444,88.91278650694665,87.48518964938802
948,2010,4,81.0,77.22092677529818,76.57161114878963,78.4783955803874,77.55263404555132
1049,1990,3,75.0,75.79481270259495,75.1987265519557,75.81956526022388,79.71238377870316
1690,2001,4,86.0,85.41124167042337,85.6884388139534,85.92325684644182,85.19840008845999
1715,1913,4,78.0,81.0713569032111,80.37552893610152,86.82082650892373,85.2488414777797
1815,1970,1,63.0,69.77627118616277,69.69729329915664,70.31468906951315,69.2881121236045
885,1944,1,88.0,85.44135823429751,85.47568822156863,85.3123021178619,84.86828827730511
144,1977,4,61.0,61.6320956819134,61.684045286698385,59.857298410007,58.99398145560587
2224,1972,1,70.0,66.7697186994065,66.6401517431709,66.57588880274604,68.71170037872625
1926,1936,1,92.0,87.7204132953311,87.88821938046219,89.98916841429536,91.39478217536794
851,1908,5,90.0,86.43059551353326,87.1733184203878,85.53260797458111,85.00052529239768
1588,2005,5,88.0,88.44441358623173,87.92952035442411,90.88577652145888,90.73534310069527
1408,1927,4,110.0,112.85079604752838,112.55209980190811,103.5061533541843,102.92391804771523
735,1923,3,82.0,90.48365695017704,90.26490982570829,90.48107312762738,90.47538495995421
718,1904,3,86.0,91.1117074691191,91.17940249958491,96.03751233972923,95.36456485803271
455,1965,1,72.0,72.68870713187631,72.74935383295933,72.08730756688593,72.81315825467892
265,1991,5,67.0,70.99820770597444,70.94955255947005,72.24205182972158,70.55488566111435
76,1907,4,58.0,58.42156017102369,58.8248803249879,51.87240195095005,55.38054494644378
1257,1936,1,82.0,82.96495466337386,82.70303959222245,84.49719470007723,84.10500528435257
445,1955,2,72.0,69.25930024426205,69.42846954823494,67.63867330983854,68.74836201163318
396,1904,3,93.0,84.53686932070612,84.59189561940343,84.82438531707932,84.69522435096019
1919,1929,2,84.0,91.32284418204513,91.28259012649109,93.87048503969122,94.77512201072709
177,2013,4,96.0,96.0714593593928,96.27619073176845,97.5034886687546,96.42623016599553
1043,1984,2,84.0,82.89845458096485,82.8802273491556,82.71668496640538,83.41121680650589
2116,2002,1,55.0,55.43256219636562,55.08294625517915,53.56850490743485,53.477936691701586
1754,1954,5,53.0,47.71240330697361,47.91563585186158,48.0656054447613,48.853954385679145
1955,1965,1,95.0,93.96554803796009,94.43546198215061,94.20502404656345,93.15485687650369
1726,1926,5,84.0,86.09878618772726,86.50907114301111,85.63246189836944,84.74880960935056
596,2003,4,86.0,85.88747005490634,86.0292624668717,85.59020758417105,85.18828350841784
62,2006,2,76.0,79.08441219302806,79.14776750046698,78.01642296269621,77.39805902475162
1297,1976,1,85.0,82.043530360041,82.50924883114338,84.94722298165655,83.44230926457251
873,1932,2,76.0,76.93073408446902,76.93395325610027,76.94607374451311,78.63788301497235
1871,1990,3,77.0,76.61043113284855,76.23214993148235,75.56269823121723,75.75898226556927
217,1942,2,82.0,83.10724388891933,82.85107967239425,85.62784244875195,86.14768656264462
279,2007,2,69.0,68.66550370576783,68.5939167849208,67.2885447287022,68.61918479414157
1549,1963,3,73.0,71.28764319418673,71.29947284389878,71.95459914002716,70.43732249114564
1393,1910,5,88.0,85.31933856680494,84.99842830983849,87.22938502011243,86.90906480771193
37,2000,1,82.0,82.88087892149373,82.70384503757539,83.30846861287752,83.45813114427551
1901,1909,3,92.0,89.7138731820339,88.89843074263273,88.03657074033572,84.07472848231035
663,1959,1,74.0,79.1537141795939,78.78886147845766,80.3098913503197,80.32541590344282
1770,1970,1,89.0,89.16093510279265,88.77028618946582,87.28312588824367,88.21659316930148
2159,1990,3,83.0,77.78688485372176,77.46478316940059,77.70616336286375,78.53528486567467
1813,2016,5,78.0,80.80243265515736,80.8337057288206,81.31181367640711,80.48537638506451
978,1963,3,66.0,58.26912915497401,57.654218243747124,56.52327742706933,58.38235347706896
1572,1987,3,81.0,82.96952605339118,83.13191788500663,84.54572944614591,83.70577848054792
1973,1984,2,66.0,68.29358317423866,68.04976668423603,68.56829437567416,67.96230238922341
1713,1911,1,85.0,92.8587570156436,92.68052602413118,94.42464079239629,96.98160310760173
739,1927,4,66.0,65.65728337044516,65.72825807561316,67.23946860831198,67.49198810740455
192,1915,4,63.0,58.802342277383886,58.681059547268376,52.32765346898014,56.37766784954579
920,1979,3,85.0,84.50556320491621,84.73626711169817,84.15900753083241,82.59409469379672
457,1967,5,87.0,87.70592790529557,87.88273552134365,87.44303553098649,87.97701957616773
1418,1938,5,99.0,97.84427996802837,97.85510976313046,100.73821039679727,98.97700244347718
676,1972,1,95.0,102.22230621766113,101.69653279919838,99.17871362546333,98.51771980609628
761,1950,1,92.0,89.92438097627804,90.04806218212511,90.3210039283097,90.23941885683143
2160,1991,5,85.0,83.12769355072578,83.06291674132629,82.11147361402246,82.30555701039285
2008,1908,5,49.0,45.56921855660394,45.16312459247327,48.43064605070779,48.06810266927061
729,1915,4,57.0,59.56974241215754,59.215655819358105,60.605120358017054,61.889349474989714
2058,1960,2,86.0,79.6169583575025,79.4858853957838,77.76486491437089,79.32420674529511
1400,1917,4,71.0,71.25157777805401,70.59225447002144,69.56166961895153,71.4611605455604
413,1923,3,83.0,81.30899959358663,81.40748284192127,82.70135785521718,82.25348702786405
1099,1931,3,79.0,77.20977851325591,77.33668608106495,76.6777425241874,78.06695104381167
1517,1930,2,102.0,98.57576310812557,99.55049141181087,94.86287982241026,94.47652801923813
1650,1958,2,69.0,68.54830907396779,68.70216761242516,68.6574589666219,68.38555785965735
1525,1939,2,55.0,50.376259884338594,50.031459544934066,46.957449614560375,50.73331677174364
826,1996,3,83.0,79.05559199913623,78.83917161354515,79.573864358734,80.55970571520972
1878,1999,3,79.0,76.32276196943421,76.31426385698653,76.84429684862894,77.04950190076995
617,1911,1,70.0,73.76651175382649,73.65345863967669,76.42457756650279,72.22606147486336
115,1948,4,91.0,94.28522116933456,93.9050624921182,92.38973008863208,92.79790655477665
418,1928,4,91.0,86.4551402576371,86.17421852147265,86.70452232037206,87.13538131509647
2218,2014,4,83.0,84.80507851420423,84.68795821529126,86.9467222209075,86.21766389821444
1626,1933,1,60.0,59.52683873963258,59.49686328539589,62.254781386865595,62.40108684298147
970,2010,4,80.0,78.85734346910563,78.6544508395035,79.51881744122545,82.31850829129726
605,2012,2,85.0,86.14683030574737,86.25245450654906,86.86206854921497,85.33408474099846
2222,1970,1,73.0,69.42015224448805,69.53810191043218,66.66549324610686,68.58987526499746
90,1923,3,54.0,59.848332076325,59.79179710623204,60.21792088184587,60.31048373591403
849,1906,5,71.0,64.52904832573209,63.92275953127787,65.59632596140514,63.53061787263814
1914,1924,3,93.0,94.45280425747464,93.44562843088634,96.21692462008903,97.68976795623948
2221,1969,2,52.0,55.366302833389604,55.04923488883321,55.90936093934276,55.77516852402223
754,1942,2,75.0,69.17435042352297,69.23667557959749,70.49225270171023,69.94292687787396
499,2012,2,61.0,60.63439640274783,60.35079320497823,63.3928234410849,63.494433736673955
1277,1956,3,59.0,51.439636765039666,52.13238136096055,54.98805231407772,50.80555428740579
1326,2008,1,88.0,89.14202913561591,89.50864788225523,88.69574645155737,88.6626312870196
1631,1939,2,45.0,48.88798565637586,49.13730717322705,48.28998701907406,50.28439530144313
12,1972,1,75.0,66.38419347437818,66.80401721287008,69.36244631699952,69.2807061767545
397,1905,3,92.0,99.91792966202081,99.25037871033314,104.1818285840041,101.85706953590277
285,2013,4,85.0,87.86330610898266,87.80459415909948,89.85197382294747,88.81559643421102
2214,2010,4,85.0,84.19147143226085,84.36193429345835,85.63136746248054,85.36730795549322
1067,2010,4,67.0,67.92574163914956,67.62117311558572,67.08174423745513,67.74918011159758
1192,1979,3,95.0,89.7741905094862,89.9506802269557,87.76396432711641,85.9529960916536
1441,1961,1,109.0,101.58545659355177,101.50194189375034,99.70260714887507,99.27914800440281
1601,1905,3,83.0,85.81962287941181,85.89577209617715,84.82651723884811,86.37651287471654
2118,2004,5,70.0,66.74561526982433,66.37934496785955,67.52270754232912,65.77800821685206
2117,2003,4,63.0,65.2006071572598,64.80013172946886,65.78017573550693,65.27801135287028
1451,1971,2,82.0,80.1033992071067,80.63176318441026,81.31815984207879,80.2816827975568
691,1988,5,87.0,86.3045014323648,85.9038084962972,87.38295947574264,87.29175984269774
2044,1946,5,98.0,93.48419303220898,93.32720613519916,94.1353161597811,95.04846986497698
1569,1984,2,77.0,75.65277287592563,75.41176024247206,76.26751101922103,75.62814805488976
2200,1996,3,74.0,74.71572952664373,73.87534742587665,73.55483510487788,74.79787521036627
2188,1982,5,78.0,74.25897431298367,74.14959443931917,72.11564115149177,74.9486914775505
690,1987,3,84.0,84.17001830435106,84.32169492598058,85.21368126172112,83.10843908278557
1688,1999,3,77.0,77.07867689761248,76.64066540488214,78.3617287931663,78.34923240848279
852,1909,3,98.0,100.4317712743206,101.12077473047894,99.3695398246746,96.75638099898028
1499,1910,5,102.0,105.35224277498321,105.75308073193459,104.41106344452136,100.59185521713495
160,1996,3,96.0,94.73751192177008,94.43853333284042,94.89050739880196,94.77389260792675
896,1955,2,79.0,85.74082679429604,85.67548477069094,86.21073046983179,88.29984400393514
1977,1988,5,83.0,87.51780058619549,87.78932001650851,86.59408845779426,87.8359128712767
258,1984,2,85.0,81.54752647966927,81.48676516019691,80.74699960123094,80.3194240367177
336,1954,5,69.0,74.80463685141528,74.5596381554943,76.08057485073662,75.76796667949544
2202,1998,3,88.0,88.78163627458983,89.25939207886398,89.05242075769188,88.22452917713558
1040,1980,2,97.0,92.54946850395334,92.23404145121407,94.18333135275931,93.91711441171518
516,1916,4,89.0,89.52694020431207,89.2878008178136,91.66138727730197,90.62841090644638
1349,1976,1,86.0,88.10117665699539,87.98744696533444,86.98922331335723,87.7051891554626
1016,2004,5,92.0,93.14121857373709,93.38298467235974,92.4024396195143,91.84281712497068
769,1958,2,77.0,80.60140487042442,80.68883539095386,82.57629379200465,82.57283780995725
2124,2010,4,96.0,96.46069667520202,96.54131269055512,97.46582821562671,96.35532631484107
442,1952,5,77.0,75.82444766331015,76.24353413554947,78.4846048596348,77.89501958718355
1861,1979,3,67.0,70.14855843194826,69.90074230852315,67.58391936047937,67.34254922622016
762,1951,3,93.0,87.58305986716569,87.7894856361129,86.37418619269519,87.88717703104575
1247,1926,5,81.0,82.0046749078635,81.91234329154048,81.61159583639153,80.71123026372265
1204,1992,4,92.0,93.41598021608952,93.41794097295417,95.85150741283867,94.19171769532093
1841,1999,3,74.0,72.88657695576806,72.23274512819516,75.28242133863984,73.72382535218794
1124,1956,3,93.0,91.04538493812659,90.39332683313305,89.13358766841955,89.29303118469198
1782,1983,1,84.0,84.24318794346696,84.41098434842046,83.56920151540845,83.94436854536646
522,1924,3,66.0,71.96956480357514,72.16038077365683,72.75999429746628,73.37466460666313
1786,1987,3,80.0,80.33402265527538,80.21085119931824,80.37655340621953,78.61608345344551
23,1984,2,81.0,78.86618403950091,78.88971403210964,79.38085884580195,78.24696905552943
357,1975,5,95.0,92.4684785049183,92.81866773122137,88.9232824036574,88.5228173967953
2157,1988,5,70.0,71.19588710190375,71.22418324962118,69.47906043172657,71.21179188177713
1278,1957,1,55.0,54.6110112769065,54.61229523176172,56.49913154855223,56.525213066616296
1313,1993,5,71.0,68.63273885200368,68.71892152527037,68.16627292099086,67.9487732265185
1636,1944,1,61.0,63.203970329662745,63.14378938007076,62.684696944245545,62.02002552384284
551,1955,2,91.0,93.64309835139755,93.51307337726236,94.60381330026514,95.65787034055474
341,1959,1,75.0,77.13192694725277,76.4528967041475,78.72282577795615,80.51457682129195
432,1942,2,68.0,69.74136793168925,69.69160470314398,68.50342919063098,68.26123768411729
474,1985,4,77.0,76.83897185886939,76.32702655046364,74.80492946473417,75.2875426412106
218,1943,5,72.0,75.77883332033169,75.83325352742438,75.72455717970739,75.73926870379329
912,1971,2,91.0,88.84864572328723,89.27411319879117,86.69190038107733,85.10958297600487
1228,1905,3,64.0,65.66511023560022,66.32410438204377,70.87254979584299,67.4469959474704
2001,2014,4,88.0,86.71809133172276,87.19271443795512,87.12314502923076,88.41927843361802
1012,2000,1,72.0,79.8047959719604,80.11134432785819,79.03154739033681,79.71029450007234
958,1998,3,54.0,53.43790282404068,52.687272152192705,53.64805886428089,53.792993941857084
1774,1974,3,88.0,84.19368888144346,83.50382252531261,88.30554343319852,88.49654784144626
94,1927,4,60.0,62.496405982305916,62.20141744525601,62.907154883289266,63.97559469175762
1009,1997,3,84.0,90.38640324110416,90.18016344566236,92.3645171313853,91.39596978862758
1071,2014,4,89.0,85.90525016245108,85.90834716141181,87.44358571461962,87.09935404491758
1093,1925,5,68.0,65.37699795427743,64.48973820660409,66.41718337027305,66.20899821834078
1989,2002,1,95.0,96.0391724268522,96.04524401337635,95.95975503154708,94.52584445489393
1309,1989,2,80.0,79.2583817075009,79.04893856350166,80.79327811509361,81.79174666238218
697,1996,3,81.0,84.49372012862563,84.72706649645365,85.99363847336613,85.79701388729784
1110,1942,2,104.0,101.28752254375762,101.13930340436545,102.09724142465892,102.64764588124818
997,1983,1,85.0,84.94482602247074,85.00176720148879,83.9402138728414,84.35896567875213
1459,1979,3,89.0,89.14073711720992,89.35854126195844,87.65015532766036,86.20656056957368
1680,1989,2,67.0,65.78666220602315,65.46443709127524,70.77174086566058,69.9319019930352
154,1988,5,54.0,58.101911292175465,57.93641810475738,59.553896387437774,56.90825288707315
1100,1932,2,81.0,78.85942621943283,79.28475469329003,78.3501436700735,77.66009975700418
247,1972,1,80.0,86.97799680251963,86.73542809199637,91.31106200169916,92.19680986497049
2265,2016,5,95.0,97.48302466641513,97.77983564808002,96.83787200725543,95.70631324363175
790,1979,3,81.0,77.46695260826081,78.31311136319117,74.38216834013963,74.18119669645893
581,1986,5,72.0,75.06548454361737,75.1658265273617,74.07106361555974,75.84293622807382
1471,1992,4,76.0,80.55503210732428,80.35718182502347,80.27907813733582,80.63211404175472
704,2003,4,69.0,63.81155651039104,63.990997504277836,62.97500589124848,64.66285351083833
1213,2003,4,68.0,70.16817615435164,70.33352828102599,71.15317090405341,68.63728884224179
1296,1975,5,76.0,77.08932364600719,76.8320091408287,76.72115199793896,76.7118265797324
897,1956,3,82.0,82.92500487808935,82.73042282124824,86.34703204477441,85.85829444819778
1261,1940,5,64.0,61.18741493814894,61.51238356964876,59.00902698881364,61.55557660737411
488,2001,4,88.0,88.37679044095226,88.82483488820891,87.68785614372143,87.11363231725402
1625,1932,2,78.0,81.80548938926377,81.79003974240125,84.74378483062657,83.26152633022801
560,1964,4,98.0,98.85826611029282,98.55186554178015,96.80524520623769,97.55193993785927
1142,1974,3,102.0,99.67975458805573,99.79509535082937,104.84052066352889,102.92865435436461
2110,2015,2,100.0,98.35829231144338,98.07249639471257,97.90128282236049,97.31785025374016
1120,1952,5,96.0,93.09789445157097,93.24345717525702,95.27659387714195,95.87804256898055
802,1992,4,76.0,76.66515501558636,76.69673782998629,73.03767530518782,73.44545092092662
1775,1975,5,92.0,92.81276723628876,92.60738236435527,95.18395551682204,95.18449249469727
513,1913,4,78.0,73.44861704385755,72.68680193366008,75.39890847226454,76.49516593295291
634,1930,2,59.0,61.319612685157225,62.23359361264781,56.52128117271544,60.30508279304248
1855,2013,4,76.0,72.09881280290482,72.1633105996251,71.17189030595821,70.75849609545588
1665,1973,3,71.0,70.1653228198808,69.77046924156824,71.06784140496617,72.91839985921514
1013,2001,4,93.0,92.19817632066643,92.62485900020371,90.60176435093368,90.78157925623202
1941,1951,3,98.0,89.69483442428859,89.96394234669374,91.35280082690527,91.62320767464256
1151,1984,2,79.0,77.97839879466123,78.17814493641347,78.07997139477152,79.84307794000794
791,1980,2,79.0,75.83371603254145,76.14315475661581,73.72772079663363,71.55890656312557
117,1950,1,83.0,79.5421657279134,79.44640312517629,79.0277317954576,82.11394149896476
1498,1909,3,95.0,99.46201184149865,100.18326854510761,104.11728618391425,101.74388601449628
741,1929,2,81.0,76.36680074563726,76.65667917334004,76.32456664718349,75.98464075285916
2184,1977,4,54.0,58.260499142329294,58.26025880389044,57.044456238624086,57.72341133289126
1082,1912,3,58.0,63.71741549659747,63.523578417284604,64.08836700529672,64.94578575105207
1628,1936,1,54.0,62.29580606611464,62.252124345915504,63.48719765216865,65.03677555894834
1811,2014,4,88.0,86.78455005046631,86.77912399490269,88.46605311226516,88.9376267743273
831,2001,4,73.0,79.88688316699321,79.59507134745488,80.84763602268882,80.75714431623724
120,1953,1,92.0,89.27096345746946,89.82887776186527,90.83614527735931,91.06320389797547
657,1953,1,68.0,66.05812034353809,65.66553971104584,67.72936200949071,69.47785232262292
2065,1967,5,101.0,98.6053104515158,98.62303031920848,97.90271531785943,96.8383765865518
2018,1920,1,75.0,77.41063277639996,77.62143426875886,79.07095625072306,75.68644051936955
2217,2013,4,74.0,76.9096791875116,76.83301599071899,75.69903679846752,76.09000755631796
636,1932,2,60.0,63.51741971533673,63.96096794914499,60.67786216869956,62.54447759614308
370,1989,2,83.0,84.78146881845718,84.54273149604992,85.89667608500802,86.60271132381658
269,1997,3,98.0,97.212324959848,97.2915633845758,99.7171374831257,97.61123541877285
656,1952,5,69.0,67.42159326696881,67.45265431269712,71.39222819201137,72.48019722638075
2084,1987,3,95.0,92.1961951359458,92.97050665809823,95.15662259880641,93.96687334374577
936,1998,3,65.0,64.70473503182654,63.59129161825643,66.04121676693201,66.81877626542159
823,2015,2,81.0,83.88177074375739,83.97390815496834,83.40310359546116,83.53332863590441
867,1926,5,79.0,77.39978893217128,77.70336538316656,76.68404262330256,75.73680942996731
47,2010,4,80.0,77.63336950249781,77.47695602864536,78.56984794440164,78.25291388806592
1374,2004,5,71.0,71.54630304641168,71.05004513103385,74.14453344441692,72.43326494506641
884,1943,5,78.0,87.76836138614958,88.1477286057595,87.76107161832863,87.4439299118964
992,1977,4,81.0,82.50348579689384,82.29187016355,81.7996520401169,81.94971544761916
877,1936,1,83.0,82.90764301668493,82.66318387463627,82.09778744957109,82.65131405611999
774,1963,3,79.0,74.26014394644547,74.35630078519411,73.9272751465254,73.14757788627195
1220,2010,4,77.0,73.54654378336762,73.07301335388398,73.24731057660783,75.04823271887832
1127,1959,1,88.0,83.66353707679671,83.94688514096606,84.24774039282433,83.32701615712055
5,1965,1,75.0,75.52428939570453,75.26147276807534,75.30500831633901,76.9298342087342
2176,2009,1,87.0,85.70983047003713,85.48116555308354,85.14164837902297,86.29617412094854
1004,1990,3,75.0,69.9813679446377,69.57416591838755,68.56540092373973,70.34572163587744
1596,2013,4,96.0,94.15542784451716,93.93137482246377,95.66647928000984,95.07650419775815
2108,2013,4,97.0,98.53144403073713,98.94930030367155,98.29047584324965,97.32816252486315
264,1990,3,76.0,75.1450714450888,74.81837247212047,77.50760579306471,77.3926481471953
1971,1982,5,87.0,80.58587787844056,80.50501445787708,81.52926715497871,80.6762510557311
613,1907,4,66.0,74.52623893416258,74.92018200208643,76.95696761207861,73.77946205680786
444,1954,5,64.0,68.1077349343959,68.16622811029352,69.11547469247671,72.17733012065985
1003,1989,2,86.0,77.97047270053746,77.78505352371177,76.58738248816326,78.56261941958724
1078,1908,5,53.0,58.64008079636899,58.45930648519609,56.4353909638721,57.746288982158724
2240,1989,2,81.0,79.92703138742066,79.51055932521258,80.1665159348746,78.73239641281896
838,2008,1,74.0,74.13290284767535,74.25020132273542,71.7687455488435,71.98316220609817
682,1978,2,92.0,85.29786662406585,85.13874293990665,86.65390136596689,85.11875224265282
1716,1914,3,69.0,69.27428198963635,68.09258716494155,70.18354346264123,73.97877732919191
305,1922,4,61.0,57.71004163758778,57.203938671996724,59.62508045000265,58.212169394726274
1366,1996,3,71.0,76.39681866274283,75.61173266906697,76.91782471691059,77.15641182737569
1957,1967,5,91.0,91.66078745210693,91.61455011676696,91.66196225034913,91.2329318451604
314,1931,3,62.0,57.34112934722319,57.303145892186365,58.06516951625184,59.18123942353223
150,1984,2,80.0,79.63107327202819,79.44683282219907,79.83794491032613,80.71372863075025
1149,1982,5,88.0,88.74619300426303,88.71509837129577,89.25213782907706,88.01395212181946
1214,2004,5,67.0,70.59235915127422,70.32655938193628,70.66746419960756,69.14561132356778
575,1979,3,73.0,78.78101498376748,78.76896258240608,76.8850516110621,76.85416066276602
1722,1922,4,85.0,88.21766049843308,88.2798282636439,88.9396345615524,86.57452013170214
1689,2000,1,65.0,68.22293412051029,68.11072780338253,66.98381587358358,67.01608426109642
51,2014,4,98.0,95.21645417519198,95.39676678317204,97.72465803122587,96.53113783495382
1950,1960,2,79.0,82.68181680576429,82.78868174014947,83.70318566743653,83.2848178642268
727,1913,4,86.0,86.75407563610274,86.91995623172156,86.05681509245953,86.96027969410692
1824,1979,3,68.0,69.23837258765778,68.81297792272662,69.40225605381525,70.26074381623691
834,2004,5,68.0,73.25178755363413,73.07734164112634,70.81380840439081,72.68243066544329
1378,2008,1,89.0,89.4197756204149,89.71587616797169,88.39152242964701,87.84575977917368
1116,1948,4,84.0,84.452863258207,84.24672496154237,85.0990389316678,84.02980442547
1167,2002,1,92.0,91.98876317353302,92.13955336659117,93.64143414093984,92.09502490727215
471,1982,5,73.0,76.58372410701108,76.35990120765969,76.19467274373285,78.57518454084378
2023,1925,5,77.0,78.794057557168,78.00130012594087,82.67288239435085,82.21156322651987
972,2012,2,69.0,69.42274168535816,69.66246283747628,68.87501730735974,68.109355256045
654,1950,1,66.0,66.37816652288149,66.11627276843763,65.4533341722343,67.75431866747317
400,1908,5,99.0,100.08585691784222,100.45062916069102,97.42619654736264,98.62712929176043
512,1912,3,78.0,78.31266342970821,77.93606558450053,75.72110806895908,77.8597104697877
2012,1912,3,63.0,59.24271958414785,59.77413757644707,58.23910822393033,60.93118350509341
321,1939,2,89.0,85.27353891911581,85.53187871628147,85.86436439313746,85.81876291177828
20,1980,2,65.0,69.91282755395369,70.07983456980101,68.3415178089175,67.83765560439578
685,1982,5,61.0,67.92451160284378,67.55466181492044,66.77593945952108,65.75456420699929
36,1999,3,70.0,67.84750362954125,67.32729891193165,67.18616544155192,67.25061065936764
1849,2007,2,89.0,90.52678686277817,90.76114096833369,88.96717755312949,88.82054767807841
903,1962,4,85.0,87.49424025616749,87.52676812643611,85.83394692151339,86.26752498510176
2142,1972,1,54.0,56.938290370902756,55.93328111746618,61.30182842155675,60.125850315346526
828,1998,3,77.0,77.99994075680628,77.48717895360328,79.73854791772477,77.03619218470641
525,1927,4,70.0,74.02568051317044,74.11668868729458,72.47501661646926,73.68243753909876
408,1916,4,67.0,73.20161637796569,72.09569973972481,77.46454521817971,76.47225981125519
921,1980,2,84.0,86.87203838161209,86.85042321959986,86.35786925463589,85.4407341779874
1842,2000,1,76.0,77.05531791100087,77.20207358028846,76.06338815793616,76.13470273234691
1891,2012,2,75.0,77.5237917393727,77.49726198280182,76.13966193698701,77.90669286585432
538,1941,2,77.0,77.12422358960461,77.61302890177456,77.59614999159966,75.95178963940651
759,1948,4,97.0,108.97783494211079,109.03207657044126,104.9820100612885,104.56542271844505
1706,1904,3,87.0,80.38901615270012,79.54183733784825,83.61423459476534,85.17938761897157
2216,2012,2,73.0,71.66271626776582,71.66673199632766,69.899388971216,74.15288933057151
1063,2006,2,62.0,62.62468348083608,62.650654353737224,61.4748373191343,63.56707009246133
1200,1988,5,87.0,90.01772591576785,90.00714459996473,89.75207357767732,91.26880628347898
246,1971,2,101.0,100.02751005430584,100.1547915577905,102.30966274530806,100.48065751369444
1835,1991,5,84.0,81.4579102685268,81.38255030392433,82.08642885480967,82.75797540735698
1417,1937,1,102.0,105.40733889628197,105.26483312144555,105.72893991012397,104.61356513752257
1128,1960,2,82.0,84.02094217089396,84.05918784689793,83.17079983963666,83.94676627629295
785,1974,3,77.0,76.70757852187607,77.17668423226883,73.35815750094305,75.43787819320404
1410,1929,2,88.0,87.84117569610368,87.90151613457842,88.37190562979752,89.12046623193426
490,2003,4,88.0,85.14841827076903,85.66041897746742,84.09661189989305,83.84482787321542
155,1989,2,63.0,67.15284945613055,66.92495931471083,69.80765114547869,70.12355372188688
1663,1971,2,67.0,64.67622420747792,64.63578663854558,67.05408058965389,64.98047457888205
962,2002,1,79.0,76.90273504913634,77.25819023796966,73.74328168788446,73.88166691069148
1687,1998,3,75.0,72.73012671115534,72.15437300127172,72.69555284023916,72.2870594988298
854,1911,1,89.0,82.00720742760167,82.7038128678029,80.86355571499917,79.98114383989636
1312,1992,4,90.0,92.56755508921643,92.62472221726156,93.99726420488432,93.63081761420905
626,1922,4,86.0,85.51020399802749,86.32590860489307,87.24599505828188,83.86167367001012
1816,1971,2,61.0,62.031546339416614,62.02866531844919,64.1404405485402,63.40556258531875
686,1983,1,74.0,70.67244809969141,70.80478505484474,68.17018615154937,69.12517993774227
2175,2008,1,79.0,76.0119882821551,75.94953112521256,72.61437192227991,75.80280149079411
1963,1973,3,88.0,87.10401869026855,87.21670736483803,86.75488214030544,84.85989395944343
570,1974,3,80.0,80.76328576688049,81.19805434733424,77.32197737670026,76.71916065800379
566,1970,1,56.0,60.5314441594473,60.15837316997441,62.68116999951228,61.390262128615845
1759,1959,1,78.0,72.0143662559165,71.98103616690493,74.10344718242713,73.5762953817912
1817,1972,1,58.0,57.85484672460641,57.96091307830339,57.97798697827311,57.33779974448173
18,1978,2,87.0,83.96269546781242,83.97689027644259,81.99790086223022,81.230640264795
128,1961,1,83.0,80.78578523621589,80.3967373702429,82.55944720149729,81.46733175838823
1347,1974,3,71.0,68.8535511932846,68.70480256692113,73.57969992790015,71.00948493448298
1280,1959,1,63.0,68.1082567367074,68.28285519805996,67.01964690789205,70.88180117884293
2248,1999,3,68.0,69.88799643358495,69.40574133396159,71.10168691234888,70.4007320172281
928,1988,5,88.0,84.48934258166246,84.57573090150187,85.17257980988988,85.26709586470962
981,1966,5,72.0,70.84386285730223,70.59013110937784,70.39757080899076,72.73846178873204
253,1978,2,90.0,85.79343847169989,85.99827089427887,81.14142724900992,80.96618817130798
191,1914,3,71.0,66.96447287895586,66.12867656777337,67.6123804009151,66.82232678007085
1140,1972,1,85.0,87.28278808044219,87.31205863750613,85.13540206477067,85.20027580792029
993,1978,2,74.0,75.6352180959155,75.43028982536279,77.49011356150157,79.02662509705438
700,1999,3,96.0,96.97928527887322,96.96698838578418,99.59397648703862,99.10451059866696
1123,1955,2,98.0,101.07333140346077,101.47416868254253,100.13090785689077,98.88047223335992
607,2014,4,73.0,69.05022009097769,69.39923342666228,69.65829158272676,69.11608408881315
181,1904,3,65.0,63.43668316831523,62.08569386061701,58.78184886648119,59.92662149300585
302,1917,4,90.0,91.5504237355714,91.7456698481658,93.55452323998126,91.02301412394098
497,2010,4,75.0,72.79907233164295,72.90165636261405,70.30447652604236,72.03831685151779
1373,2003,4,66.0,67.52206516969179,67.45655025118376,68.6807558266377,67.73831464331764
280,2008,1,68.0,70.42126043025215,70.08564591696229,72.10966620018324,70.50745713571295
1061,2004,5,58.0,59.146423528708425,58.8690021205913,60.00217676472386,61.87020484625769
2135,1965,1,70.0,66.85273902054007,66.87042824046463,67.29044402021132,67.67786500105615
1916,1926,5,74.0,73.02383165286126,73.03973709485739,74.70522744946872,77.58978103308229
2053,1955,2,68.0,66.1005809611474,65.93198900190853,66.38501632791782,67.50066658906248
518,1920,1,96.0,92.1233416386624,92.56439342122496,90.93254634618711,90.5397004046526
1397,1914,3,70.0,72.63300276325185,71.93065624519963,74.5710886615267,73.69333199889452
1070,2013,4,86.0,86.84781961721431,86.4966196152624,88.93207577711908,89.43226038026962
477,1988,5,77.0,74.46800168592058,74.15772857566918,73.94338187898722,77.6215314425612
158,1992,4,98.0,93.51478149951568,93.6168193337181,92.67911890993366,93.43083441539393
1244,1923,3,75.0,73.82479441618648,73.37645150333593,75.46605099135293,75.9285276165742
1196,1984,2,67.0,70.82477780822748,70.74386217581502,69.96287659939723,70.2359191058165
17,1977,4,74.0,79.57511340163994,79.97360852508365,79.8721589825489,80.80685459569011
1536,1950,1,52.0,54.75507451639217,54.456802846076386,56.38212493577791,53.46353897198602
1073,2016,5,81.0,76.24118985602802,75.99877469337822,74.88459025642311,76.30175126461
2250,2001,4,68.0,66.71106536458744,67.07447399106924,66.64464069043683,64.25852639540102
547,1951,3,81.0,85.23610988786105,86.12160025454831,84.19260855146061,84.00711289295897
1540,1954,5,51.0,43.78795340501574,44.37426373833001,49.043008465147835,49.7671410853927
659,1955,2,75.0,82.32461951926732,82.25411764296757,86.23178013653934,85.70819657076133
2036,1938,5,71.0,75.04715928695288,74.77552060789527,77.49204585299364,77.11668508791627
1853,2011,4,71.0,77.1078089826615,76.82791565956633,80.85510184655698,79.17408983750188
1020,2008,1,86.0,80.96917715371451,81.16540998515697,79.11887146471145,81.01258391202212
2068,1970,1,76.0,78.67012995639709,78.6942223559202,78.90185418675158,79.95627063607344
1505,1916,4,36.0,41.60315298903112,41.93803230159664,46.79298728528131,48.842455139377506
960,2000,1,79.0,75.67664231966457,75.48141470770108,74.6795313143399,75.09174772768924
2204,2000,1,83.0,77.19091182502571,77.07070873309803,75.51582760721533,76.96191032996539
284,2012,2,93.0,87.759988764539,88.15289659719079,88.06529402128287,86.49091594958712
1633,1941,2,43.0,44.45335525380993,44.792773597396,48.05848566304913,49.53142075511039
798,1988,5,78.0,78.15643696730382,78.70779310838924,75.8735026675508,80.43299835492131
2037,1939,2,92.0,94.26827563241714,94.04891543500437,92.39118190877451,92.6721301073294
226,1951,3,52.0,49.43004252134243,50.524475386070996,48.3068962135738,49.05487623786014
27,1988,5,75.0,74.62249290370596,74.90200554272548,74.13789399955576,74.51123533286477
2137,1967,5,76.0,72.32891966345025,72.31334769997287,73.7608906553374,70.44652208978867
1800,2003,4,75.0,78.62485595647605,78.65119926107545,77.49588721796637,77.96318703341264
438,1948,4,64.0,61.27908608339864,60.60680961341309,61.75393492990319,64.09596688474221
2238,1987,3,91.0,86.58932130402202,86.70831917668033,86.53938982509325,86.54797124922214
1389,1906,5,90.0,83.54176599841865,83.92276229672345,84.49586007636886,85.24194026032134
230,1955,2,57.0,53.79505322085508,53.80465274303216,56.37971132396139,55.16406501567367
38,2001,4,75.0,76.0662874220335,75.74351482668574,76.32323006054683,76.02727764709567
1694,2005,5,88.0,86.71957924301253,86.51208552684709,88.11672783088221,87.93235590397279
750,1938,5,86.0,82.0167168909467,81.8595860008381,82.97884976800596,82.26232511956644
1046,1987,3,83.0,79.23293081600242,78.77707849799846,78.16259178811259,80.31743790723495
1399,1916,4,80.0,80.98847644172872,80.44653934273285,79.50806933783254,78.0540519183189
470,1980,2,64.0,68.0738852859388,67.77074741313007,67.33418892338506,67.65607180793684
1907,1915,4,69.0,68.97307537687938,68.38457069945284,72.89762014987386,72.42372878636986
955,1993,5,64.0,66.43048158829048,66.11903821943801,67.82911900585832,67.61567970541263
2247,1998,3,65.0,66.00732474248863,65.4895749923792,68.29857394154395,66.53218961260235
688,1985,4,89.0,84.62999593471405,84.8195517208657,85.22026026430055,83.75394594529328
1057,2000,1,77.0,73.77426711265919,73.67786837328399,75.45268068677362,76.77827300150703
640,1936,1,74.0,73.06183535770126,73.31495039190172,74.67939701617084,74.81601560611857
2100,2005,5,100.0,98.34938146862785,98.4136427540497,97.0502451503063,97.53751604948529
1219,2009,1,80.0,78.9339689457634,78.77251167120586,76.94700026725447,77.55688360458512
1159,1992,4,63.0,67.80331274534217,67.28561515822327,68.28768335494237,70.06320810319876
1416,1936,1,102.0,105.24895548846057,104.80683131815313,103.59429936631165,102.70282615140684
2051,1953,1,83.0,85.83528053087068,85.28814248032343,86.29379970348026,87.12325855845548
1528,1942,2,55.0,50.93924160751251,50.96689988622218,51.131387700960275,49.41340028037688
1940,1950,1,86.0,84.91994938932146,84.98625931012289,84.88983661082386,84.90862274001391
2209,2005,5,80.0,84.17326236455968,83.84817691526031,86.58283254488899,86.69331042411608
1301,1980,2,77.0,76.05475127463181,76.44244643875479,73.91134896375138,73.1305734270438
2169,2002,1,72.0,75.44352136680328,75.32550150599978,75.94589052684653,77.01571620761574
801,1991,5,57.0,62.87345194630416,63.047069939457074,63.19794748249013,62.73628547415235
1604,1909,3,74.0,74.21350872134519,74.54032327467573,73.58055867049072,76.84895384069472
161,1997,3,101.0,101.09145765627329,101.2815082464093,101.76724093581754,100.66499818849996
2020,1922,4,85.0,77.84685195551174,77.12389988788658,80.29964529634444,80.39911611560187
1705,2016,5,71.0,66.3697468474314,66.72336545746808,64.94682782555799,65.4980400585404
957,1997,3,92.0,85.80915603093337,85.66791785109551,87.47584755566704,87.0517253920697
1744,1944,1,90.0,87.33828996978873,87.35191303308412,87.37852515892,88.12796218603066
1187,1974,3,76.0,76.63342044798297,76.54978955165595,77.4833392445924,78.36856438303856
822,2014,4,85.0,82.73449670857798,82.7444074741611,82.03106319392516,82.67631007904073
1730,1930,2,80.0,80.3921504392851,81.22319433499001,78.16586789076565,76.03438912293363
2205,2001,4,80.0,82.49469304399867,82.47380057925322,82.830345494437,82.0466936037767
878,1937,1,89.0,83.95822038027349,83.64367879381962,84.37919221736284,85.57343822712835
1920,1930,2,87.0,91.83310201264165,92.6010499708883,90.04881769383346,90.79555852158673
1885,2006,2,78.0,79.16702235482218,79.21722677959181,80.95931230975191,80.52927692070064
99,1932,2,77.0,74.84148924908807,75.246693759779,76.92186106052033,75.81803546658213
2225,1973,3,79.0,78.79448703102562,79.29830804412367,76.19737888349361,76.71812246480707
254,1979,3,102.0,97.70386193475258,97.68970940526356,96.21342320889842,95.50262114112721
104,1937,1,79.0,77.6710420642417,77.89058059099548,76.90599356954745,78.3939689684046
1446,1966,5,70.0,76.04942837321296,75.68627436234827,76.24043347364038,78.92131282552177
1444,1964,4,99.0,100.91686089345238,100.96838467749922,96.16309166618042,97.4638240777237
1649,1957,1,77.0,76.16758349835895,76.35414514330915,72.95203005337392,74.56686875580088
587,1992,4,86.0,88.8949835123294,88.9777329859871,90.81464877929018,88.3908517552828
628,1924,3,83.0,83.09751526490706,83.49260320525512,83.59043610533914,82.79362157501461
1697,2008,1,92.0,92.3347192816736,92.463496744208,94.00647730166229,93.96720448649147
404,1912,3,91.0,84.24469078170272,84.20102340820588,83.57923271351204,85.05809144026671
1155,1988,5,94.0,94.19782546394353,94.46442327817148,93.11113229401442,95.10909156843903
1683,1992,4,70.0,74.03455448133273,73.67885462098002,75.03217956730562,76.9325350558575
2057,1959,1,71.0,66.35071504674337,65.68258600835667,67.77399042235429,70.16683639298377
2153,1984,2,69.0,69.65399091105708,69.49694136185857,72.39719988856369,72.37901226300009
453,1963,3,82.0,79.47802849772525,79.33232563637027,80.38770336963094,79.61933139164864
1328,2010,4,94.0,91.8239471426619,91.70071403270427,92.52609520138468,91.74438352289278
2050,1952,5,88.0,82.38668672484783,82.43156447327792,81.01393076045147,82.45835061186176
881,1940,5,90.0,93.35845321649539,93.31807036651077,96.04346969508384,95.43082679677065
2206,2002,1,78.0,78.87321250388825,78.81078915917547,78.77570101421425,78.53306193191015
624,1920,1,82.0,85.6990309442792,86.81274163558868,84.50926671889889,84.08024939108786
1788,1989,2,74.0,77.1842899712848,76.80108777842685,75.47433180356722,77.5830515390012
263,1989,2,87.0,82.86764267928473,82.79795853279018,84.55786361465022,82.89907938888312
1635,1943,5,64.0,66.69264436599497,67.25100424618942,64.02147684653535,66.25290822673222
1439,1959,1,79.0,81.31661746129393,81.53691458144465,83.28752730501617,82.59828638104395
1970,1980,2,75.0,73.58740716923313,73.5530293148348,73.50402660938802,72.94549463196451
1803,2006,2,67.0,70.19407849966615,70.44470355399177,69.37894659175716,69.2437058488131
641,1937,1,56.0,67.34367893947504,67.81859843599825,66.65349850132216,68.83562178177444
2143,1973,3,57.0,59.28521926003452,59.45186058780263,54.35354759977348,56.63249854839558
1960,1970,1,86.0,83.06996648326087,83.58514518165885,80.55187242986024,81.88723163364195
489,2002,1,67.0,71.17932357318668,71.03781405450798,72.00159638451609,73.97271033366358
1844,2002,1,66.0,66.75997813371103,66.55750560660597,68.10048184417846,66.83320049944643
1735,1935,4,86.0,84.76675542631646,84.71190311061885,86.7495214258947,86.85384492489544
147,1980,2,81.0,76.58249956641323,76.470722300927,75.47547523698346,75.65621824288257
1535,1949,1,81.0,79.19757367173284,79.76498073480262,73.94410999350411,76.33331245496609
1987,2000,1,97.0,99.91411713637119,100.55867056967674,99.13278408600165,98.29501363339445
1370,2000,1,94.0,90.7746929863511,91.33186448026368,91.7552278274781,90.39046451461732
2220,2016,5,89.0,90.45226095766738,90.53070275872815,90.89710182733062,89.90633092198622
660,1956,3,91.0,89.53615307401692,89.64755646815027,86.85436477026887,87.24908928459531
1795,1998,3,69.0,73.73964008080104,73.47168553635024,72.75719044117935,73.31625804389942
187,1910,5,47.0,44.24282684139702,43.163792516027286,43.89458594149298,47.53535777694435
1148,1980,2,92.0,90.10942752674868,90.04538754515515,89.62960430082664,88.06692211814728
609,2016,5,78.0,79.05639148321995,79.03921095117023,77.14034662376457,77.61139462096881
1931,1941,2,74.0,72.40083416756603,72.649907574387,75.09253086208696,75.44776370113854
198,1923,3,74.0,74.18543986864333,74.32012992260027,77.01549099943963,74.96090988637786
294,1909,3,88.0,80.0440256617858,81.1293470120476,79.51792402869056,80.63689246775
767,1956,3,88.0,91.16584358066444,91.00311413577879,89.75050956656061,90.11858796225238
401,1909,3,104.0,105.60777632829102,105.33813653031116,103.93114690857014,102.65339300940728
123,1956,3,92.0,94.25772128076845,94.8094895833169,90.97914753107055,91.84278932314425
203,1928,4,82.0,80.80352266749468,80.67779007102494,78.45920271721334,78.87739089214439
836,2006,2,76.0,80.80350052258504,81.14805637879604,80.96906264565213,78.12419622875713
1440,1960,2,97.0,94.0862902652029,94.52448450388971,93.68545285503268,91.6017608626298
1734,1934,2,74.0,73.53534155147074,73.20005762445507,75.6868480436253,78.12079122194237
1696,2007,2,89.0,87.25693347592349,87.02660390008573,88.18014316994926,87.2692917330266
1708,1906,5,93.0,90.91729079296786,91.17490651405619,91.540864007402,91.03930907570161
2203,1999,3,84.0,82.74793604226714,82.55648703942924,83.67298608012777,84.01308991159983
1154,1987,3,73.0,74.51992669674998,73.86416483764643,73.34397854365409,74.77889835371673
1662,1970,1,73.0,69.26826967818369,69.29179599513381,66.9096423135323,65.10503488989757
1760,1960,2,95.0,93.9728303674352,94.06746039805918,92.02429203330144,92.78198724305823
855,1912,3,69.0,70.94642884512548,70.66105134558478,73.18609801025082,70.96836908291398
1590,2007,2,76.0,77.02214963794981,77.02497938431917,77.49005155296085,76.6693746916202
642,1938,5,82.0,83.92228182106061,84.19836554993144,86.74366024528794,86.33710180151914
2,1962,4,86.0,85.64940087881638,86.20509359283338,86.65785342438853,85.06052399810852
699,1998,3,77.0,79.42489082334656,78.95136004627035,79.388401416476,79.53597766778336
1637,1945,1,46.0,47.64313603918711,48.03218063756174,49.695508658649814,50.39682094209549
1292,1971,2,74.0,75.51168388612433,75.56340433841778,75.89504644869896,75.88458408788003
2161,1992,4,77.0,74.71486974138251,74.74052110856012,71.59914788671367,72.37455845328822
1521,1934,2,68.0,68.27593317918499,68.24892363943837,67.52131445522821,69.27831751562283
1854,2012,2,76.0,74.94721169137314,74.79221150099526,75.98320690667197,75.64038986495052
1137,1969,2,85.0,88.91513009310896,88.67348419251104,89.20956073008661,90.89712040105513
2192,1986,5,86.0,89.55472379862444,89.5777922721231,89.2683152075458,89.5646219739902
1632,1940,5,50.0,51.20979026724838,52.37456326262088,48.07242042371994,49.94643485272017
1999,2012,2,94.0,90.99546952172123,90.93318770547076,91.69449756124352,90.465773163625
664,1960,2,67.0,74.59200238737454,74.67931116081256,75.33784146153279,73.7958802010111
684,1980,2,89.0,85.57424883435864,85.6442721290062,85.0603101484523,84.29032608363224
1258,1937,1,73.0,69.74862132297045,70.00440014496955,69.01600382378898,69.11023662538258
318,1936,1,74.0,77.25051268179169,77.16356298047147,77.8517139207239,79.1564031325022
649,1945,1,61.0,57.716758335815335,57.49604160046309,59.25667276898459,59.78843884230841
1435,1955,2,96.0,97.86920370054929,97.98739319404626,96.64025275957111,97.56633601835733
1480,2003,4,101.0,98.67574713114129,99.07349165963967,100.34324301672223,98.04188773015115
710,2009,1,78.0,77.69441000291442,77.81627095324536,75.33667604980725,75.34346817040246
1283,1962,4,91.0,90.27544633504583,90.91498253813613,89.87251707418987,89.36293559599106
1769,1969,2,88.0,87.10063535520703,87.16071763345259,87.37395748325406,86.41072854297222
973,2013,4,62.0,65.2997978185896,65.29002571278055,66.68817401485465,65.71982932944653
1307,1987,3,85.0,78.85103563567718,78.89651034268289,78.91901561358468,78.61708118600271
1401,1920,1,95.0,97.09240857850934,96.98479766490716,97.20831052168818,97.35394535909363
1409,1928,4,101.0,98.19976685929328,97.95458866784385,97.1311977253807,95.82195748492484
1497,1908,5,68.0,67.31792634308486,67.70907199726511,67.0691500252664,67.7961358206521
2039,1941,2,97.0,92.18216789134802,92.37633536108679,92.67061457845433,91.47434198789917
1530,1944,1,72.0,70.3341717961779,70.4111380212894,68.9245323880248,69.65586992614523
1664,1972,1,59.0,61.08231531225742,60.846546620268164,64.15686794719288,64.40663204986076
1355,1983,1,68.0,66.93420597877612,66.64923208292939,66.00065107596228,66.82497291551351
2211,2007,2,83.0,87.10878964812058,87.20001751149846,86.92334659084966,87.62063328050668
2226,1974,3,79.0,78.35270936865338,78.46178969116566,78.15538875179521,79.31732423762497
1644,1952,5,87.0,89.29073101797565,89.55998873562257,88.02251128762757,86.31193261560324
1052,1993,5,84.0,81.74830364724131,82.26598100542716,81.81962573269273,81.0846872353575
796,1986,5,84.0,79.40173572810912,79.5477735263184,78.77530559884727,78.5278790620606
1598,2015,2,68.0,72.53572528905393,72.07621699851416,75.251913314208,75.92875824025826
1820,1975,5,71.0,65.75293045084156,65.54389717963346,67.89988407621473,65.29393568768019
1723,1923,3,87.0,83.68861489850802,84.00044679432612,86.13824956321497,85.77175203558231
1184,1971,2,69.0,71.1755287064961,71.1591178033758,71.68260879548632,71.29306413604161
1060,2003,4,83.0,78.26613881321873,78.69142170215294,76.89143237814632,76.56852631316794
541,1945,1,71.0,73.25001161672863,73.01333981133308,74.6647669048508,75.32300852962926
1679,1988,5,65.0,64.42554298426613,64.28255898435648,64.66627820653902,65.15612359504813
1758,1958,2,84.0,86.1200983775348,86.17111498339005,86.53532208901014,85.86443240734376
1924,1934,2,93.0,95.45562980989463,95.52088685713399,92.38132964060536,97.62783246357371
96,1929,2,56.0,57.51562991149507,57.2592448000552,56.82936818987022,58.42441534799561
1021,2009,1,74.0,70.3203306004729,70.52906464159898,67.77401491607264,67.89664864148425
564,1968,2,67.0,72.29908151719042,71.8590734340031,74.96925017399909,73.65765590668492
864,1923,3,83.0,84.67686402427367,83.99015689329813,86.75675674064416,85.79126588378607
1485,2008,1,89.0,86.55209252794239,86.63138415991932,87.45934249258768,87.14976175553407
1882,2003,4,93.0,93.28324712393582,93.18853146460354,94.6932295225285,94.02496311498217
1039,1979,3,85.0,83.42240208948479,83.40182100474087,83.4260546536688,83.33150261092969
207,1932,2,63.0,62.98325350227577,63.03766440018532,62.563293724934084,62.374090415132216
393,2014,4,71.0,71.47037250901609,71.5743388515753,71.51416688004599,70.17816128648698
871,1930,2,75.0,75.32653544842644,76.12101345644321,73.59570414805414,74.80605859831714
398,1906,5,116.0,113.66449945016612,113.70767072200644,104.96501391277211,103.90679959677075
2179,2012,2,93.0,91.55775098511648,91.8795129279481,90.50052945013412,91.52737665172901
1029,1969,2,69.0,69.33731033810464,69.33401825249157,71.8324479533085,69.54391773088346
1486,2009,1,103.0,97.87072093401085,97.98009349762509,96.00179240288729,96.95999606360174
961,2001,4,76.0,77.59565139674098,77.62609148965026,77.26370803756451,77.52145438454866
1571,1986,5,76.0,77.12251865775316,77.18667714821086,76.73654271696934,77.62363500363702
1896,1904,3,106.0,106.37097034958245,105.6378568767006,105.70504274188987,102.53012818381886
2147,1977,4,94.0,95.16936190732987,95.97215278491915,92.8675218777231,90.37465081663325
805,1997,3,86.0,83.73318011480215,83.28810706327641,86.72362851585062,83.71934391228193
1752,1952,5,42.0,43.16633371234323,43.25417500657802,46.45588616160718,48.25981898152044
503,2016,5,103.0,103.1499411297973,102.89612600102268,103.83100465098136,103.57862850488955
780,1969,2,62.0,62.86217635142016,62.968037194650584,63.661652000925564,62.84574589667557
1864,1983,1,60.0,63.08433194599135,62.692045766185245,63.268900376811004,63.52417310394642
201,1926,5,62.0,60.70183041495215,60.620309938172,58.75559684816058,59.70263960068859
2183,2016,5,95.0,85.87315452159767,86.3231725381205,86.26142356354535,86.00509686109424
2089,1992,4,83.0,86.07225041461137,85.90382266487275,84.74544627646326,84.51261742347516
1797,2000,1,69.0,69.39835348533727,69.33262552499461,69.26017607336173,70.60374431165286
379,2000,1,85.0,86.4597171052102,86.29737859361488,88.91103745555871,86.97631178274106
419,1929,2,98.0,99.75278738207693,100.07544811738923,96.96605137930422,95.62109970516555
1699,2010,4,97.0,93.51476974573893,93.33111961951411,93.54262622906921,93.32667607629674
392,2013,4,97.0,94.42404882631145,93.74804111745183,96.90449034537218,95.65139881431158
1523,1937,1,54.0,61.227261933131565,60.88419181909684,64.05914712304978,63.066176695211084
1163,1998,3,83.0,81.57576039154542,81.40485883389738,81.48473767582261,82.07524315349654
1496,1907,4,88.0,83.59602790361495,83.39919574995885,85.6374615239898,84.81025222075326
2028,1930,2,92.0,98.97132362567956,99.7169617123943,95.51249262170317,94.86816497801607
1153,1986,5,73.0,75.04402766296116,74.89134204269128,75.17001739271386,75.30238853318511
1368,1998,3,88.0,87.81463807712156,87.50549380573182,89.09090267844498,89.29692337870262
65,2009,1,70.0,74.35165663875468,74.04851329091667,74.55399805428553,74.02232756516086
2063,1965,1,80.0,83.86338969098463,83.67877158503899,84.35892480447984,84.29836515906437
1181,2016,5,91.0,91.19928545943235,91.4668246096243,91.25723069362057,92.16396315300261
493,2006,2,66.0,67.6264094517347,67.67345611545944,66.43797446302911,67.94832783173239
380,2001,4,82.0,85.25346028140638,85.2825418273338,85.62868376204617,86.71272283197038
764,1953,1,92.0,89.63496794313312,89.88804051239093,91.1403598677864,91.59699611989664
792,1982,5,78.0,75.48520093249108,75.81475090116318,75.08686960643257,74.68810094630109
1077,1907,4,65.0,67.01389497282004,67.14186047866332,66.48485074291902,66.34578872495267
879,1938,5,84.0,79.33865658322324,79.01323653964928,82.6570994782631,81.31521490323699
338,1956,3,84.0,80.90398949098663,81.46668870051126,80.5788784707818,79.43031539316358
1017,2005,5,89.0,89.70830787209493,89.82503288989251,90.24368099683693,90.7552794741204
1276,1955,2,53.0,55.82554025603457,55.89753201237188,56.95032746341551,59.27990652045672
456,1966,5,59.0,63.547376587544925,63.44405020700105,62.51626276353488,61.869242854490984
816,2008,1,81.0,82.3021436219208,82.06639352941299,83.9379652335262,83.26667202786814
996,1982,5,77.0,75.03251531741644,74.84881703512458,74.53461742452978,75.602240232683
1982,1993,5,103.0,98.31896755594974,98.45779807305712,97.9993000729262,96.96463654801816
202,1927,4,59.0,60.22423182230335,60.48950028977795,56.85786877504157,60.73562836853017
162,1998,3,106.0,106.1499310251123,106.8230008773179,102.31789435603324,102.21346497041232
1580,1997,3,65.0,63.89996702239481,63.79826134781753,66.65777916341875,64.14042783521255
703,2002,1,78.0,76.74543975148255,77.0628847751135,73.54736251684069,73.74649279755258
1501,1912,3,90.0,87.05790397360737,87.59310893042506,88.64863303677058,87.0199006175191
1130,1962,4,102.0,99.51689356394806,100.84988778090637,97.24957514070024,96.70226208313274
1022,2010,4,76.0,70.42238243470337,70.62051704886201,71.87298856980229,72.45714846053575
1586,2003,4,96.0,93.21613887649735,93.2092612394947,94.4142224062943,95.50053328063461
1956,1966,5,93.0,87.69050877312408,87.98083206572832,87.89115549458657,84.54912257060637
35,1998,3,85.0,81.93047155602969,81.30218953112734,84.67312835596015,85.02667740797077
776,1965,1,87.0,89.43844180058598,89.79305161599609,87.86788640657369,86.97052682771412
1479,2002,1,103.0,102.50510517741614,102.7088829060697,101.25661359656718,99.31311152522048
1391,1908,5,51.0,46.72013104036489,46.14638258859604,48.72143200154206,47.94632457269028
2140,1970,1,70.0,75.14097533446387,74.91728857803677,72.53276963522661,72.83667960497574
1364,1992,4,72.0,73.27980994832646,73.08150900640803,76.03544229952611,74.70343330244641
2042,1944,1,105.0,107.52164225366013,107.47204510891584,105.60153152481392,105.32137269049827
242,1967,5,76.0,86.71963188121846,86.63792743409213,87.3828984183134,86.6518797864933
2062,1964,4,93.0,87.60327545576476,87.37970126774756,86.01901039606656,87.45598568136538
601,2008,1,89.0,87.59401428948999,87.99429317980136,86.73652758834481,85.7713175197511
1298,1977,4,84.0,84.80381809729693,84.55587122582885,86.83868364521598,86.90439550191448
2215,2011,4,81.0,77.23066498814724,77.1004518750876,77.21307557952677,75.4235262354743
2069,1971,2,90.0,84.89980538346171,85.2400093207857,84.34307891434987,84.47722789294747
647,1943,5,87.0,85.66114340609892,86.1405439673591,84.82696063932893,84.07586085796305
1529,1943,5,49.0,55.43660509743245,56.1636768234071,54.724255219455806,53.86542014355688
1268,1947,4,64.0,59.50182606763035,59.56784339381629,56.51013330509572,56.14501460243878
1900,1908,5,98.0,104.71021327166889,105.79180158747198,102.92054437969007,102.88087192553776
563,1967,5,89.0,88.76773010823982,88.07554853063486,89.54689632774047,89.09698586038255
190,1913,4,57.0,64.2551705090957,63.57356714833639,64.05790236007158,65.29845194916612
1807,2010,4,57.0,52.057543963165244,51.85715738561389,53.556695493433075,52.08586216461741
976,2016,5,79.0,81.04455363517926,81.00924816445249,80.6288637212715,82.60529736129541
2048,1950,1,78.0,74.75958690879938,74.23843280540153,75.84190835354212,79.14482322804707
1083,1913,4,65.0,71.82156241503758,71.39896875850272,75.03330961561379,74.8332037085034
475,1986,5,70.0,72.20782947943758,72.17539512686761,72.89492251391225,72.34512977910636
748,1936,1,80.0,82.28684667927592,81.87782462526599,80.25086279789724,84.58956276074268
22,1983,1,70.0,73.27343131301582,73.41111201880229,71.29012527645449,72.8463633621709
460,1970,1,84.0,91.07220428780218,91.07342587193637,90.66277089033035,91.82946798490916
1185,1972,1,65.0,68.49529522256209,68.2559182742316,68.7358728712403,68.41020278542514
956,1996,3,80.0,78.58292780718418,78.33982713927448,79.96445013529532,79.48359242813027
1216,2006,2,75.0,74.78835462268381,75.33913159865975,71.90269203864071,72.75630146291802
1516,1929,2,104.0,103.7186209669887,103.83222113184942,100.13384041155771,101.47968928340774
770,1959,1,89.0,85.91210590177049,86.52295488281715,85.81264079042495,88.3335971137517
1686,1997,3,68.0,63.99108692051098,63.67073117336153,63.658655759512676,63.06272336011932
131,1964,4,88.0,88.62213302261556,88.5548614577949,87.09051455728304,87.38240336708827
2136,1966,5,71.0,68.4455468214147,68.29141072466848,66.43523527001071,66.30975754439085
1483,2006,2,97.0,94.95616126971207,94.89160381614536,95.51759535857012,95.55253027624317
331,1949,1,96.0,99.89763152651517,100.04336377892055,94.56289972939311,97.31994243881829
1239,1916,4,76.0,76.25534702367756,75.82653288851914,75.06898539152984,74.66364563665154
467,1977,4,81.0,79.82008773524112,79.6901642141853,76.7010270226202,77.41047540742274
2170,2003,4,71.0,70.3391215002615,70.26440247060461,71.6701572902192,71.7461131807666
1639,1947,4,62.0,67.22193327175317,67.34616918495074,65.39890229920817,67.66466613347868
1096,1928,4,77.0,80.92334378264277,80.51520524538638,80.22926930515591,80.0383641715343
1131,1963,3,99.0,92.79817102322383,93.5657132081856,92.01287563038144,91.0919468267825
1295,1974,3,82.0,80.07900120804172,79.72157976272585,80.00376455284075,80.81451282473768
861,1920,1,61.0,62.64994566811997,63.8927188337273,57.78855929127831,58.68125105241112
